date,total_federal_debt_usd,debt_held_by_public_usd,intragovernmental_holdings_usd
1993-04-01,4225873987843.44,,
1993-04-02,4233931445349.25,,
1993-04-05,4234896272588.71,,
1993-04-06,4235831062753.04,,
1993-04-07,4246168040810.56,,
1993-04-08,4242020324803.27,,
1993-04-09,4238714749237.27,,
1993-04-12,4241098341044.86,,
1993-04-13,4242477932899.60,,
1993-04-14,4244194263335.02,,
1993-04-15,4249993950091.44,,
1993-04-16,4251467295773.57,,
1993-04-19,4253000590694.58,,
1993-04-20,4254483393350.16,,
1993-04-21,4257525633707.19,,
1993-04-22,4228120864442.92,,
1993-04-23,4230203486737.45,,
1993-04-26,4232458084694.47,,
1993-04-27,4234898715570.45,,
1993-04-28,4238574107662.18,,
1993-04-29,4237170727243.28,,
1993-04-30,4254084170636.01,,
1993-05-03,4238348617824.55,,
1993-05-04,4240752224351.55,,
1993-05-05,4243812928219.24,,
1993-05-06,4244489820621.44,,
1993-05-07,4240467481424.38,,
1993-05-10,4239181013973.83,,
1993-05-11,4241563251233.22,,
1993-05-12,4245569745868.36,,
1993-05-13,4247268504239.08,,
1993-05-14,4247908515485.90,,
1993-05-17,4282840338892.20,,
1993-05-18,4284319830220.98,,
1993-05-19,4285942530790.21,,
1993-05-20,4287296327978.00,,
1993-05-21,4287849937583.96,,
1993-05-24,4289248864590.92,,
1993-05-25,4289997991055.52,,
1993-05-26,4293295034918.79,,
1993-05-27,4295640444150.75,,
1993-05-28,4296278014612.43,,
1993-06-01,4304846924516.35,,
1993-06-02,4301597684725.47,,
1993-06-03,4294168230173.50,,
1993-06-04,4301347713341.66,,
1993-06-07,4301281229791.00,,
1993-06-08,4303726252363.71,,
1993-06-09,4300363069605.66,,
1993-06-10,4298707666818.39,,
1993-06-11,4300437428305.74,,
1993-06-14,4301108267950.79,,
1993-06-15,4301302751632.55,,
1993-06-16,4302702770198.75,,
1993-06-17,4296788021011.13,,
1993-06-18,4296985941229.90,,
1993-06-21,4298022359229.61,,
1993-06-22,4299889449998.07,,
1993-06-23,4302429272488.54,,
1993-06-24,4304357332097.66,,
1993-06-25,4305268550989.52,,
1993-06-28,4308429367169.37,,
1993-06-29,4309613793364.13,,
1993-06-30,4351950333834.76,,
1993-07-01,4346364235426.75,,
1993-07-02,4336425589564.94,,
1993-07-06,4337115603632.49,,
1993-07-07,4337775212166.64,,
1993-07-08,4340814508845.90,,
1993-07-09,4336575146686.68,,
1993-07-12,4333686507733.04,,
1993-07-13,4335589907030.89,,
1993-07-14,4336911526100.26,,
1993-07-15,4333088457842.09,,
1993-07-16,4334092903543.66,,
1993-07-19,4334398784435.69,,
1993-07-20,4335488071744.30,,
1993-07-21,4336608558720.53,,
1993-07-22,4340981032082.67,,
1993-07-23,4342543241528.91,,
1993-07-26,4343781271134.35,,
1993-07-27,4346077874112.13,,
1993-07-28,4348145703496.26,,
1993-07-29,4352487844872.15,,
1993-07-30,4350260845100.30,,
1993-08-02,4360010907754.76,,
1993-08-03,4352794596878.03,,
1993-08-04,4355231149967.19,,
1993-08-05,4359518864582.46,,
1993-08-06,4355101320997.57,,
1993-08-09,4351854475662.86,,
1993-08-10,4353854475662.86,,
1993-08-11,4355722017571.74,,
1993-08-12,4359136129737.25,,
1993-08-13,4359628169239.52,,
1993-08-16,4374900792622.60,,
1993-08-17,4375854177681.80,,
1993-08-18,4376450226589.55,,
1993-08-19,4377925283974.00,,
1993-08-20,4378964399702.83,,
1993-08-23,4380315357481.31,,
1993-08-24,4381417735543.13,,
1993-08-25,4383913192933.69,,
1993-08-26,4386242601442.26,,
1993-08-27,4387152370132.05,,
1993-08-30,4387703056421.76,,
1993-08-31,4403247046170.58,,
1993-09-01,4398851455983.04,,
1993-09-02,4399264114272.59,,
1993-09-03,4390740764704.03,,
1993-09-07,4390677349818.20,,
1993-09-08,4391317318053.12,,
1993-09-09,4389196193736.30,,
1993-09-10,4384113738028.86,,
1993-09-13,4385326046894.20,,
1993-09-14,4387136569001.27,,
1993-09-15,4388002889928.69,,
1993-09-16,4388881973462.74,,
1993-09-17,4389958226339.71,,
1993-09-20,4390873657386.08,,
1993-09-21,4392902007724.38,,
1993-09-22,4395747736884.79,,
1993-09-23,4380953238289.83,,
1993-09-24,4381848418221.23,,
1993-09-27,4384313074547.91,,
1993-09-28,4386348704685.85,,
1993-09-29,4387836063260.07,,
1993-09-30,4411488883139.38,,
1993-10-01,4406339573433.47,,
1993-10-04,4407769734324.50,,
1993-10-05,4407913021123.68,,
1993-10-06,4404063184112.24,,
1993-10-07,4399632555295.61,,
1993-10-08,4400577921150.46,,
1993-10-12,4401394660183.90,,
1993-10-13,4403484617386.01,,
1993-10-14,4407559575803.59,,
1993-10-15,4401817309864.52,,
1993-10-18,4401988615772.60,,
1993-10-19,4403899372803.47,,
1993-10-20,4405120107183.66,,
1993-10-21,4410416970918.07,,
1993-10-22,4410675644206.33,,
1993-10-25,4411590498137.31,,
1993-10-26,4413051004954.02,,
1993-10-27,4415934724518.77,,
1993-10-28,4420682377339.12,,
1993-10-29,4422511446437.79,,
1993-11-01,4432423020228.89,,
1993-11-02,4432981908566.84,,
1993-11-03,4424959774661.34,,
1993-11-04,4429229286675.85,,
1993-11-05,4429513344083.03,,
1993-11-08,4427227098976.32,,
1993-11-09,4423280357586.04,,
1993-11-10,4436706568254.08,,
1993-11-12,4441829747363.07,,
1993-11-15,4459587095853.55,,
1993-11-16,4461657354035.12,,
1993-11-17,4462811124306.37,,
1993-11-18,4468602585525.90,,
1993-11-19,4469104230006.99,,
1993-11-22,4446980042700.48,,
1993-11-23,4469257508771.35,,
1993-11-24,4471916289052.68,,
1993-11-26,4475896342183.87,,
1993-11-29,4476471414720.95,,
1993-11-30,4493535023468.35,,
1993-12-01,4487484404600.98,,
1993-12-02,4492557369352.72,,
1993-12-03,4481375688607.10,,
1993-12-06,4484408014063.05,,
1993-12-07,4485193684299.35,,
1993-12-08,4483205207438.03,,
1993-12-09,4482214842220.22,,
1993-12-10,4482979344725.28,,
1993-12-13,4483553424318.94,,
1993-12-14,4484920299350.18,,
1993-12-15,4483566978158.40,,
1993-12-16,4475488749387.26,,
1993-12-17,4474428988250.30,,
1993-12-20,4475119374002.10,,
1993-12-21,4476108119844.42,,
1993-12-22,4477483761876.61,,
1993-12-23,4482639255164.41,,
1993-12-24,4482898206840.89,,
1993-12-27,4484993187841.98,,
1993-12-28,4484718968501.49,,
1993-12-29,4487921628155.12,,
1993-12-30,4495714265970.33,,
1993-12-31,4535687054406.14,,
1994-01-03,4512315337989.71,,
1994-01-04,4514021907284.23,,
1994-01-05,4516387819244.73,,
1994-01-06,4517953822941.37,,
1994-01-07,4514706278334.71,,
1994-01-10,4516730850698.17,,
1994-01-11,4518782808146.08,,
1994-01-12,4522329377063.55,,
1994-01-13,4523919573223.95,,
1994-01-14,4522212573499.07,,
1994-01-18,4514736514189.77,,
1994-01-19,4515987114436.01,,
1994-01-20,4500676535249.79,,
1994-01-21,4503707505503.35,,
1994-01-24,4506790072963.29,,
1994-01-25,4508807864929.16,,
1994-01-26,4511229509376.83,,
1994-01-27,4514178001553.17,,
1994-01-28,4512950244156.40,,
1994-01-31,4526307553267.04,,
1994-02-01,4522736108206.24,,
1994-02-02,4524359010160.50,,
1994-02-03,4515062063163.40,,
1994-02-04,4516285879522.82,,
1994-02-07,4517324862004.37,,
1994-02-08,4516106312578.34,,
1994-02-09,4518431105010.62,,
1994-02-10,4515952312710.58,,
1994-02-11,4514954984591.65,,
1994-02-14,4516567931824.39,,
1994-02-15,4536507851740.00,,
1994-02-16,4537893543117.78,,
1994-02-17,4538441806791.77,,
1994-02-18,4539326517316.73,,
1994-02-22,4540131894166.17,,
1994-02-23,4541171125410.40,,
1994-02-24,4541554540331.42,,
1994-02-25,4543467032059.70,,
1994-02-28,4559540702805.73,,
1994-03-01,4554537138169.09,,
1994-03-02,4554851980565.91,,
1994-03-03,4546225105029.18,,
1994-03-04,4546834147895.68,,
1994-03-07,4547792538698.51,,
1994-03-08,4545813542657.08,,
1994-03-09,4542638243462.87,,
1994-03-10,4546800625410.70,,
1994-03-11,4547623290595.66,,
1994-03-14,4548393027513.76,,
1994-03-15,4549059128033.88,,
1994-03-16,4550473471421.39,,
1994-03-17,4553032198636.19,,
1994-03-18,4554110591484.90,,
1994-03-21,4555501220614.40,,
1994-03-22,4557219560535.33,,
1994-03-23,4559372110731.72,,
1994-03-24,4556298849924.14,,
1994-03-25,4556330513271.10,,
1994-03-28,4557424052378.25,,
1994-03-29,4558844772680.34,,
1994-03-30,4558423582325.07,,
1994-03-31,4575869228916.28,,
1994-04-01,4560799553874.03,,
1994-04-04,4562450501164.20,,
1994-04-05,4563212317758.84,,
1994-04-06,4560263556328.42,,
1994-04-07,4559253243772.91,,
1994-04-08,4560730816474.55,,
1994-04-11,4561843058631.29,,
1994-04-12,4565109054876.30,,
1994-04-13,4567991735352.46,,
1994-04-14,4567340404084.08,,
1994-04-15,4561678898469.51,,
1994-04-18,4563273358539.03,,
1994-04-19,4565951484411.43,,
1994-04-20,4569088240246.36,,
1994-04-21,4555161011185.26,,
1994-04-22,4556260606187.54,,
1994-04-25,4558348698138.33,,
1994-04-26,4561450751567.66,,
1994-04-27,4562362531539.75,,
1994-04-28,4564294768449.74,,
1994-04-29,4568703508047.36,,
1994-05-02,4577740134850.29,,
1994-05-03,4569523962905.25,,
1994-05-04,4572994578427.95,,
1994-05-05,4573713001135.78,,
1994-05-06,4571838912004.05,,
1994-05-09,4569344570621.63,,
1994-05-10,4571812500249.97,,
1994-05-11,4575658788945.38,,
1994-05-12,4577406243429.53,,
1994-05-13,4579501883465.93,,
1994-05-16,4587879355962.65,,
1994-05-17,4588708682253.76,,
1994-05-18,4590201572619.26,,
1994-05-19,4588986595041.71,,
1994-05-20,4589268567599.52,,
1994-05-23,4590487523297.75,,
1994-05-24,4591881334308.86,,
1994-05-25,4594145784621.78,,
1994-05-26,4596085184159.39,,
1994-05-27,4596836893746.15,,
1994-05-31,4609296212021.38,,
1994-06-01,4603368349595.98,,
1994-06-02,4602360218238.55,,
1994-06-03,4605744020105.63,,
1994-06-06,4605340458317.52,,
1994-06-07,4606571769797.43,,
1994-06-08,4605625636684.88,,
1994-06-09,4601856248523.77,,
1994-06-10,4603988548096.54,,
1994-06-13,4604542562566.93,,
1994-06-14,4605761962704.33,,
1994-06-15,4607232272443.64,,
1994-06-16,4592643332050.47,,
1994-06-17,4591908053316.92,,
1994-06-20,4592530655789.90,,
1994-06-21,4594504756753.85,,
1994-06-22,4597074632951.03,,
1994-06-23,4598157611751.62,,
1994-06-24,4600321064126.02,,
1994-06-27,4601447421459.43,,
1994-06-28,4603689750246.51,,
1994-06-29,4604969673918.82,,
1994-06-30,4645801898177.58,,
1994-07-01,4626913964549.58,,
1994-07-05,4627743677493.56,,
1994-07-06,4628084320614.18,,
1994-07-07,4623725224671.35,,
1994-07-08,4618832031822.90,,
1994-07-11,4620363003746.37,,
1994-07-12,4621828111034.37,,
1994-07-13,4624337130856.67,,
1994-07-14,4624995772750.82,,
1994-07-15,4624151825603.72,,
1994-07-18,4624283138985.72,,
1994-07-19,4625471848736.48,,
1994-07-20,4626395216597.95,,
1994-07-21,4628451509457.37,,
1994-07-22,4629650492223.25,,
1994-07-25,4631353530795.77,,
1994-07-26,4632296732963.69,,
1994-07-27,4634714547116.98,,
1994-07-28,4638859244759.68,,
1994-07-29,4636361778400.62,,
1994-08-01,4646032422560.35,,
1994-08-02,4648620283828.45,,
1994-08-03,4640189985631.40,,
1994-08-04,4643454831491.69,,
1994-08-05,4646465314008.39,,
1994-08-08,4644723889704.80,,
1994-08-09,4641220157276.19,,
1994-08-10,4644509290127.79,,
1994-08-11,4654161184155.52,,
1994-08-12,4645748084784.22,,
1994-08-15,4666432889364.19,,
1994-08-16,4667394077182.19,,
1994-08-17,4668682813919.54,,
1994-08-18,4670703740629.23,,
1994-08-19,4671523175439.78,,
1994-08-22,4672637285384.26,,
1994-08-23,4674171453528.20,,
1994-08-24,4676085711642.38,,
1994-08-25,4676656525304.23,,
1994-08-26,4677400450613.70,,
1994-08-29,4677964690032.83,,
1994-08-30,4678494437271.59,,
1994-08-31,4691991360873.49,,
1994-09-01,4685830467765.89,,
1994-09-02,4675955137914.09,,
1994-09-06,4683566734793.49,,
1994-09-07,4683503948591.25,,
1994-09-08,4679340393862.28,,
1994-09-09,4679665237940.93,,
1994-09-12,4680078443187.46,,
1994-09-13,4681594117770.50,,
1994-09-14,4683788161664.83,,
1994-09-15,4683900250184.36,,
1994-09-16,4681046608542.73,,
1994-09-19,4682002443828.35,,
1994-09-20,4683866175111.68,,
1994-09-21,4685968520515.35,,
1994-09-22,4666416745637.56,,
1994-09-23,4667471330077.67,,
1994-09-26,4668220908307.74,,
1994-09-27,4670105589039.37,,
1994-09-28,4672476525565.65,,
1994-09-29,4669822761500.75,,
1994-09-30,4692749910013.32,,
1994-10-03,4686470224029.22,,
1994-10-04,4692027127611.35,,
1994-10-05,4692972690839.51,,
1994-10-06,4690448546845.94,,
1994-10-07,4684785137237.74,,
1994-10-11,4685664185141.19,,
1994-10-12,4686726849470.32,,
1994-10-13,4690873758923.63,,
1994-10-14,4691919831834.43,,
1994-10-17,4700603544181.15,,
1994-10-18,4702052606831.60,,
1994-10-19,4705194536137.76,,
1994-10-20,4709360839619.99,,
1994-10-21,4709803766992.14,,
1994-10-24,4710155051219.92,,
1994-10-25,4711435322242.80,,
1994-10-26,4713110339296.37,,
1994-10-27,4716777169470.40,,
1994-10-28,4717703762076.80,,
1994-10-31,4734167494604.92,,
1994-11-01,4728710245046.54,,
1994-11-02,4730360777169.90,,
1994-11-03,4723728720887.67,,
1994-11-04,4723801456779.97,,
1994-11-07,4726116254881.86,,
1994-11-08,4724108775861.09,,
1994-11-09,4720918598570.58,,
1994-11-10,4725484112561.45,,
1994-11-14,4726480696541.79,,
1994-11-15,4747133143337.40,,
1994-11-16,4748423409957.24,,
1994-11-17,4752751947096.51,,
1994-11-18,4752721904129.25,,
1994-11-21,4752358787370.99,,
1994-11-22,4753349619728.80,,
1994-11-23,4756352531994.98,,
1994-11-25,4757937384552.14,,
1994-11-28,4759195033663.16,,
1994-11-29,4761962482184.16,,
1994-11-30,4778520357397.26,,
1994-12-01,4774851353596.54,,
1994-12-02,4770595623082.50,,
1994-12-05,4770672811212.89,,
1994-12-06,4771162006639.37,,
1994-12-07,4768441826370.45,,
1994-12-08,4767801453544.04,,
1994-12-09,4768497293271.79,,
1994-12-12,4769782126264.33,,
1994-12-13,4770852692223.96,,
1994-12-14,4771901414715.12,,
1994-12-15,4777129829728.52,,
1994-12-16,4776074214651.76,,
1994-12-19,4776288599544.28,,
1994-12-20,4777315284826.42,,
1994-12-21,4780157123354.61,,
1994-12-22,4747972364328.13,,
1994-12-23,4749591978631.87,,
1994-12-27,4751232962698.77,,
1994-12-28,4752191798879.45,,
1994-12-29,4758798810890.53,,
1994-12-30,4800149946143.75,,
1995-01-03,4798116945333.39,,
1995-01-04,4801793426032.89,,
1995-01-05,4805635231225.14,,
1995-01-06,4802133808513.71,,
1995-01-09,4795838481378.56,,
1995-01-10,4798792100063.36,,
1995-01-11,4802565300968.62,,
1995-01-12,4809182675997.48,,
1995-01-13,4808661268393.04,,
1995-01-17,4802867735976.01,,
1995-01-18,4806933452098.25,,
1995-01-19,4795323651745.86,,
1995-01-20,4796537934595.60,,
1995-01-23,4796793782628.86,,
1995-01-24,4799369247041.81,,
1995-01-25,4800103843645.88,,
1995-01-26,4801405175294.28,,
1995-01-27,4805320933038.83,,
1995-01-30,4803795968326.50,,
1995-01-31,4815826745802.15,,
1995-02-01,4810859576867.71,,
1995-02-02,4814204062209.10,,
1995-02-03,4804726503001.28,,
1995-02-06,4804906983189.27,,
1995-02-07,4806972690433.20,,
1995-02-08,4805605149692.51,,
1995-02-09,4803442790295.83,,
1995-02-10,4805266970855.19,,
1995-02-13,4805964501071.04,,
1995-02-14,4807066615385.66,,
1995-02-15,4828675772079.58,,
1995-02-16,4831275449999.14,,
1995-02-17,4832691534293.19,,
1995-02-21,4834640034065.84,,
1995-02-22,4835998510879.83,,
1995-02-23,4837336500173.73,,
1995-02-24,4838340257340.71,,
1995-02-27,4839489409270.31,,
1995-02-28,4854297850590.37,,
1995-03-01,4848389403816.26,,
1995-03-02,4851006718917.40,,
1995-03-03,4840472285419.16,,
1995-03-06,4840905153915.08,,
1995-03-07,4851012058348.35,,
1995-03-08,4848281758236.20,,
1995-03-09,4846101629353.21,,
1995-03-10,4847327170052.23,,
1995-03-13,4848746228974.46,,
1995-03-14,4846819443348.28,,
1995-03-15,4847771555727.54,,
1995-03-16,4840322581646.83,,
1995-03-17,4841551787157.03,,
1995-03-20,4842719633258.54,,
1995-03-21,4843694087008.02,,
1995-03-22,4844512611537.49,,
1995-03-23,4845959175160.98,,
1995-03-24,4846988457046.59,,
1995-03-27,4847680358682.01,,
1995-03-28,4849995857343.69,,
1995-03-29,4851857494143.63,,
1995-03-30,4852914736954.80,,
1995-03-31,4864115841256.92,,
1995-04-03,4873480746464.74,,
1995-04-04,4876206792345.50,,
1995-04-05,4878158190719.92,,
1995-04-06,4872967679626.75,,
1995-04-07,4868501895533.16,,
1995-04-10,4869422958042.74,,
1995-04-11,4871386025410.40,,
1995-04-12,4874100954941.48,,
1995-04-13,4872243621264.57,,
1995-04-14,4873406295208.08,,
1995-04-17,4869198000205.99,,
1995-04-18,4871223485486.95,,
1995-04-19,4871309823702.90,,
1995-04-20,4836075862155.60,,
1995-04-21,4837382183299.27,,
1995-04-24,4839548467525.15,,
1995-04-25,4842767648608.66,,
1995-04-26,4848088938567.74,,
1995-04-27,4846775908243.10,,
1995-04-28,4852327350096.60,,
1995-05-01,4860333100308.86,,
1995-05-02,4859125275200.95,,
1995-05-03,4855154897104.21,,
1995-05-04,4854832235127.63,,
1995-05-05,4857682676296.70,,
1995-05-08,4856502980514.90,,
1995-05-09,4853699696611.41,,
1995-05-10,4856766568058.09,,
1995-05-11,4856339258780.63,,
1995-05-12,4859130968274.89,,
1995-05-15,4881377281278.42,,
1995-05-16,4882765436860.06,,
1995-05-17,4884246600937.11,,
1995-05-18,4885256391108.42,,
1995-05-19,4883151973639.38,,
1995-05-22,4883843317167.73,,
1995-05-23,4885334984188.51,,
1995-05-24,4887785166023.46,,
1995-05-25,4891247403074.28,,
1995-05-26,4892454219535.91,,
1995-05-30,4893069233101.61,,
1995-05-31,4903925978763.93,,
1995-06-01,4900552909159.83,,
1995-06-02,4902882032835.06,,
1995-06-05,4903927957327.07,,
1995-06-06,4904368578709.58,,
1995-06-07,4902043504916.54,,
1995-06-08,4898195057095.85,,
1995-06-09,4899367488389.95,,
1995-06-12,4901416297287.27,,
1995-06-13,4903284242955.00,,
1995-06-14,4905557258890.90,,
1995-06-15,4893073460637.78,,
1995-06-16,4892368600316.89,,
1995-06-19,4892922141296.33,,
1995-06-20,4895341208279.21,,
1995-06-21,4898068854045.71,,
1995-06-22,4885968241521.21,,
1995-06-23,4887614064494.86,,
1995-06-26,4889052929226.24,,
1995-06-27,4890154885704.22,,
1995-06-28,4892751687771.67,,
1995-06-29,4898835701662.79,,
1995-06-30,4951372092079.13,,
1995-07-03,4929941617599.18,,
1995-07-05,4929654965732.23,,
1995-07-06,4933121223802.32,,
1995-07-07,4929459412839.22,,
1995-07-10,4924014991181.29,,
1995-07-11,4925464401230.13,,
1995-07-12,4927810673266.79,,
1995-07-13,4933342394729.43,,
1995-07-14,4933039330339.52,,
1995-07-17,4927653309340.54,,
1995-07-18,4929786301717.48,,
1995-07-19,4932430021919.50,,
1995-07-20,4935796845291.29,,
1995-07-21,4936735579244.31,,
1995-07-24,4938384897270.48,,
1995-07-25,4940346340499.40,,
1995-07-26,4941608987271.97,,
1995-07-27,4948216665542.90,,
1995-07-28,4948204552522.39,,
1995-07-31,4960151653142.55,,
1995-08-01,4954700676689.14,,
1995-08-02,4956664786501.42,,
1995-08-03,4944455888709.39,,
1995-08-04,4945941078492.53,,
1995-08-07,4946673660276.63,,
1995-08-08,4945212125332.53,,
1995-08-09,4942218005858.98,,
1995-08-10,4943017430508.20,,
1995-08-11,4942352827503.47,,
1995-08-14,4942932713160.94,,
1995-08-15,4954423077480.32,,
1995-08-16,4955145738678.78,,
1995-08-17,4954011603857.10,,
1995-08-18,4954742485426.39,,
1995-08-21,4956434321057.59,,
1995-08-22,4957462651155.52,,
1995-08-23,4959228737168.46,,
1995-08-24,4959431847054.01,,
1995-08-25,4959828012973.12,,
1995-08-28,4959944054748.31,,
1995-08-29,4961797957076.40,,
1995-08-30,4963361008830.88,,
1995-08-31,4970755679060.21,,
1995-09-01,4968255379449.49,,
1995-09-05,4968612934278.22,,
1995-09-06,4969749463346.30,,
1995-09-07,4968651845437.79,,
1995-09-08,4962703726882.93,,
1995-09-11,4962944077933.57,,
1995-09-12,4964465905748.40,,
1995-09-13,4967410712825.60,,
1995-09-14,4968803366390.98,,
1995-09-15,4962989568088.23,,
1995-09-18,4963468747991.22,,
1995-09-19,4965954997403.59,,
1995-09-20,4967473200287.86,,
1995-09-21,4948376970884.70,,
1995-09-22,4949192404249.15,,
1995-09-25,4949968824497.45,,
1995-09-26,4953250763121.84,,
1995-09-27,4955602761788.67,,
1995-09-28,4954794272486.85,,
1995-09-29,4973982900709.39,,
1995-10-02,4987587163002.89,,
1995-10-03,4975625816599.26,,
1995-10-04,4980561009875.28,,
1995-10-05,4979469288030.44,,
1995-10-06,4974778210422.20,,
1995-10-10,4969516242725.76,,
1995-10-11,4968818321533.20,,
1995-10-12,4972685593071.75,,
1995-10-13,4973523408969.08,,
1995-10-16,4967827640196.29,,
1995-10-17,4968953453657.73,,
1995-10-18,4970326555499.77,,
1995-10-19,4974014009081.49,,
1995-10-20,4974119827892.07,,
1995-10-23,4973904347350.96,,
1995-10-24,4975508732304.35,,
1995-10-25,4977804019628.98,,
1995-10-26,4973674803905.53,,
1995-10-27,4974737413172.94,,
1995-10-30,4975234385762.72,,
1995-10-31,4985262110021.06,,
1995-11-01,4981703482414.58,,
1995-11-02,4982592325829.97,,
1995-11-03,4984800213988.31,,
1995-11-06,4984737460958.92,,
1995-11-07,4985913011032.65,,
1995-11-08,4984440555073.81,,
1995-11-09,4983863012854.62,,
1995-11-10,4984084419557.20,,
1995-11-13,4986513994276.71,,
1995-11-14,4987139764503.11,,
1995-11-15,4988340050374.57,,
1995-11-16,4989792104452.15,,
1995-11-17,4989662795523.25,,
1995-11-21,4989144123690.83,,
1995-11-22,4989014435760.02,,
1995-11-24,4989260237257.80,,
1995-11-27,4988885320472.65,,
1995-11-28,4989008629825.32,,
1995-11-29,4988882588134.46,,
1995-11-30,4989329926644.31,,
1995-12-01,4989268168883.55,,
1995-12-04,4988891675281.12,,
1995-12-05,4988766009862.29,,
1995-12-06,4988640469699.34,,
1995-12-07,4989071101377.59,,
1995-12-08,4988945631994.24,,
1995-12-11,4988568481765.77,,
1995-12-12,4988438854514.79,,
1995-12-13,4988313115981.39,,
1995-12-14,4989708383241.14,,
1995-12-15,4989584833636.17,,
1995-12-18,4989213998043.63,,
1995-12-19,4989090388362.90,,
1995-12-20,4988966775602.69,,
1995-12-21,4989393165359.35,,
1995-12-22,4989274351335.87,,
1995-12-26,4988799030234.75,,
1995-12-27,4988680194844.83,,
1995-12-28,4989055925878.55,,
1995-12-29,4988664979014.54,,
1996-01-02,4988495380113.30,,
1996-01-03,4988377902358.91,,
1996-01-04,4988799676202.14,,
1996-01-05,4988684680496.49,,
1996-01-08,4988332827046.05,,
1996-01-09,4988213274327.90,,
1996-01-10,4988095990243.59,,
1996-01-11,4989450461297.78,,
1996-01-12,4988740098872.67,,
1996-01-16,4988274713934.98,,
1996-01-17,4988158117596.21,,
1996-01-18,4988513306997.24,,
1996-01-19,4988397941589.45,,
1996-01-22,4988050606130.79,,
1996-01-23,4987963203048.04,,
1996-01-24,4987847422144.35,,
1996-01-25,4988163912933.72,,
1996-01-26,4988049049893.41,,
1996-01-29,4987704420651.53,,
1996-01-30,4987589544052.52,,
1996-01-31,4987436358165.20,,
1996-02-01,4987850076950.12,,
1996-02-02,4987737851975.58,,
1996-02-05,4987400986833.50,,
1996-02-06,4987363241808.75,,
1996-02-07,4987176568238.63,,
1996-02-08,4988549905457.27,,
1996-02-09,4988438189998.39,,
1996-02-12,4988099511917.33,,
1996-02-13,4987987790186.56,,
1996-02-14,4987876063640.29,,
1996-02-15,4988268852976.09,,
1996-02-16,4988156411695.05,,
1996-02-20,4987706668956.82,,
1996-02-21,4987594227093.98,,
1996-02-22,4987959914205.44,,
1996-02-23,5017056630040.53,,
1996-02-26,5016711273397.77,,
1996-02-27,5016697045327.39,,
1996-02-28,5016626373909.94,,
1996-02-29,5016040703255.02,,
1996-03-01,5016937617649.77,,
1996-03-04,5016596270543.66,,
1996-03-05,5016462295493.85,,
1996-03-06,5016347467901.57,,
1996-03-07,5017740794543.75,,
1996-03-08,5017686664137.86,,
1996-03-11,5017403575141.97,,
1996-03-12,5017283591910.03,,
1996-03-13,5025887531178.79,,
1996-03-14,5035165720616.33,,
1996-03-15,5045003375350.97,,
1996-03-18,5055609537686.31,,
1996-03-19,5058839098883.55,,
1996-03-20,5059797758963.94,,
1996-03-21,5062251306433.41,,
1996-03-22,5062405341134.69,,
1996-03-25,5063054197564.33,,
1996-03-26,5066587916694.66,,
1996-03-27,5069500044702.95,,
1996-03-28,5071791748467.89,,
1996-03-29,5117786366014.56,,
1996-04-01,5117099213631.19,,
1996-04-02,5120563147805.76,,
1996-04-03,5135691305030.28,,
1996-04-04,5137761102347.72,,
1996-04-05,5138149756285.58,,
1996-04-08,5134564451573.40,,
1996-04-09,5130577947994.83,,
1996-04-10,5137166845721.28,,
1996-04-11,5143688273769.12,,
1996-04-12,5145722307691.76,,
1996-04-15,5140011407773.15,,
1996-04-16,5142250889027.95,,
1996-04-17,5146356518536.99,,
1996-04-18,5099448998247.15,,
1996-04-19,5100053596414.66,,
1996-04-22,5101586172580.18,,
1996-04-23,5106372425943.99,,
1996-04-24,5110704059629.39,,
1996-04-25,5092767860565.51,,
1996-04-26,5096090106286.62,,
1996-04-29,5096726674358.55,,
1996-04-30,5102048827234.22,,
1996-05-01,5096321323731.34,,
1996-05-02,5100092620432.01,,
1996-05-03,5089270954342.92,,
1996-05-06,5090257303263.75,,
1996-05-07,5093910014740.64,,
1996-05-08,5094597203341.08,,
1996-05-09,5088829415448.70,,
1996-05-10,5092815215705.75,,
1996-05-13,5094150618714.59,,
1996-05-14,5096217391261.73,,
1996-05-15,5115694350764.00,,
1996-05-16,5113662573709.50,,
1996-05-17,5114511847123.90,,
1996-05-20,5114232705195.00,,
1996-05-21,5115827182802.62,,
1996-05-22,5117440103398.93,,
1996-05-23,5120583551675.66,,
1996-05-24,5122025599595.29,,
1996-05-28,5122887536414.31,,
1996-05-29,5124770529170.38,,
1996-05-30,5129180287163.30,,
1996-05-31,5128508504892.80,,
1996-06-03,5136903015098.32,,
1996-06-04,5139963594008.65,,
1996-06-05,5141669992686.17,,
1996-06-06,5139284273926.72,,
1996-06-07,5133885689631.55,,
1996-06-10,5134653489857.86,,
1996-06-11,5136928256903.23,,
1996-06-12,5141286829205.13,,
1996-06-13,5139481774943.05,,
1996-06-14,5139657485479.05,,
1996-06-17,5137826225531.03,,
1996-06-18,5118200749524.53,,
1996-06-19,5120985354306.65,,
1996-06-20,5108536115006.17,,
1996-06-21,5109701173266.06,,
1996-06-24,5110926525572.12,,
1996-06-25,5114148773023.82,,
1996-06-26,5118103732700.15,,
1996-06-27,5118682872218.91,,
1996-06-28,5161075688140.93,,
1996-07-01,5158935800033.29,,
1996-07-02,5160706011919.85,,
1996-07-03,5151168373836.70,,
1996-07-05,5153659808407.00,,
1996-07-08,5154104445604.38,,
1996-07-09,5151106744723.87,,
1996-07-10,5148771318656.40,,
1996-07-11,5152639995932.57,,
1996-07-12,5152755209228.05,,
1996-07-15,5156313659414.55,,
1996-07-16,5158429742926.15,,
1996-07-17,5162069897551.43,,
1996-07-18,5168794319428.25,,
1996-07-19,5169596709354.27,,
1996-07-22,5169928910388.19,,
1996-07-23,5171664148836.91,,
1996-07-24,5173226283802.71,,
1996-07-25,5181309194639.37,,
1996-07-26,5181675045058.46,,
1996-07-29,5182454968880.21,,
1996-07-30,5183982827241.61,,
1996-07-31,5188888625925.87,,
1996-08-01,5183636383503.29,,
1996-08-02,5172008136975.88,,
1996-08-05,5180330042157.50,,
1996-08-06,5181580210505.03,,
1996-08-07,5179352078340.83,,
1996-08-08,5171183632406.18,,
1996-08-09,5172153821441.53,,
1996-08-12,5174091233811.66,,
1996-08-13,5176015497802.03,,
1996-08-14,5178058824921.50,,
1996-08-15,5200902031101.35,,
1996-08-16,5201679174021.84,,
1996-08-19,5202278618907.70,,
1996-08-20,5203614344525.64,,
1996-08-21,5205211223968.70,,
1996-08-22,5207891049383.04,,
1996-08-23,5208255478133.43,,
1996-08-26,5210010318057.93,,
1996-08-27,5212017623401.87,,
1996-08-28,5214252790709.01,,
1996-08-29,5213488943748.22,,
1996-08-30,5208303439417.93,,
1996-09-03,5226657169759.06,,
1996-09-04,5228998407724.89,,
1996-09-05,5225564391083.90,,
1996-09-06,5220377655156.41,,
1996-09-09,5214144675542.25,,
1996-09-10,5217211394956.03,,
1996-09-11,5219273550936.86,,
1996-09-12,5216902015633.76,,
1996-09-13,5217304758895.91,,
1996-09-16,5217327143659.08,,
1996-09-17,5190807990011.88,,
1996-09-18,5193856710104.18,,
1996-09-19,5190460235894.57,,
1996-09-20,5191241550309.43,,
1996-09-23,5192406060962.74,,
1996-09-24,5195854879174.22,,
1996-09-25,5198780826934.47,,
1996-09-26,5198325061997.28,,
1996-09-27,5199074786599.17,,
1996-09-30,5224810939135.73,,
1996-10-01,5234730786626.50,,
1996-10-02,5235509457452.56,,
1996-10-03,5222192137251.62,,
1996-10-04,5222049625819.53,,
1996-10-07,5221841840841.02,,
1996-10-08,5221528685864.99,,
1996-10-09,5217593829294.86,,
1996-10-10,5217468883632.21,,
1996-10-11,5217906291785.75,,
1996-10-15,5221453973360.58,,
1996-10-16,5223068653233.41,,
1996-10-17,5226592644439.82,,
1996-10-18,5225714502992.20,,
1996-10-21,5227288294702.83,,
1996-10-22,5228756472660.40,,
1996-10-23,5229624047339.91,,
1996-10-24,5232046594096.75,,
1996-10-25,5234132618920.50,,
1996-10-28,5233941468714.80,,
1996-10-29,5236574342237.43,,
1996-10-30,5237761731376.77,,
1996-10-31,5247319617599.91,,
1996-11-01,5245467782151.22,,
1996-11-04,5245378048678.55,,
1996-11-05,5247475824542.10,,
1996-11-06,5245747731264.11,,
1996-11-07,5243331764484.49,,
1996-11-08,5245439794927.95,,
1996-11-12,5246803860657.50,,
1996-11-13,5249373711034.56,,
1996-11-14,5254442987704.05,,
1996-11-15,5276591248765.40,,
1996-11-18,5277025788024.07,,
1996-11-19,5279322657887.34,,
1996-11-20,5280633320241.09,,
1996-11-21,5285330549126.94,,
1996-11-22,5287072949163.42,,
1996-11-25,5287268272079.46,,
1996-11-26,5290877214445.24,,
1996-11-27,5299066156187.42,,
1996-11-29,5296548923143.63,,
1996-12-02,5293833169603.68,,
1996-12-03,5292093176348.33,,
1996-12-04,5293206604165.69,,
1996-12-05,5296028049056.22,,
1996-12-06,5293871003202.17,,
1996-12-09,5288729401084.42,,
1996-12-10,5290302394997.16,,
1996-12-11,5291641446620.66,,
1996-12-12,5294262986287.53,,
1996-12-13,5294305035208.74,,
1996-12-16,5294297585378.70,,
1996-12-17,5288002983739.89,,
1996-12-18,5288569175133.87,,
1996-12-19,5259873110612.97,,
1996-12-20,5261988228364.84,,
1996-12-23,5263021642230.87,,
1996-12-24,5265081834122.35,,
1996-12-26,5269217815036.36,,
1996-12-27,5269568597594.05,,
1996-12-30,5270525427736.63,,
1996-12-31,5323171750783.19,,
1997-01-02,5317016511039.02,,
1997-01-03,5305656663283.67,,
1997-01-06,5307443211337.42,,
1997-01-07,5312781237956.91,,
1997-01-08,5310974649830.60,,
1997-01-09,5306328995520.25,,
1997-01-10,5307096854854.56,,
1997-01-13,5309003643473.08,,
1997-01-14,5311783470166.25,,
1997-01-15,5309179279776.19,,
1997-01-16,5310005630866.75,,
1997-01-17,5309774506681.99,,
1997-01-21,5310267076516.85,,
1997-01-22,5313093823498.70,,
1997-01-23,5311509682915.63,,
1997-01-24,5312168647843.99,,
1997-01-27,5312990372147.05,,
1997-01-28,5317192254267.62,,
1997-01-29,5319575822990.65,,
1997-01-30,5315795971480.01,,
1997-02-03,5297382328731.42,,
1997-02-04,5300797430319.62,,
1997-02-05,5302957481388.92,,
1997-02-06,5307083787977.17,,
1997-02-07,5301813739040.73,,
1997-02-10,5302292166231.47,,
1997-02-11,5305463575595.03,,
1997-02-12,5308979863712.08,,
1997-02-13,5309673894362.24,,
1997-02-14,5310232511891.60,,
1997-02-18,5336179923740.34,,
1997-02-19,5339667533437.48,,
1997-02-20,5340687036267.98,,
1997-02-21,5340480961413.88,,
1997-02-24,5340989383890.18,,
1997-02-25,5342929738924.06,,
1997-02-26,5345590198251.20,,
1997-02-27,5349402692025.14,,
1997-02-28,5349937360942.68,,
1997-03-03,5358956534107.64,,
1997-03-04,5363582891993.50,,
1997-03-05,5359515287678.12,,
1997-03-06,5358686165458.54,,
1997-03-07,5353405261722.26,,
1997-03-10,5354330021048.50,,
1997-03-11,5357359481153.10,,
1997-03-12,5361482510992.32,,
1997-03-13,5362035571060.06,,
1997-03-14,5362748754102.53,,
1997-03-17,5363306532631.89,,
1997-03-18,5367674335377.56,,
1997-03-19,5369097231511.65,,
1997-03-20,5369249768972.02,,
1997-03-21,5369740959146.19,,
1997-03-24,5370448951500.60,,
1997-03-25,5374777220348.60,,
1997-03-26,5377852456403.37,,
1997-03-27,5378489443890.30,,
1997-03-28,5377245182258.46,,
1997-03-31,5380889857391.59,,
1997-04-01,5375122375222.69,,
1997-04-02,5376710487393.11,,
1997-04-03,5385463327534.04,,
1997-04-04,5384750396046.34,,
1997-04-07,5385190477418.92,,
1997-04-08,5384125088631.94,,
1997-04-09,5380948025320.90,,
1997-04-10,5379884266589.44,,
1997-04-11,5378191895041.28,,
1997-04-14,5378600468556.80,,
1997-04-15,5383132230748.81,,
1997-04-16,5386017997799.85,,
1997-04-17,5350647420066.00,,
1997-04-18,5351326004629.38,,
1997-04-21,5352733602413.77,,
1997-04-22,5340281332685.87,,
1997-04-23,5345088835181.58,,
1997-04-24,5343216863246.54,,
1997-04-25,5345392363906.29,,
1997-04-28,5347125099434.10,,
1997-04-29,5348144848321.78,,
1997-04-30,5353971314439.39,,
1997-05-01,5338452915570.05,,
1997-05-02,5331758952154.60,,
1997-05-05,5332472495590.76,,
1997-05-06,5337028737421.51,,
1997-05-07,5336081916565.07,,
1997-05-08,5330417059281.37,,
1997-05-09,5331940681736.92,,
1997-05-12,5334444824118.40,,
1997-05-13,5337494540137.51,,
1997-05-14,5339781396107.91,,
1997-05-15,5344063176240.27,,
1997-05-16,5343648869296.26,,
1997-05-19,5344451048224.65,,
1997-05-20,5346367814885.12,,
1997-05-21,5348057972766.87,,
1997-05-22,5344819275286.24,,
1997-05-23,5345787561953.41,,
1997-05-27,5347617345422.70,,
1997-05-28,5349662215511.30,,
1997-05-29,5346269908776.69,,
1997-05-30,5344961362266.83,,
1997-06-02,5336777463335.09,,
1997-06-03,5357051372991.40,,
1997-06-04,5358712178993.49,,
1997-06-05,5355964934314.05,,
1997-06-06,5352776809883.07,,
1997-06-09,5348703813773.07,,
1997-06-10,5351973547710.08,,
1997-06-11,5355419342837.75,,
1997-06-12,5352849149507.42,,
1997-06-13,5354082862951.39,,
1997-06-16,5355412554888.33,,
1997-06-17,5329352124923.40,,
1997-06-18,5332271639188.30,,
1997-06-19,5330018602378.07,,
1997-06-20,5331587514810.20,,
1997-06-23,5332782057516.70,,
1997-06-24,5336557573448.51,,
1997-06-25,5339644139769.58,,
1997-06-26,5338210524473.68,,
1997-06-27,5338515379713.31,,
1997-06-30,5376151252876.02,,
1997-07-01,5368022982421.00,,
1997-07-02,5370040125749.94,,
1997-07-03,5356041465566.82,,
1997-07-07,5355915100573.58,,
1997-07-08,5354619850034.63,,
1997-07-09,5359038067462.61,,
1997-07-10,5354745777274.06,,
1997-07-11,5355085035915.18,,
1997-07-14,5355393906769.08,,
1997-07-15,5357142567691.66,,
1997-07-16,5357953848082.50,,
1997-07-17,5363008572478.52,,
1997-07-18,5363155572034.79,,
1997-07-21,5363682543589.87,,
1997-07-22,5366067378744.76,,
1997-07-23,5367622941689.53,,
1997-07-24,5368881340728.99,,
1997-07-25,5369550452476.10,,
1997-07-28,5369966109620.66,,
1997-07-29,5373127138499.91,,
1997-07-30,5372436799991.80,,
1997-07-31,5373228560474.27,,
1997-08-01,5369980560809.61,,
1997-08-04,5371563370414.02,,
1997-08-05,5374023310947.78,,
1997-08-06,5372311792283.34,,
1997-08-07,5370248369406.88,,
1997-08-08,5370692829653.08,,
1997-08-11,5372292524897.88,,
1997-08-12,5374594368839.62,,
1997-08-13,5379248272995.83,,
1997-08-14,5380074522588.27,,
1997-08-15,5394165041072.99,,
1997-08-18,5395622445988.43,,
1997-08-19,5399330575978.72,,
1997-08-20,5400237045141.22,,
1997-08-21,5399825891045.86,,
1997-08-22,5399952193974.30,,
1997-08-25,5400132687470.42,,
1997-08-26,5404256365209.01,,
1997-08-27,5406394080822.54,,
1997-08-28,5405678975395.03,,
1997-08-29,5404420294885.51,,
1997-09-02,5424368836901.08,,
1997-09-03,5413621503580.39,,
1997-09-04,5413848970622.57,,
1997-09-05,5414427865442.08,,
1997-09-08,5411318696295.51,,
1997-09-09,5408443156374.66,,
1997-09-10,5410105013993.47,,
1997-09-11,5414576336750.83,,
1997-09-12,5415082668733.48,,
1997-09-15,5388983472859.37,,
1997-09-16,5391866026111.66,,
1997-09-17,5394894064595.35,,
1997-09-18,5374488603408.56,,
1997-09-19,5376828713094.47,,
1997-09-22,5378803586241.44,,
1997-09-23,5382650076978.81,,
1997-09-24,5384224726974.01,,
1997-09-25,5387703781934.24,,
1997-09-26,5387382191644.62,,
1997-09-29,5388315809652.79,,
1997-09-30,5413146011397.34,3789667546849.60,1623478464547.74
1997-10-01,5420505789573.34,,
1997-10-02,5387382191644.62,,
1997-10-03,5411881420892.37,,
1997-10-06,5413432617300.15,,
1997-10-07,5413432617300.15,,
1997-10-08,5413432617300.15,,
1997-10-09,5409087032816.86,,
1997-10-10,5410700313154.02,,
1997-10-14,5412698794445.84,,
1997-10-15,5414923137712.76,,
1997-10-16,5416174203759.08,,
1997-10-17,5418064201028.31,,
1997-10-20,5418457770302.08,,
1997-10-21,5420383941176.62,,
1997-10-22,5421844508272.92,,
1997-10-23,5424897442383.46,,
1997-10-24,5425466348255.95,,
1997-10-27,5427907147573.22,,
1997-10-28,5429321910123.66,,
1997-10-29,5429377880990.06,,
1997-10-30,5430869894529.83,,
1997-10-31,5427225185059.66,,
1997-11-03,5427078768247.28,,
1997-11-04,5432371961282.81,,
1997-11-05,5433411941085.78,,
1997-11-06,5431079031652.94,,
1997-11-07,5426731931109.43,,
1997-11-10,5428066600045.67,,
1997-11-12,5429798432997.19,,
1997-11-13,5430247270129.23,,
1997-11-14,5431087031356.83,,
1997-11-17,5447477607396.57,,
1997-11-18,5452223719150.53,,
1997-11-19,5452450571238.14,,
1997-11-20,5453722824485.86,,
1997-11-21,5453846340909.05,,
1997-11-24,5455043924692.49,,
1997-11-25,5458139864596.59,,
1997-11-26,5456501667108.65,,
1997-11-28,5462621557837.57,,
1997-12-01,5489774551535.81,,
1997-12-02,5489345726813.93,,
1997-12-03,5475039674271.27,,
1997-12-04,5476888289505.63,,
1997-12-05,5476603792792.89,,
1997-12-08,5475965824198.51,,
1997-12-09,5472670670026.80,,
1997-12-10,5474482104049.82,,
1997-12-11,5472596997786.56,,
1997-12-12,5473298399569.49,,
1997-12-15,5474663059889.36,,
1997-12-16,5442315818048.56,,
1997-12-17,5444855611810.11,,
1997-12-18,5447173794526.24,,
1997-12-22,5449103887432.13,,
1997-12-23,5452602685047.99,,
1997-12-26,5452644936513.43,,
1997-12-29,5456865348685.66,,
1997-12-30,5458504731473.30,,
1997-12-31,5502388012375.95,,
1998-01-05,5481924290553.50,,
1998-01-06,5486352648906.21,,
1998-01-07,5484646071706.36,,
1998-01-08,5479700204736.38,,
1998-01-09,5480038744944.38,,
1998-01-12,5481621078832.40,,
1998-01-13,5486749552798.75,,
1998-01-14,5488705496927.68,,
1998-01-15,5491815670026.21,,
1998-01-16,5492896688858.39,,
1998-01-20,5495525658807.45,,
1998-01-21,5501520207927.51,,
1998-01-22,5481558068711.56,,
1998-01-23,5485392047349.04,,
1998-01-26,5487280357810.54,,
1998-01-27,5490127380051.53,,
1998-01-28,5492555021481.16,,
1998-01-29,5494031011931.75,,
1998-01-30,5490064235079.64,,
1998-02-02,5483592532096.82,,
1998-02-03,5474822352150.77,,
1998-02-04,5475809861023.23,,
1998-02-05,5474663018859.28,,
1998-02-06,5472049936751.15,,
1998-02-09,5468966737716.36,,
1998-02-10,5471889906215.21,,
1998-02-11,5473648289477.06,,
1998-02-12,5474464732467.36,,
1998-02-13,5474687599259.03,,
1998-02-17,5510166063080.80,,
1998-02-18,5516263758020.16,,
1998-02-19,5515606648101.35,,
1998-02-20,5518340599802.18,,
1998-02-23,5519492792898.57,,
1998-02-24,5522503241725.24,,
1998-02-25,5524032303574.34,,
1998-02-26,5525003799622.62,,
1998-02-27,5520668318465.51,,
1998-03-02,5514791303162.77,,
1998-03-03,5528586832076.70,,
1998-03-04,5529409747928.18,,
1998-03-05,5528529698719.50,,
1998-03-09,5523019454633.25,,
1998-03-10,5525631040092.91,,
1998-03-11,5528971446018.69,,
1998-03-12,5529750398747.62,,
1998-03-13,5529816594280.28,,
1998-03-16,5530456190863.05,,
1998-03-17,5536663723483.42,,
1998-03-18,5537178813514.71,,
1998-03-19,5537630079097.83,,
1998-03-20,5538571184190.64,,
1998-03-23,5539832909123.38,,
1998-03-24,5542617421989.90,,
1998-03-25,5544337068114.14,,
1998-03-26,5546161688949.53,,
1998-03-27,5547110706640.96,,
1998-03-30,5545895416499.33,,
1998-03-31,5542425768605.91,,
1998-04-01,5540550647696.94,,
1998-04-02,5540086164177.98,,
1998-04-03,5544609878334.80,,
1998-04-06,5546406414816.29,,
1998-04-07,5549130557811.32,,
1998-04-08,5547146518685.79,,
1998-04-09,5542952825462.55,,
1998-04-10,5543254872492.29,,
1998-04-13,5545139058588.81,,
1998-04-14,5547605759008.70,,
1998-04-15,5551285055049.62,,
1998-04-16,5510368780123.31,,
1998-04-17,5512826076386.32,,
1998-04-20,5514299725342.15,,
1998-04-21,5518978332463.05,,
1998-04-22,5521690068621.47,,
1998-04-23,5501159283287.65,,
1998-04-24,5505293755428.21,,
1998-04-27,5507607026200.10,,
1998-04-28,5512793625127.26,,
1998-04-29,5512958788432.21,,
1998-04-30,5499894559513.94,,
1998-05-01,5501155718728.09,,
1998-05-04,5477263228571.00,,
1998-05-05,5486129027438.95,,
1998-05-06,5485513178742.02,,
1998-05-07,5484428466805.99,,
1998-05-08,5485869171398.56,,
1998-05-11,5487765423650.36,,
1998-05-12,5491841497777.68,,
1998-05-13,5492157484525.10,,
1998-05-14,5492886169970.40,,
1998-05-15,5496348505044.25,,
1998-05-18,5497225027113.83,,
1998-05-20,5502138799604.60,,
1998-05-21,5503780049716.42,,
1998-05-22,5504518484222.82,,
1998-05-26,5506917230218.54,,
1998-05-27,5510918106737.37,,
1998-05-28,5504211009027.55,,
1998-05-29,5506355797435.19,,
1998-06-01,5495092820910.61,,
1998-06-02,5495272889927.74,,
1998-06-03,5496176063717.35,,
1998-06-04,5496567867122.10,,
1998-06-05,5496434514361.23,,
1998-06-08,5495352165488.00,,
1998-06-09,5493569839079.81,,
1998-06-10,5495636727532.95,,
1998-06-11,5496698230711.55,,
1998-06-12,5499026995472.09,,
1998-06-15,5484471490444.43,,
1998-06-16,5489043503639.58,,
1998-06-17,5491718359124.33,,
1998-06-18,5493495592635.84,,
1998-06-19,5493981708739.93,,
1998-06-22,5496659912687.35,,
1998-06-23,5500927020489.88,,
1998-06-24,5503890151659.51,,
1998-06-25,5504168372205.11,,
1998-06-26,5504431464282.68,,
1998-06-29,5502438094494.05,,
1998-06-30,5547934743559.81,,
1998-07-01,5541450796138.74,,
1998-07-02,5528078937046.71,,
1998-07-03,5528258076325.62,,
1998-07-06,5529920619100.92,,
1998-07-07,5530116137980.45,,
1998-07-08,5529002150322.41,,
1998-07-09,5526093018467.09,,
1998-07-10,5525566285491.56,,
1998-07-13,5528488599737.13,,
1998-07-14,5530848048686.17,,
1998-07-15,5529722681857.67,,
1998-07-16,5531079562651.15,,
1998-07-17,5532637423771.79,,
1998-07-20,5532950037759.42,,
1998-07-21,5535209449941.52,,
1998-07-22,5536743281758.09,,
1998-07-23,5537084024142.92,,
1998-07-24,5537391525542.80,,
1998-07-27,5539292609934.58,,
1998-07-28,5541905887168.73,,
1998-07-29,5543291232392.53,,
1998-07-30,5544483020736.63,,
1998-07-31,5527738221101.41,,
1998-08-03,5505963976429.83,,
1998-08-04,5511741490859.86,,
1998-08-05,5514093619372.78,,
1998-08-06,5517902323771.68,,
1998-08-07,5510713867201.30,,
1998-08-10,5511844135557.08,,
1998-08-11,5514714531707.17,,
1998-08-12,5515569756530.87,,
1998-08-13,5518315041910.90,,
1998-08-14,5518104260708.78,,
1998-08-17,5530594325531.29,,
1998-08-18,5535159183065.73,,
1998-08-19,5535376759081.01,,
1998-08-20,5535395058474.28,,
1998-08-21,5535171573451.29,,
1998-08-24,5535880250975.23,,
1998-08-25,5538203732687.43,,
1998-08-26,5538744375503.92,,
1998-08-27,5540061848094.75,,
1998-08-28,5538053974834.55,,
1998-08-31,5564553479478.04,,
1998-09-01,5559258503320.20,,
1998-09-02,5566129223474.84,,
1998-09-03,5547711198558.30,,
1998-09-04,5547400016580.17,,
1998-09-08,5548700311164.48,,
1998-09-09,5548476705773.12,,
1998-09-10,5545657954586.91,,
1998-09-11,5547277485008.59,,
1998-09-14,5548258444676.13,,
1998-09-15,5511724391342.63,,
1998-09-16,5510133012971.17,,
1998-09-17,5514091417890.65,,
1998-09-18,5516026623213.76,,
1998-09-21,5510750292549.80,,
1998-09-22,5515818621727.95,,
1998-09-23,5517883379683.46,,
1998-09-24,5523268372227.36,,
1998-09-25,5523820694890.03,,
1998-09-28,5525125982443.88,,
1998-09-29,5523785740880.23,,
1998-09-30,5526193008897.62,3733864472163.53,1792328536734.09
1998-10-01,5540570493226.32,,
1998-10-02,5525136204444.24,,
1998-10-05,5527218225445.49,,
1998-10-06,5536217307823.51,,
1998-10-07,5533657715092.27,,
1998-10-08,5534495650216.57,,
1998-10-09,5535718268384.09,,
1998-10-13,5537720928486.41,,
1998-10-14,5536803329458.17,,
1998-10-15,5537594092417.87,,
1998-10-16,5539382200885.97,,
1998-10-19,5541765173290.62,,
1998-10-20,5543686190391.39,,
1998-10-21,5543587875319.12,,
1998-10-22,5548924067817.40,,
1998-10-23,5554198090891.71,,
1998-10-26,5555572475788.72,,
1998-10-27,5557416101104.51,,
1998-10-28,5557838604397.34,,
1998-10-29,5559427769133.11,,
1998-10-30,5559254634398.44,,
1998-11-02,5539037263160.39,,
1998-11-03,5553893306720.42,,
1998-11-04,5555731529597.33,,
1998-11-05,5561271069539.45,,
1998-11-06,5558821285886.47,,
1998-11-09,5556814808618.10,,
1998-11-10,5558618097870.50,,
1998-11-12,5560595781304.53,,
1998-11-13,5562541408964.77,,
1998-11-16,5581706345787.83,,
1998-11-17,5586021327323.14,,
1998-11-18,5586312225504.63,,
1998-11-19,5591105215418.59,,
1998-11-20,5593158053701.12,,
1998-11-23,5594943925581.82,,
1998-11-24,5597306037397.16,,
1998-11-25,5596997375067.14,,
1998-11-27,5603956518285.54,,
1998-11-30,5591979348249.72,,
1998-12-01,5608159580455.89,,
1998-12-02,5607927299073.65,,
1998-12-03,5598900714210.85,,
1998-12-04,5598758049805.53,,
1998-12-07,5599622890499.18,,
1998-12-08,5598889813668.11,,
1998-12-09,5594898926271.30,,
1998-12-10,5598802622188.50,,
1998-12-11,5599911911556.60,,
1998-12-14,5600860891144.74,,
1998-12-15,5580235192012.15,,
1998-12-16,5581027313048.25,,
1998-12-17,5588014790426.31,,
1998-12-18,5583950306972.53,,
1998-12-21,5585849571167.62,,
1998-12-22,5589437087693.48,,
1998-12-23,5589804102482.41,,
1998-12-24,5591922343937.81,,
1998-12-28,5592658697822.58,,
1998-12-29,5597063843020.57,,
1998-12-30,5595994336765.74,,
1998-12-31,5614217021195.87,,
1999-01-04,5606630290821.39,,
1999-01-05,5609529098608.49,,
1999-01-06,5615428551461.33,,
1999-01-07,5612204125073.81,,
1999-01-08,5612919300437.72,,
1999-01-11,5614992595555.12,,
1999-01-12,5618011217966.52,,
1999-01-13,5618299396528.70,,
1999-01-14,5617728448220.89,,
1999-01-15,5616950859308.91,,
1999-01-19,5619058055434.62,,
1999-01-20,5623807213463.02,,
1999-01-21,5600287708585.56,,
1999-01-22,5603017933762.14,,
1999-01-25,5605637748649.35,,
1999-01-26,5608458532981.22,,
1999-01-27,5608643439718.59,,
1999-01-28,5609326147376.72,,
1999-01-29,5610117097678.95,,
1999-02-01,5588099467924.97,,
1999-02-02,5594816922040.75,,
1999-02-03,5584674705935.07,,
1999-02-04,5584639596206.08,,
1999-02-05,5585490064776.03,,
1999-02-08,5585152552880.93,,
1999-02-09,5585068055207.92,,
1999-02-10,5585853820767.03,,
1999-02-11,5587508878762.60,,
1999-02-12,5588062219274.99,,
1999-02-16,5608540076358.03,,
1999-02-17,5613891503342.53,,
1999-02-18,5613957968591.41,,
1999-02-19,5615449357785.96,,
1999-02-22,5617212277099.84,,
1999-02-23,5619947525857.17,,
1999-02-24,5620229439635.41,,
1999-02-25,5620928184943.17,,
1999-02-26,5621945513528.00,,
1999-03-01,5643045679358.32,,
1999-03-02,5649288631596.74,,
1999-03-03,5653396336274.78,,
1999-03-04,5653049331534.24,,
1999-03-05,5652546580761.78,,
1999-03-08,5651492822388.40,,
1999-03-09,5650748864597.49,,
1999-03-10,5652343384711.69,,
1999-03-11,5653123441281.45,,
1999-03-12,5653581734840.04,,
1999-03-15,5634976613497.51,,
1999-03-16,5639342063058.30,,
1999-03-17,5641694979239.08,,
1999-03-19,5640185158295.15,,
1999-03-22,5642227279510.37,,
1999-03-23,5645199129224.03,,
1999-03-24,5645338661953.64,,
1999-03-25,5647292590242.93,,
1999-03-26,5646620374086.62,,
1999-03-29,5647515438125.67,,
1999-03-30,5647147509757.38,,
1999-03-31,5651615289284.87,,
1999-04-01,5675647233080.52,,
1999-04-02,5660859068099.45,,
1999-04-05,5662954603906.44,,
1999-04-06,5665194018585.53,,
1999-04-07,5663113018155.76,,
1999-04-08,5660855046723.31,,
1999-04-09,5661252699346.90,,
1999-04-12,5663866732410.23,,
1999-04-13,5666223263670.85,,
1999-04-14,5666830242609.56,,
1999-04-15,5638882982524.06,,
1999-04-16,5640540994484.49,,
1999-04-19,5624235766178.82,,
1999-04-20,5628407736077.41,,
1999-04-21,5630289872162.63,,
1999-04-22,5592390096400.03,,
1999-04-23,5586140738923.35,,
1999-04-26,5591807374069.84,,
1999-04-27,5596529776391.98,,
1999-04-28,5598229787052.49,,
1999-04-29,5597263457235.83,,
1999-04-30,5585839850171.61,,
1999-05-03,5562741424540.43,,
1999-05-04,5563049386516.94,,
1999-05-05,5573001415759.57,,
1999-05-06,5573136824813.38,,
1999-05-07,5569913164536.03,,
1999-05-10,5571919882068.64,,
1999-05-11,5575359326029.03,,
1999-05-12,5578150283470.74,,
1999-05-13,5579720008674.59,,
1999-05-14,5580329294134.40,,
1999-05-17,5587730041115.05,,
1999-05-18,5593840202404.86,,
1999-05-19,5593797968334.37,,
1999-05-20,5596252483872.85,,
1999-05-21,5596857521196.34,,
1999-05-24,5597942875397.10,,
1999-05-25,5600993485850.44,,
1999-05-26,5602150880889.93,,
1999-05-27,5601414914532.00,,
1999-05-28,5604198055526.11,,
1999-06-01,5595743189875.83,,
1999-06-02,5599337449827.73,,
1999-06-03,5605304260057.03,,
1999-06-04,5605818000792.65,,
1999-06-07,5606738885838.87,,
1999-06-08,5607597460814.09,,
1999-06-09,5604848624148.74,,
1999-06-10,5606864642836.13,,
1999-06-11,5606704532050.51,,
1999-06-14,5608264664474.06,,
1999-06-15,5579687074229.55,,
1999-06-16,5581245428829.42,,
1999-06-17,5585233665272.21,,
1999-06-18,5586894742812.97,,
1999-06-21,5589358011973.65,,
1999-06-22,5593512029751.90,,
1999-06-23,5594431506414.50,,
1999-06-24,5599256430419.83,,
1999-06-25,5599474776223.74,,
1999-06-28,5600865929234.63,,
1999-06-29,5602716451360.35,,
1999-06-30,5638780248334.54,,
1999-07-01,5632318946849.83,,
1999-07-02,5618125733699.75,,
1999-07-06,5622054029363.59,,
1999-07-07,5627555905373.87,,
1999-07-08,5624257730228.07,,
1999-07-09,5623337708599.03,,
1999-07-12,5621471104821.73,,
1999-07-13,5625005258555.97,,
1999-07-14,5624306987432.02,,
1999-07-15,5625473322843.46,,
1999-07-16,5626175786965.76,,
1999-07-19,5628492605942.62,,
1999-07-20,5630644963071.99,,
1999-07-21,5630350182425.20,,
1999-07-22,5635712610638.47,,
1999-07-23,5636001455884.82,,
1999-07-26,5636525745471.93,,
1999-07-27,5640525290562.24,,
1999-07-28,5640294174290.65,,
1999-07-29,5640577276840.14,,
1999-07-30,5638655711931.60,,
1999-08-02,5626552692300.04,,
1999-08-03,5613220970175.47,,
1999-08-04,5615253056263.06,,
1999-08-05,5617765258723.59,,
1999-08-06,5615528283134.23,,
1999-08-10,5616938195166.66,,
1999-08-11,5618727265574.90,,
1999-08-12,5622361073910.13,,
1999-08-13,5622406564597.33,,
1999-08-16,5635173261192.82,,
1999-08-17,5640094765091.67,,
1999-08-18,5639508512026.47,,
1999-08-19,5640132828484.53,,
1999-08-20,5640549225249.30,,
1999-08-23,5641593878674.03,,
1999-08-24,5646847313983.21,,
1999-08-25,5648132785383.86,,
1999-08-26,5649404969809.40,,
1999-08-27,5649777641199.26,,
1999-08-30,5647647578566.62,,
1999-08-31,5672386167530.41,,
1999-09-01,5665821661922.61,,
1999-09-02,5668121162949.06,,
1999-09-03,5653051336956.36,,
1999-09-07,5654526718244.87,,
1999-09-08,5656209987935.17,,
1999-09-09,5654163509938.96,,
1999-09-10,5652191549114.70,,
1999-09-13,5654837966230.82,,
1999-09-14,5657645658855.66,,
1999-09-15,5622781375940.99,,
1999-09-16,5626118631949.85,,
1999-09-17,5628393928253.41,,
1999-09-20,5630758913440.68,,
1999-09-21,5634836758964.63,,
1999-09-22,5636049287069.79,,
1999-09-23,5638477894300.66,,
1999-09-24,5638915059997.81,,
1999-09-27,5641247753162.35,,
1999-09-28,5647297448741.19,,
1999-09-29,5645399491050.88,,
1999-09-30,5656270901633.43,3636104594501.81,2020166307131.62
1999-10-01,5652679330611.02,,
1999-10-04,5654411268306.82,,
1999-10-05,5657493668389.71,,
1999-10-06,5654882997504.81,,
1999-10-07,5655996702350.43,,
1999-10-08,5660032556386.77,,
1999-10-12,5660733437442.56,,
1999-10-13,5662720361489.64,,
1999-10-14,5666668943905.59,,
1999-10-15,5664657029541.87,,
1999-10-18,5665686659599.87,,
1999-10-19,5670293241725.48,,
1999-10-20,5669462199918.75,,
1999-10-21,5674630439167.90,,
1999-10-22,5674164714443.85,,
1999-10-25,5676428132415.49,,
1999-10-26,5678650010507.85,,
1999-10-27,5678661795378.98,,
1999-10-28,5679997981623.62,,
1999-10-29,5679726662904.06,,
1999-11-01,5664867046795.77,,
1999-11-02,5668409010147.10,,
1999-11-03,5654990773682.18,,
1999-11-04,5661320445773.37,,
1999-11-05,5661710720483.34,,
1999-11-08,5660688811424.68,,
1999-11-09,5659600009349.26,,
1999-11-10,5660918311366.45,,
1999-11-12,5665243087172.98,,
1999-11-15,5686436332009.22,,
1999-11-16,5689775697887.62,,
1999-11-17,5690918151426.47,,
1999-11-18,5693813174823.97,,
1999-11-19,5694014675228.15,,
1999-11-22,5695315246326.45,,
1999-11-23,5687109970642.96,,
1999-11-24,5696176434485.80,,
1999-11-26,5702333183775.77,,
1999-11-29,5702010056766.20,,
1999-12-01,5714083031138.88,,
1999-12-02,5718267953052.42,,
1999-12-03,5703526431290.90,,
1999-12-06,5704380841473.74,,
1999-12-07,5706113988642.31,,
1999-12-08,5703071843291.09,,
1999-12-09,5702641000013.63,,
1999-12-10,5702481066883.11,,
1999-12-13,5705445602096.34,,
1999-12-14,5708309702703.13,,
1999-12-15,5706990981165.37,,
1999-12-16,5713411260316.20,,
1999-12-17,5715779111364.77,,
1999-12-20,5716405165061.87,,
1999-12-21,5728801689365.32,,
1999-12-22,5728275646565.25,,
1999-12-23,5733956459186.53,,
1999-12-24,5734423249146.40,,
1999-12-27,5736322890374.09,,
1999-12-28,5738288269966.23,,
1999-12-29,5731407059018.89,,
1999-12-30,5733523061545.78,,
1999-12-31,5776091314225.33,,
2000-01-03,5751743092605.50,,
2000-01-04,5758316426486.15,,
2000-01-05,5758914216192.02,,
2000-01-06,5758771904732.40,,
2000-01-07,5754332677298.67,,
2000-01-10,5755362337349.58,,
2000-01-11,5759580265748.75,,
2000-01-12,5759460143654.90,,
2000-01-13,5719457826074.43,,
2000-01-14,5719849572269.03,,
2000-01-18,5720294602320.21,,
2000-01-19,5727150582479.46,,
2000-01-20,5706174969873.86,,
2000-01-21,5711817746476.20,,
2000-01-24,5717202915584.34,,
2000-01-25,5713302084517.53,,
2000-01-26,5711730807880.49,,
2000-01-27,5721021925594.31,,
2000-01-28,5719617669335.03,,
2000-01-31,5711285168951.46,,
2000-02-01,5702651446667.03,,
2000-02-02,5702134559981.88,,
2000-02-03,5690372687653.89,,
2000-02-04,5691096297325.05,,
2000-02-07,5693618340748.18,,
2000-02-08,5694611209189.87,,
2000-02-09,5690617208881.34,,
2000-02-10,5692476887663.77,,
2000-02-11,5692488848706.09,,
2000-02-14,5693874593019.53,,
2000-02-15,5705355135074.08,,
2000-02-16,5704636239474.18,,
2000-02-17,5708609026361.46,,
2000-02-18,5739814030329.64,,
2000-02-23,5744135736409.24,,
2000-02-24,5745442288460.59,,
2000-02-25,5748251779017.69,,
2000-02-28,5747333809275.61,,
2000-02-29,5735333348132.58,,
2000-03-01,5725649856797.45,,
2000-03-02,5732418769036.22,,
2000-03-03,5742858530572.10,,
2000-03-06,5745099557759.64,,
2000-03-07,5747932431376.73,,
2000-03-08,5745125070490.06,,
2000-03-09,5744560824206.30,,
2000-03-10,5745712662449.10,,
2000-03-13,5745831852208.71,,
2000-03-14,5748566517856.04,,
2000-03-15,5747793381625.76,,
2000-03-16,5724694663639.63,,
2000-03-17,5728671330064.36,,
2000-03-20,5728253942273.38,,
2000-03-21,5728846067846.82,,
2000-03-22,5727734275348.06,,
2000-03-23,5729458665582.66,,
2000-03-24,5730876091058.27,,
2000-03-27,5731795924886.02,,
2000-03-28,5733741907422.83,,
2000-03-29,5733451648545.39,,
2000-03-30,5788541874357.52,,
2000-03-31,5773391634682.91,,
2000-04-03,5750620100381.36,,
2000-04-04,5758854640223.41,,
2000-04-05,5758940935120.58,,
2000-04-06,5762301865002.06,,
2000-04-07,5758223953710.54,,
2000-04-10,5761021041671.35,,
2000-04-11,5763650722859.87,,
2000-04-12,5764655944486.86,,
2000-04-13,5767039169480.67,,
2000-04-14,5767671832142.44,,
2000-04-17,5757083549106.21,,
2000-04-18,5737569465214.72,,
2000-04-19,5736807961736.07,,
2000-04-20,5707061035803.79,,
2000-04-21,5709710106820.64,,
2000-04-24,5711905996688.11,,
2000-04-25,5714809510973.78,,
2000-04-26,5718483607979.32,,
2000-04-27,5680311128122.62,,
2000-04-28,5685108228594.76,,
2000-05-01,5660725641994.27,,
2000-05-02,5669550992339.00,,
2000-05-03,5658066936728.56,,
2000-05-04,5661532699593.02,,
2000-05-05,5662392522569.88,,
2000-05-08,5662693356964.51,,
2000-05-09,5662962880861.72,,
2000-05-10,5664193479449.87,,
2000-05-11,5666074628759.68,,
2000-05-12,5667021443140.97,,
2000-05-15,5665244853842.93,,
2000-05-16,5669366486429.39,,
2000-05-17,5671580132464.01,,
2000-05-18,5672936400453.12,,
2000-05-19,5673912681580.44,,
2000-05-22,5673857621024.05,,
2000-05-23,5676154056469.67,,
2000-05-24,5676761996112.82,,
2000-05-25,5666871102048.34,,
2000-05-26,5667116101269.73,,
2000-05-30,5663460034184.96,,
2000-05-31,5647169888532.25,,
2000-06-01,5646486626691.13,,
2000-06-02,5640080609534.56,,
2000-06-05,5642401863301.59,,
2000-06-06,5647513754741.07,,
2000-06-07,5645678929300.91,,
2000-06-08,5644928857090.87,,
2000-06-09,5645113216631.00,,
2000-06-12,5648173825800.99,,
2000-06-13,5651368584663.04,,
2000-06-14,5643728718133.89,,
2000-06-15,5644606868488.81,,
2000-06-16,5648305252669.45,,
2000-06-19,5649976295575.09,,
2000-06-20,5653559850881.99,,
2000-06-21,5653964505301.84,,
2000-06-22,5646010797231.14,,
2000-06-23,5646605711994.02,,
2000-06-26,5647618721190.63,,
2000-06-27,5650719953982.79,,
2000-06-28,5649147080050.00,,
2000-06-29,5645427846938.37,,
2000-06-30,5685938087296.66,,
2000-07-03,5656715920235.71,,
2000-07-05,5663895163292.22,,
2000-07-06,5665885115450.41,,
2000-07-07,5664950120488.65,,
2000-07-10,5662949608628.38,,
2000-07-11,5665065032353.04,,
2000-07-12,5664141886637.91,,
2000-07-13,5666740403750.26,,
2000-07-14,5666749557909.16,,
2000-07-17,5671572598778.11,,
2000-07-18,5680376489658.94,,
2000-07-19,5678196782955.74,,
2000-07-20,5665502891368.60,,
2000-07-21,5667708257883.47,,
2000-07-24,5668098197951.86,,
2000-07-25,5670717940248.21,,
2000-07-26,5669530258286.44,,
2000-07-27,5673849483128.50,,
2000-07-28,5671430125200.86,,
2000-07-31,5658807449906.68,,
2000-08-01,5652485270404.28,,
2000-08-02,5656022578326.22,,
2000-08-03,5640950837276.55,,
2000-08-04,5641562301191.80,,
2000-08-07,5643344135035.46,,
2000-08-08,5644680330202.24,,
2000-08-09,5641361915329.55,,
2000-08-10,5647243550426.66,,
2000-08-11,5648286329505.12,,
2000-08-14,5648846027637.05,,
2000-08-15,5679371484367.22,,
2000-08-16,5677493670632.09,,
2000-08-17,5670246155338.79,,
2000-08-18,5670329490959.40,,
2000-08-21,5670375401050.23,,
2000-08-22,5673442837103.28,,
2000-08-23,5672452556960.42,,
2000-08-24,5677681740802.04,,
2000-08-25,5677647064339.47,,
2000-08-28,5677115998144.41,,
2000-08-29,5679723029209.03,,
2000-08-30,5676995228067.60,,
2000-08-31,5677822307077.83,,
2000-09-01,5676516679692.56,,
2000-09-05,5678475470839.16,,
2000-09-06,5681881776256.37,,
2000-09-07,5680707239455.93,,
2000-09-08,5680083623060.12,,
2000-09-11,5680975300511.24,,
2000-09-12,5684118446519.63,,
2000-09-13,5685088778465.03,,
2000-09-14,5675575620669.30,,
2000-09-15,5649458049076.86,,
2000-09-18,5651871016617.17,,
2000-09-19,5658234946688.07,,
2000-09-20,5660515052511.42,,
2000-09-21,5644927300946.80,,
2000-09-22,5646596948282.03,,
2000-09-25,5646252666475.97,,
2000-09-26,5648781388359.77,,
2000-09-27,5650215693123.45,,
2000-09-28,5647797489451.39,,
2000-09-29,5674178209886.86,3405303490221.20,2268874719665.66
2000-10-02,5661548045674.53,,
2000-10-03,5653358623363.58,,
2000-10-04,5653380479214.62,,
2000-10-05,5662225814331.71,,
2000-10-06,5660786987693.59,,
2000-10-10,5658397995719.35,,
2000-10-11,5660113029266.52,,
2000-10-12,5652782594061.86,,
2000-10-13,5654691872296.28,,
2000-10-16,5660152346828.33,,
2000-10-17,5664975939816.81,,
2000-10-18,5664293307225.32,,
2000-10-19,5670716361031.21,,
2000-10-20,5671113923599.68,,
2000-10-23,5670684446983.21,,
2000-10-24,5674018471636.91,,
2000-10-25,5672690012239.29,,
2000-10-26,5677614391875.30,,
2000-10-27,5678667034082.46,,
2000-10-30,5675479560020.27,,
2000-10-31,5657327531667.14,,
2000-11-01,5680961418882.13,,
2000-11-02,5691725335190.51,,
2000-11-03,5676558033203.23,,
2000-11-06,5678648844656.97,,
2000-11-07,5681279424524.84,,
2000-11-08,5679555849883.62,,
2000-11-10,5672552063911.28,,
2000-11-13,5672143362653.09,,
2000-11-14,5675947901835.78,,
2000-11-15,5690309860010.61,,
2000-11-16,5697018859217.42,,
2000-11-17,5699605608462.98,,
2000-11-20,5699552938717.19,,
2000-11-21,5702078800235.91,,
2000-11-22,5701163257576.67,,
2000-11-24,5707111759932.43,,
2000-11-27,5709192249328.43,,
2000-11-28,5711686606331.30,,
2000-11-29,5709271037447.22,,
2000-11-30,5709699281427.00,,
2000-12-01,5719966855820.30,,
2000-12-04,5723013386410.80,,
2000-12-05,5725766524240.10,,
2000-12-06,5725118617894.72,,
2000-12-07,5717605135485.67,,
2000-12-08,5717976505434.98,,
2000-12-11,5717704373699.51,,
2000-12-12,5720302790724.90,,
2000-12-13,5720701862393.67,,
2000-12-14,5726713628599.18,,
2000-12-15,5689047905641.57,,
2000-12-18,5677827711900.99,,
2000-12-19,5683378289685.26,,
2000-12-20,5681426863675.59,,
2000-12-21,5657586457060.46,,
2000-12-22,5657372924635.71,,
2000-12-26,5661579846114.32,,
2000-12-27,5663706592936.09,,
2000-12-28,5665928609714.47,,
2000-12-29,5662216013697.37,,
2001-01-02,5728739508558.96,,
2001-01-03,5723237439563.59,,
2001-01-04,5719452925490.54,,
2001-01-05,5722338254319.31,,
2001-01-09,5725066298944.04,,
2001-01-10,5724315917828.49,,
2001-01-11,5734110648665.41,,
2001-01-12,5735197779458.19,,
2001-01-16,5711790291567.40,,
2001-01-17,5718517343351.92,,
2001-01-18,5725695166475.90,,
2001-01-19,5727776738304.64,,
2001-01-22,5728195796181.57,,
2001-01-23,5732723749861.27,,
2001-01-24,5732255355204.69,,
2001-01-25,5739320332063.05,,
2001-01-26,5740435844198.00,,
2001-01-29,5739059297122.31,,
2001-01-30,5740291126546.45,,
2001-01-31,5716070587057.36,,
2001-02-01,5703346472448.65,,
2001-02-02,5692920049098.18,,
2001-02-05,5692234596517.07,,
2001-02-06,5696112552640.62,,
2001-02-07,5694062535040.67,,
2001-02-08,5697248248419.78,,
2001-02-09,5698504013467.32,,
2001-02-12,5699501406898.13,,
2001-02-13,5702465484866.60,,
2001-02-14,5700887675778.04,,
2001-02-15,5712465542248.62,,
2001-02-16,5713324669859.74,,
2001-02-20,5719124940098.04,,
2001-02-21,5720449734370.04,,
2001-02-22,5724785875504.11,,
2001-02-23,5725592790784.57,,
2001-02-26,5726224651481.74,,
2001-02-27,5726968823821.55,,
2001-02-28,5735859380573.98,,
2001-03-01,5726774439028.95,,
2001-03-02,5742769797856.70,,
2001-03-05,5743401716650.84,,
2001-03-06,5749734337611.83,,
2001-03-07,5747491094329.69,,
2001-03-08,5747550277632.42,,
2001-03-09,5747792825182.88,,
2001-03-12,5748756736296.21,,
2001-03-13,5752122226353.86,,
2001-03-14,5750555317104.73,,
2001-03-15,5724494097883.09,,
2001-03-16,5725427309171.06,,
2001-03-19,5729611586294.55,,
2001-03-20,5732596852845.50,,
2001-03-21,5731169100580.51,,
2001-03-22,5732049780656.46,,
2001-03-23,5734215116583.82,,
2001-03-26,5733895076837.79,,
2001-03-27,5736074141495.08,,
2001-03-28,5734570704080.99,,
2001-03-29,5770774722962.15,,
2001-03-30,5773739949951.53,,
2001-04-02,5745399258826.83,,
2001-04-03,5776367926942.46,,
2001-04-04,5777864856329.85,,
2001-04-05,5772523327634.26,,
2001-04-06,5770199654130.96,,
2001-04-09,5769837050562.21,,
2001-04-10,5772787008201.93,,
2001-04-11,5772021061262.62,,
2001-04-12,5767344678757.96,,
2001-04-13,5768256399246.51,,
2001-04-16,5736115560252.10,,
2001-04-17,5742701309510.77,,
2001-04-18,5742758417002.90,,
2001-04-19,5712575341251.93,,
2001-04-20,5713631148647.61,,
2001-04-23,5673969614244.57,,
2001-04-24,5681673830247.36,,
2001-04-25,5681916012004.34,,
2001-04-26,5679103723997.64,,
2001-04-27,5678255839065.80,,
2001-04-30,5661347798002.65,,
2001-05-01,5651070445048.89,,
2001-05-02,5655955997201.31,,
2001-05-03,5636663639692.83,,
2001-05-04,5641702535760.39,,
2001-05-07,5643605408260.92,,
2001-05-08,5647881033420.09,,
2001-05-09,5643268010418.43,,
2001-05-10,5640325386358.77,,
2001-05-11,5637839303470.87,,
2001-05-14,5641550724928.73,,
2001-05-15,5651674551618.32,,
2001-05-16,5650935951696.96,,
2001-05-17,5654620129223.75,,
2001-05-18,5655505213567.79,,
2001-05-21,5654596844308.03,,
2001-05-22,5658520030420.14,,
2001-05-23,5658410674620.47,,
2001-05-24,5660965921275.71,,
2001-05-25,5660883342386.72,,
2001-05-29,5661254498820.33,,
2001-05-30,5661970599552.18,,
2001-05-31,5656181958605.26,,
2001-06-01,5670559902293.71,,
2001-06-04,5668781838668.70,,
2001-06-05,5671991683864.65,,
2001-06-06,5669404114473.96,,
2001-06-07,5672373164658.13,,
2001-06-08,5679727774591.76,,
2001-06-11,5680526114067.39,,
2001-06-12,5683524204123.12,,
2001-06-13,5681952015740.15,,
2001-06-14,5668751476740.81,,
2001-06-15,5632910105449.16,,
2001-06-18,5634686176609.17,,
2001-06-19,5641114076861.51,,
2001-06-20,5641023159870.17,,
2001-06-21,5650400532764.38,,
2001-06-22,5651584304624.97,,
2001-06-25,5653134996052.59,,
2001-06-26,5656750181308.17,,
2001-06-27,5655167264852.88,,
2001-06-28,5663970068775.88,,
2001-06-29,5726814835287.17,,
2001-07-02,5693220327798.14,,
2001-07-03,5698195769465.40,,
2001-07-05,5708829862442.57,,
2001-07-06,5710979327576.62,,
2001-07-09,5709925391754.47,,
2001-07-10,5710436329428.99,,
2001-07-11,5709374137996.57,,
2001-07-12,5705912100489.65,,
2001-07-13,5705050480267.56,,
2001-07-16,5709313725685.43,,
2001-07-17,5714215489048.80,,
2001-07-18,5712502926348.50,,
2001-07-19,5722702995597.20,,
2001-07-20,5723280631657.09,,
2001-07-23,5721846564456.14,,
2001-07-24,5724984658043.75,,
2001-07-25,5725120881956.31,,
2001-07-26,5736556518776.52,,
2001-07-27,5736703126894.92,,
2001-07-30,5733200036425.98,,
2001-07-31,5718303095621.12,,
2001-08-01,5706162161657.50,,
2001-08-02,5730045940032.12,,
2001-08-03,5715969187686.18,,
2001-08-06,5718658696584.40,,
2001-08-07,5721320943946.25,,
2001-08-08,5720324946092.23,,
2001-08-09,5738627823527.66,,
2001-08-10,5738213090042.93,,
2001-08-13,5738291641591.46,,
2001-08-14,5740950419574.28,,
2001-08-15,5754582516257.65,,
2001-08-16,5776340437396.11,,
2001-08-17,5777555753469.15,,
2001-08-20,5776826279419.73,,
2001-08-21,5780199767937.07,,
2001-08-22,5779164972811.46,,
2001-08-23,5804540124890.75,,
2001-08-24,5804791970827.93,,
2001-08-27,5803353287714.99,,
2001-08-28,5806456471521.95,,
2001-08-29,5806216994487.35,,
2001-08-30,5806301992643.13,,
2001-08-31,5769875781034.48,,
2001-09-04,5761532655812.62,,
2001-09-05,5769122055290.29,,
2001-09-06,5774086630858.16,,
2001-09-07,5772587811775.31,,
2001-09-10,5773172068291.89,,
2001-09-12,5776301150520.56,,
2001-09-13,5769813790210.52,,
2001-09-14,5768286494306.88,,
2001-09-17,5770524739693.52,,
2001-09-18,5775665965111.95,,
2001-09-19,5774557678102.79,,
2001-09-20,5781706480008.58,,
2001-09-21,5779002782690.43,,
2001-09-25,5781883935596.61,,
2001-09-26,5782882996921.49,,
2001-09-27,5783811385189.46,,
2001-09-28,5807463412200.06,3339310176094.74,2468153236105.32
2001-10-01,5806151389190.21,,
2001-10-02,5815899927829.86,,
2001-10-03,5797694485722.59,,
2001-10-04,5803751789864.65,,
2001-10-05,5810495191205.19,,
2001-10-09,5808819610348.90,,
2001-10-10,5805746196414.92,,
2001-10-11,5811762115860.32,,
2001-10-12,5813332736265.82,,
2001-10-15,5818887492619.52,,
2001-10-16,5820976918375.44,,
2001-10-17,5820599313961.29,,
2001-10-18,5819279815278.59,,
2001-10-19,5819139910042.71,,
2001-10-22,5819200893343.94,,
2001-10-23,5821675171748.09,,
2001-10-24,5820311931563.74,,
2001-10-25,5823620074112.16,,
2001-10-26,5824411453143.54,,
2001-10-29,5822039361288.25,,
2001-10-30,5821971462166.69,,
2001-10-31,5815983290402.24,3333039379996.92,2482943910405.32
2001-11-01,5817190945192.56,,
2001-11-02,5806732894990.90,,
2001-11-05,5808104752337.60,,
2001-11-06,5812512816875.50,,
2001-11-07,5811736699857.67,,
2001-11-08,5831055423208.83,,
2001-11-09,5831816816491.18,,
2001-11-13,5832492480919.84,,
2001-11-14,5833108738567.23,,
2001-11-15,5860555739187.45,,
2001-11-16,5863247749685.03,,
2001-11-19,5864207782711.29,,
2001-11-20,5866343417402.65,,
2001-11-21,5864172553027.38,,
2001-11-23,5888497863561.77,,
2001-11-26,5890476569034.66,,
2001-11-27,5895478723477.68,,
2001-11-28,5893029295436.42,,
2001-11-29,5896680618134.52,,
2001-11-30,5888896887571.34,3404026838038.17,2484870049533.17
2001-12-03,5862832382763.04,,
2001-12-04,5867886281057.86,,
2001-12-05,5868016815751.26,,
2001-12-06,5877883213016.24,,
2001-12-07,5874922950915.27,,
2001-12-10,5877125427843.37,,
2001-12-11,5879691857799.79,,
2001-12-12,5877463679105.98,,
2001-12-13,5875559240572.48,,
2001-12-14,5875869812211.80,,
2001-12-17,5875160714473.71,,
2001-12-18,5881570635636.22,,
2001-12-19,5883339152814.48,,
2001-12-20,5877829503607.78,,
2001-12-24,5876887804149.35,,
2001-12-26,5881074720650.64,,
2001-12-27,5873133713057.90,,
2001-12-28,5874765085547.09,,
2001-12-31,5943438563436.13,3394398958213.60,2549039605222.53
2002-01-02,5932932561034.54,,
2002-01-03,5919563782669.47,,
2002-01-04,5921467512500.89,,
2002-01-07,5924738684916.15,,
2002-01-08,5925648406543.46,,
2002-01-09,5922364903891.00,,
2002-01-10,5917637517914.60,,
2002-01-11,5921569434218.62,,
2002-01-14,5921841296537.81,,
2002-01-15,5923667880473.11,,
2002-01-16,5922998744318.79,,
2002-01-17,5921329269992.48,,
2002-01-18,5922321839074.39,,
2002-01-22,5924540106802.70,,
2002-01-23,5926021548395.36,,
2002-01-24,5924086349662.89,,
2002-01-25,5929423317353.04,,
2002-01-28,5929295811441.63,,
2002-01-29,5932136522924.02,,
2002-01-30,5929429748403.27,,
2002-01-31,5937228743476.27,3378924426706.66,2558304316769.61
2002-02-01,5910983893779.23,,
2002-02-04,5916230964734.03,,
2002-02-05,5921591683471.62,,
2002-02-06,5919541743268.34,,
2002-02-07,5927706526358.33,,
2002-02-08,5930243480686.36,,
2002-02-11,5929986106157.65,,
2002-02-12,5933095708171.14,,
2002-02-13,5931016018914.50,,
2002-02-14,5945006500796.26,,
2002-02-15,5971883709164.78,,
2002-02-19,5973692189581.81,,
2002-02-20,5977405934060.08,,
2002-02-21,5994326767988.66,,
2002-02-22,5996512013083.82,,
2002-02-25,5997270977826.37,,
2002-02-26,6002734772404.52,,
2002-02-27,5997588652769.46,,
2002-02-28,6003453016583.85,3442243757040.41,2561209259543.44
2002-03-01,5977010131164.00,,
2002-03-04,5982635088505.08,,
2002-03-05,5987408856719.35,,
2002-03-06,5985217591986.90,,
2002-03-07,5991318519771.93,,
2002-03-08,5993758200456.19,,
2002-03-11,5994139115503.54,,
2002-03-12,5997795870635.37,,
2002-03-13,5995411977197.58,,
2002-03-14,6002538253520.05,,
2002-03-15,6001360667275.42,,
2002-03-18,6002882546420.97,,
2002-03-19,6009910180252.69,,
2002-03-20,6008225142348.45,,
2002-03-21,6008707729579.59,,
2002-03-22,6008873223059.17,,
2002-03-25,6012312788802.00,,
2002-03-26,6014923655339.27,,
2002-03-27,6013120466374.43,,
2002-03-28,6007589462577.35,,
2002-03-29,6006031606265.38,3444137028277.33,2561894577988.05
2002-04-01,5999311790413.49,,
2002-04-02,6005511463777.25,,
2002-04-03,6014197668665.29,,
2002-04-04,6021017363339.55,,
2002-04-05,6020970857706.62,,
2002-04-08,6020831299342.10,,
2002-04-09,6020784790058.45,,
2002-04-10,6020735519021.84,,
2002-04-11,6020911043558.80,,
2002-04-12,6020864443381.79,,
2002-04-15,6020720533307.05,,
2002-04-16,6009070654503.89,,
2002-04-17,6010533726962.73,,
2002-04-18,6004323827172.06,,
2002-04-19,6005161158767.37,,
2002-04-22,5983662934913.34,,
2002-04-23,5990551754639.13,,
2002-04-24,5989711366487.35,,
2002-04-25,5974748781674.22,,
2002-04-26,5974913746220.04,,
2002-04-29,5972996406543.64,,
2002-04-30,5984677357213.86,3402336886067.70,2582340471146.16
2002-05-01,5974320868797.23,,
2002-05-02,5979288646755.03,,
2002-05-03,5966885188391.86,,
2002-05-06,5969691431266.78,,
2002-05-07,5973527635269.29,,
2002-05-08,5973205194045.55,,
2002-05-09,5978218818210.58,,
2002-05-10,5988911662755.21,,
2002-05-13,5989198647537.89,,
2002-05-14,5990414639076.97,,
2002-05-15,6016580911847.58,,
2002-05-16,6019475513420.98,,
2002-05-17,6019432256973.92,,
2002-05-20,6019304226577.31,,
2002-05-21,6019261264823.37,,
2002-05-22,6019218593505.56,,
2002-05-23,6019507628998.81,,
2002-05-24,6019464546170.05,,
2002-05-28,6019285474355.32,,
2002-05-29,6019242388040.06,,
2002-05-30,6019527986314.02,,
2002-05-31,6019332312247.55,3433836481390.91,2585495830856.64
2002-06-03,6019104396995.61,,
2002-06-04,6019060342413.39,,
2002-06-05,6019011103766.73,,
2002-06-06,6019291726873.34,,
2002-06-07,6019247621708.75,,
2002-06-10,6019115301642.58,,
2002-06-11,6019071198788.71,,
2002-06-12,6019033185532.18,,
2002-06-13,6019306655544.30,,
2002-06-14,6019262699735.47,,
2002-06-17,6019121181473.83,,
2002-06-18,6019076951481.93,,
2002-06-19,6019034010971.33,,
2002-06-20,6018747499787.80,,
2002-06-21,6018704427096.91,,
2002-06-24,6018575197610.10,,
2002-06-25,6018532124630.77,,
2002-06-26,6018489051398.77,,
2002-06-27,6018752489419.85,,
2002-06-28,6126468760400.48,3464147372780.82,2662321387619.66
2002-07-01,6117106533104.73,,
2002-07-02,6124073516137.05,,
2002-07-03,6110412345649.01,,
2002-07-05,6115735419045.29,,
2002-07-08,6116271961643.33,,
2002-07-09,6119318643079.06,,
2002-07-10,6114053599385.23,,
2002-07-11,6126597702503.04,,
2002-07-12,6126893802921.30,,
2002-07-15,6116731188478.30,,
2002-07-16,6119331528850.00,,
2002-07-17,6119360038214.16,,
2002-07-18,6133146456673.25,,
2002-07-19,6132592680423.69,,
2002-07-22,6133730515433.32,,
2002-07-23,6136630470681.18,,
2002-07-24,6136201901178.24,,
2002-07-25,6150003507609.84,,
2002-07-26,6150620096273.10,,
2002-07-29,6150847883507.12,,
2002-07-30,6150951718168.42,,
2002-07-31,6159740790009.39,3500451919732.42,2659288870276.97
2002-08-01,6158782145887.11,,
2002-08-02,6148756499131.98,,
2002-08-05,6148395980810.85,,
2002-08-06,6151671997592.87,,
2002-08-07,6150811787179.89,,
2002-08-08,6159773600947.54,,
2002-08-09,6161175202672.18,,
2002-08-12,6162108583400.04,,
2002-08-13,6164529911859.03,,
2002-08-14,6162050564438.14,,
2002-08-15,6193056143650.08,,
2002-08-16,6193272924133.45,,
2002-08-19,6195779296107.99,,
2002-08-20,6198881278266.14,,
2002-08-21,6195860088809.28,,
2002-08-22,6204506147068.71,,
2002-08-23,6206496269305.09,,
2002-08-26,6207777801371.69,,
2002-08-27,6211118788912.48,,
2002-08-28,6210593876534.73,,
2002-08-29,6212191672177.83,,
2002-08-30,6210481675956.26,3558276735685.63,2652204940270.63
2002-09-03,6194089703019.91,,
2002-09-04,6201449286859.25,,
2002-09-05,6203621876964.50,,
2002-09-06,6203279922857.50,,
2002-09-09,6200848240187.31,,
2002-09-10,6206134982821.32,,
2002-09-11,6212731396360.16,,
2002-09-12,6207448344943.44,,
2002-09-13,6206509037316.48,,
2002-09-16,6198239142009.48,,
2002-09-17,6206073469907.30,,
2002-09-18,6203601028501.77,,
2002-09-19,6199158297617.64,,
2002-09-20,6199849505001.03,,
2002-09-23,6201634677013.67,,
2002-09-24,6202454383502.58,,
2002-09-25,6201863128192.67,,
2002-09-26,6195917334028.10,,
2002-09-27,6193334713434.45,,
2002-09-30,6228235965597.16,3553180247874.74,2675055717722.42
2002-10-01,6215430666794.73,,
2002-10-02,6237381974360.51,,
2002-10-03,6234380384571.77,,
2002-10-04,6235990066541.70,,
2002-10-07,6235930213027.73,,
2002-10-08,6239755232300.10,,
2002-10-09,6236679890571.11,,
2002-10-10,6240299505760.08,,
2002-10-11,6239556841863.96,,
2002-10-15,6246660392073.73,,
2002-10-16,6246773496026.59,,
2002-10-17,6251118729877.65,,
2002-10-18,6249702211058.54,,
2002-10-21,6250436637598.70,,
2002-10-22,6253931306617.38,,
2002-10-23,6252024824472.17,,
2002-10-24,6261490337240.08,,
2002-10-25,6262167054248.04,,
2002-10-28,6262862376405.95,,
2002-10-29,6265365548907.49,,
2002-10-30,6265566488868.95,,
2002-10-31,6282527974378.50,3586523556148.57,2696004418229.93
2002-11-01,6258220921656.94,,
2002-11-04,6262497892544.30,,
2002-11-05,6265302560419.58,,
2002-11-06,6263940580234.33,,
2002-11-07,6269320696959.00,,
2002-11-08,6271423079676.64,,
2002-11-12,6270943936131.68,,
2002-11-13,6273282463524.76,,
2002-11-14,6282138550697.26,,
2002-11-15,6324046866798.58,,
2002-11-18,6325418923385.89,,
2002-11-19,6330526863880.25,,
2002-11-20,6327463487181.06,,
2002-11-21,6332857282620.31,,
2002-11-22,6332715758032.33,,
2002-11-25,6333388288958.19,,
2002-11-26,6340972979201.14,,
2002-11-27,6338927203679.87,,
2002-11-29,6343460146781.79,3649352539575.36,2694107607206.43
2002-12-02,6338699979592.55,,
2002-12-03,6327137536388.61,,
2002-12-04,6326481571338.52,,
2002-12-05,6332961664313.67,,
2002-12-06,6330682270007.28,,
2002-12-09,6330151460851.70,,
2002-12-10,6345906143621.31,,
2002-12-11,6342858747140.36,,
2002-12-12,6340621206423.40,,
2002-12-13,6339815664543.29,,
2002-12-16,6326836970262.51,,
2002-12-17,6333988644191.46,,
2002-12-18,6332067061221.38,,
2002-12-19,6327769228745.17,,
2002-12-20,6327507067992.90,,
2002-12-23,6328050248796.37,,
2002-12-24,6327459041582.08,,
2002-12-26,6322588055861.26,,
2002-12-27,6324662173895.04,,
2002-12-30,6325563131871.87,,
2002-12-31,6405707456847.53,3647939770383.73,2757767686463.80
2003-01-02,6389356141156.55,,
2003-01-03,6382650489675.40,,
2003-01-06,6383514236076.15,,
2003-01-07,6387381983103.35,,
2003-01-08,6383281068493.19,,
2003-01-09,6381926712367.35,,
2003-01-10,6382620048093.48,,
2003-01-13,6380582269971.85,,
2003-01-14,6383462572294.58,,
2003-01-15,6386957326682.31,,
2003-01-16,6384824540523.90,,
2003-01-17,6388587973011.41,,
2003-01-21,6387841175651.97,,
2003-01-22,6389894461722.18,,
2003-01-23,6389561622961.91,,
2003-01-24,6392119196353.47,,
2003-01-27,6395237394489.82,,
2003-01-28,6399121608270.48,,
2003-01-29,6399240555827.75,,
2003-01-30,6399305080810.20,,
2003-01-31,6401376662047.32,,
2003-02-03,6379432578400.38,,
2003-02-04,6388239504295.45,,
2003-02-05,6387332567273.92,,
2003-02-06,6401330573005.21,,
2003-02-07,6398607223793.01,,
2003-02-10,6400363175585.80,,
2003-02-11,6403775445922.86,,
2003-02-12,6400775460992.07,,
2003-02-13,6414860990193.10,,
2003-02-14,6414086191317.72,,
2003-02-18,6437926287364.49,,
2003-02-19,6442718474145.91,,
2003-02-20,6446175354465.78,,
2003-02-21,6446140296660.54,,
2003-02-24,6446038803864.15,,
2003-02-25,6446004668324.03,,
2003-02-26,6445970533267.53,,
2003-02-27,6446165774125.26,,
2003-02-28,6445790102794.08,3683888032284.53,2761902070509.55
2003-03-03,6445698726713.18,,
2003-03-04,6445657357431.67,,
2003-03-05,6460621838679.66,,
2003-03-06,6460801790956.35,,
2003-03-07,6460766227729.85,,
2003-03-10,6460659531541.01,,
2003-03-11,6460621340512.27,,
2003-03-12,6460585777680.29,,
2003-03-13,6460744895144.64,,
2003-03-14,6460709229897.82,,
2003-03-17,6460602930313.42,,
2003-03-18,6460568106011.18,,
2003-03-19,6460533569239.51,,
2003-03-20,6460712491314.69,,
2003-03-21,6460674090486.67,,
2003-03-24,6460570026872.52,,
2003-03-25,6460535345690.24,,
2003-03-26,6460500338259.08,,
2003-03-27,6460683851496.24,,
2003-03-28,6460649275186.23,,
2003-03-31,6460776256578.16,3711311962399.17,2749464294178.99
2003-04-01,6460741982363.11,,
2003-04-02,6460707711622.02,,
2003-04-03,6460883083990.99,,
2003-04-04,6460848478613.52,,
2003-04-07,6460744653570.51,,
2003-04-08,6460697206431.50,,
2003-04-09,6460664200138.40,,
2003-04-10,6460828617061.12,,
2003-04-11,6460792544188.95,,
2003-04-14,6460686804499.03,,
2003-04-15,6460651308615.55,,
2003-04-16,6460617585976.91,,
2003-04-17,6460780111309.05,,
2003-04-18,6460747047775.30,,
2003-04-21,6460647854361.95,,
2003-04-22,6460605341148.70,,
2003-04-23,6460572277868.61,,
2003-04-24,6460743188902.46,,
2003-04-25,6460710818047.88,,
2003-04-28,6460613708360.89,,
2003-04-29,6460581338149.98,,
2003-04-30,6460380745789.28,3702844997678.07,2757535748111.21
2003-05-01,6460544146581.37,,
2003-05-02,6460512105716.15,,
2003-05-05,6460415978242.13,,
2003-05-06,6460377391988.34,,
2003-05-07,6460345350371.45,,
2003-05-08,6460497884145.02,,
2003-05-09,6460466362233.10,,
2003-05-12,6460371786677.29,,
2003-05-13,6460340581249.18,,
2003-05-14,6460308855091.23,,
2003-05-15,6460444642526.75,,
2003-05-16,6460414110545.71,,
2003-05-19,6460322505519.43,,
2003-05-20,6460276922875.71,,
2003-05-21,6460247153270.68,,
2003-05-22,6460406169833.02,,
2003-05-23,6460375443807.49,,
2003-05-27,6542346018594.47,,
2003-05-28,6547151634901.82,,
2003-05-29,6556905547599.90,,
2003-05-30,6558143157335.55,3776618318157.35,2781524839178.20
2003-06-02,6538800096469.64,,
2003-06-03,6567421336173.17,,
2003-06-04,6567808412367.78,,
2003-06-05,6581232550833.36,,
2003-06-06,6578826704876.87,,
2003-06-09,6578526953822.51,,
2003-06-10,6582527844624.59,,
2003-06-11,6579572865438.72,,
2003-06-12,6602705918937.27,,
2003-06-13,6580840027529.36,,
2003-06-16,6596236244735.40,,
2003-06-17,6602818956109.58,,
2003-06-18,6600926386357.06,,
2003-06-19,6598367956292.64,,
2003-06-20,6598471605777.22,,
2003-06-23,6598914818573.85,,
2003-06-24,6603982165220.17,,
2003-06-25,6600897675744.41,,
2003-06-26,6592029519474.02,,
2003-06-27,6589675806363.96,,
2003-06-30,6670121155027.26,3816831315563.84,2853289839463.42
2003-07-01,6661149640189.12,,
2003-07-02,6664585450219.34,,
2003-07-03,6656271436016.11,,
2003-07-07,6656880050796.69,,
2003-07-08,6661139880068.78,,
2003-07-09,6660190974044.60,,
2003-07-10,6659226260487.87,,
2003-07-11,6659621392684.00,,
2003-07-14,6705859055894.83,,
2003-07-15,6720371180827.98,,
2003-07-16,6718761956467.36,,
2003-07-17,6722160964748.21,,
2003-07-18,6721854190498.46,,
2003-07-21,6722777711908.14,,
2003-07-22,6726006109521.64,,
2003-07-23,6722660101579.94,,
2003-07-24,6727820331966.78,,
2003-07-25,6728160376478.94,,
2003-07-28,6728491430522.85,,
2003-07-29,6731342127928.26,,
2003-07-30,6730118761619.41,,
2003-07-31,6751195107063.07,3902893862015.02,2848301245048.05
2003-08-01,6727587083455.60,,
2003-08-04,6732382078949.43,,
2003-08-05,6736678634901.89,,
2003-08-06,6735127561462.54,,
2003-08-07,6738632001233.74,,
2003-08-08,6741662308948.83,,
2003-08-11,6741975510157.17,,
2003-08-12,6744943168393.25,,
2003-08-13,6742144116441.07,,
2003-08-14,6752783607985.16,,
2003-08-15,6770542657467.64,,
2003-08-18,6771501472068.23,,
2003-08-19,6777202258263.54,,
2003-08-20,6774449246925.27,,
2003-08-21,6786494216964.20,,
2003-08-22,6787289153093.89,,
2003-08-25,6789437055838.61,,
2003-08-26,6792309952142.68,,
2003-08-27,6788645666601.51,,
2003-08-28,6791411645291.54,,
2003-08-29,6790040713975.50,3947859871672.16,2842180842303.34
2003-09-02,6792556749803.50,,
2003-09-03,6801408479637.10,,
2003-09-04,6811296078466.93,,
2003-09-05,6812854175742.78,,
2003-09-08,6808947628951.49,,
2003-09-09,6810800376012.68,,
2003-09-10,6807772810448.43,,
2003-09-11,6810434342743.91,,
2003-09-12,6810076329570.70,,
2003-09-15,6808319837959.49,,
2003-09-16,6813239615899.16,,
2003-09-17,6813529362909.03,,
2003-09-18,6791965742880.87,,
2003-09-19,6795424595387.44,,
2003-09-22,6799684130327.62,,
2003-09-23,6803794168784.52,,
2003-09-24,6802893723366.66,,
2003-09-25,6784938335739.73,,
2003-09-26,6782613672666.16,,
2003-09-29,6782571483956.97,,
2003-09-30,6783231062743.62,3924090106880.88,2859140955862.74
2003-10-01,6804504127055.70,,
2003-10-02,6805599570918.78,,
2003-10-03,6812573929325.08,,
2003-10-06,6814440215107.91,,
2003-10-07,6817256800753.20,,
2003-10-08,6815762633308.91,,
2003-10-09,6818335215910.51,,
2003-10-10,6815997835664.82,,
2003-10-14,6816232489123.39,,
2003-10-15,6819991274100.25,,
2003-10-16,6830709313106.40,,
2003-10-17,6834021912939.72,,
2003-10-20,6834248759903.16,,
2003-10-21,6837578313166.46,,
2003-10-22,6834787133873.25,,
2003-10-23,6846423952526.25,,
2003-10-24,6847437986849.37,,
2003-10-27,6847911183949.94,,
2003-10-28,6850042548549.47,,
2003-10-29,6849715229636.36,,
2003-10-30,6860382879862.78,,
2003-10-31,6872675839106.67,3990508094197.53,2882167744909.14
2003-11-03,6855209146971.64,,
2003-11-04,6862831540527.38,,
2003-11-05,6863987528045.28,,
2003-11-06,6871432391769.13,,
2003-11-07,6868507453740.20,,
2003-11-10,6871630935397.46,,
2003-11-12,6871667152822.78,,
2003-11-13,6872816286495.60,,
2003-11-14,6870815186447.15,,
2003-11-17,6904718859459.11,,
2003-11-18,6912605204975.71,,
2003-11-19,6909325721906.63,,
2003-11-20,6914582248909.88,,
2003-11-21,6913715353768.99,,
2003-11-24,6916263600308.44,,
2003-11-25,6919174402688.05,,
2003-11-26,6915109204609.24,,
2003-11-28,6925065499881.34,4032904791048.37,2892160708832.97
2003-12-01,6914406243287.65,,
2003-12-02,6918260082500.99,,
2003-12-03,6936234103128.50,,
2003-12-04,6939572558142.72,,
2003-12-05,6937966948177.28,,
2003-12-08,6940376825298.36,,
2003-12-09,6940395230585.36,,
2003-12-10,6936475127245.87,,
2003-12-11,6939621502947.36,,
2003-12-12,6939710592770.24,,
2003-12-15,6935737372166.94,,
2003-12-16,6937495551032.68,,
2003-12-17,6932242837786.48,,
2003-12-18,6922308687684.80,,
2003-12-19,6921782749480.24,,
2003-12-22,6923902827390.09,,
2003-12-23,6930329859205.35,,
2003-12-24,6927206071138.91,,
2003-12-26,6915121384308.12,,
2003-12-29,6916516664113.52,,
2003-12-30,6915186083875.25,,
2003-12-31,6997964247818.28,4044243829239.60,2953720418578.68
2004-01-02,6981477122871.86,,
2004-01-05,6989184944125.77,,
2004-01-06,6991488657454.93,,
2004-01-07,6990408199507.34,,
2004-01-08,6985436709829.38,,
2004-01-09,6987116908679.61,,
2004-01-12,6988570014716.87,,
2004-01-13,6991843338608.59,,
2004-01-14,6988602001011.26,,
2004-01-15,7001852607623.35,,
2004-01-16,7002877924418.81,,
2004-01-20,7006834072435.49,,
2004-01-21,7007932873054.97,,
2004-01-22,7008606702827.92,,
2004-01-23,7011706193371.95,,
2004-01-26,7012401539247.40,,
2004-01-27,7017309022990.02,,
2004-01-28,7014800837478.20,,
2004-01-29,7010088657339.47,,
2004-01-30,7009234605728.06,4045200977014.69,2964033628713.37
2004-02-02,6999225568549.30,,
2004-02-03,6995640607255.37,,
2004-02-04,6995566489614.71,,
2004-02-05,7009333811289.69,,
2004-02-06,7007151685098.82,,
2004-02-09,7009302427650.80,,
2004-02-10,7012102110400.63,,
2004-02-11,7008539942293.52,,
2004-02-12,7024983813569.60,,
2004-02-13,7025538526126.98,,
2004-02-17,7057767771759.59,,
2004-02-18,7060810492230.78,,
2004-02-19,7075958798529.31,,
2004-02-20,7078257721070.94,,
2004-02-23,7078547781475.11,,
2004-02-24,7082476010743.55,,
2004-02-25,7079926804261.36,,
2004-02-26,7088125600039.76,,
2004-02-27,7091943110094.84,4125593309304.13,2966349800790.71
2004-03-01,7065724603168.71,,
2004-03-02,7074045293090.18,,
2004-03-03,7088938265393.24,,
2004-03-04,7099563768330.73,,
2004-03-05,7099567295565.79,,
2004-03-08,7100583000173.98,,
2004-03-09,7101968174220.41,,
2004-03-10,7098933492984.19,,
2004-03-11,7108569959814.55,,
2004-03-12,7110400061554.98,,
2004-03-15,7107241822708.55,,
2004-03-16,7112101936253.79,,
2004-03-17,7112045133227.38,,
2004-03-18,7122319716240.24,,
2004-03-19,7122202961882.64,,
2004-03-22,7123463144525.77,,
2004-03-23,7128192080244.49,,
2004-03-24,7124825451030.21,,
2004-03-25,7130944110012.52,,
2004-03-26,7131615529890.35,,
2004-03-29,7131964532109.93,,
2004-03-30,7129537278372.83,,
2004-03-31,7131067950647.32,4176873639108.95,2954194311538.37
2004-04-01,7122841728666.17,,
2004-04-02,7139841955051.34,,
2004-04-05,7141930542184.59,,
2004-04-06,7151900213503.45,,
2004-04-07,7151013061391.15,,
2004-04-08,7160467386702.99,,
2004-04-09,7160991855678.41,,
2004-04-12,7162025763951.47,,
2004-04-13,7164797958097.65,,
2004-04-14,7162467913839.76,,
2004-04-15,7152609126120.43,,
2004-04-16,7154523400391.22,,
2004-04-19,7142502295952.92,,
2004-04-20,7141785769842.52,,
2004-04-21,7141673039292.53,,
2004-04-22,7131345799396.81,,
2004-04-23,7135539992298.41,,
2004-04-26,7137952926019.37,,
2004-04-27,7142429932100.61,,
2004-04-28,7142411925184.34,,
2004-04-29,7132769330084.19,,
2004-04-30,7133789490581.43,4158978012936.35,2974811477645.08
2004-05-03,7105796969042.55,,
2004-05-04,7124773711006.15,,
2004-05-05,7127985763866.20,,
2004-05-06,7133629790637.80,,
2004-05-07,7131316785832.04,,
2004-05-10,7136491126797.91,,
2004-05-11,7140938564371.73,,
2004-05-12,7138336407027.29,,
2004-05-13,7147545929573.40,,
2004-05-14,7148485831875.31,,
2004-05-17,7175792737791.70,,
2004-05-18,7183392668476.95,,
2004-05-19,7179680898792.06,,
2004-05-20,7191321725950.37,,
2004-05-21,7191790812520.17,,
2004-05-24,7193240510846.79,,
2004-05-25,7197503931787.58,,
2004-05-26,7193954083326.45,,
2004-05-27,7191386807146.67,,
2004-05-28,7196382805621.99,4207088167467.45,2989294638154.54
2004-06-01,7187557826891.12,,
2004-06-02,7191874357776.22,,
2004-06-03,7210718887247.47,,
2004-06-04,7211664978671.13,,
2004-06-07,7212924994568.87,,
2004-06-08,7216377230064.30,,
2004-06-09,7214624032891.61,,
2004-06-10,7222662194222.20,,
2004-06-11,7218774763035.08,,
2004-06-14,7214233343501.43,,
2004-06-15,7211999666400.12,,
2004-06-16,7211228335944.24,,
2004-06-17,7211142622664.63,,
2004-06-18,7211263927070.75,,
2004-06-21,7213296906264.55,,
2004-06-22,7217554314339.98,,
2004-06-23,7215994507882.76,,
2004-06-24,7206736266830.64,,
2004-06-25,7208994047594.88,,
2004-06-28,7209490621804.33,,
2004-06-29,7206415508877.73,,
2004-06-30,7274334972199.15,4218910346556.86,3055424625642.29
2004-07-01,7246142474951.77,,
2004-07-02,7259602983923.51,,
2004-07-06,7260575067498.94,,
2004-07-07,7261983631092.91,,
2004-07-08,7262737835501.71,,
2004-07-09,7267025626017.01,,
2004-07-12,7265299676980.06,,
2004-07-13,7268273275149.20,,
2004-07-14,7265008894040.40,,
2004-07-15,7273199540537.28,,
2004-07-16,7273792456490.62,,
2004-07-19,7276725938268.76,,
2004-07-20,7280098271061.61,,
2004-07-21,7276783676668.95,,
2004-07-22,7294735218397.14,,
2004-07-23,7295214339004.82,,
2004-07-26,7298136143395.61,,
2004-07-27,7302318474072.03,,
2004-07-28,7298671067464.27,,
2004-07-29,7308426855798.06,,
2004-07-30,7316567571232.89,4267913389239.04,3048654181993.85
2004-08-02,7303319122668.55,,
2004-08-03,7299762420227.71,,
2004-08-04,7300833399186.25,,
2004-08-05,7305957273110.85,,
2004-08-06,7304927057132.91,,
2004-08-09,7305298980147.07,,
2004-08-10,7308629683239.34,,
2004-08-11,7305246621955.51,,
2004-08-12,7312306434333.71,,
2004-08-13,7312230696984.50,,
2004-08-16,7335563157880.75,,
2004-08-17,7341461448755.40,,
2004-08-18,7337786947237.37,,
2004-08-19,7343012590769.26,,
2004-08-20,7341885233567.71,,
2004-08-23,7342335234298.49,,
2004-08-24,7347480685650.44,,
2004-08-25,7344382422709.50,,
2004-08-26,7352775396125.18,,
2004-08-27,7353436027526.85,,
2004-08-30,7349337937368.89,,
2004-08-31,7350950234630.15,4298491873263.92,3052458361366.23
2004-09-01,7354611427274.47,,
2004-09-02,7365716545609.45,,
2004-09-03,7366776167570.79,,
2004-09-07,7368363360008.57,,
2004-09-08,7376457871529.81,,
2004-09-09,7375299845541.56,,
2004-09-10,7372572002165.04,,
2004-09-13,7371695470163.46,,
2004-09-14,7372477498441.96,,
2004-09-15,7353679708420.92,,
2004-09-16,7347867800168.01,,
2004-09-17,7351169914999.47,,
2004-09-20,7352526313993.80,,
2004-09-21,7355728967314.85,,
2004-09-22,7355549381552.24,,
2004-09-23,7348106263348.33,,
2004-09-24,7348056713762.44,,
2004-09-27,7349252011039.25,,
2004-09-28,7354347561874.48,,
2004-09-29,7351891818581.47,,
2004-09-30,7379052696330.32,4307344596908.92,3071708099421.40
2004-10-01,7409510200267.47,,
2004-10-04,7414024541823.04,,
2004-10-05,7422781062573.89,,
2004-10-06,7420101904045.37,,
2004-10-07,7418151165657.99,,
2004-10-08,7418008695843.39,,
2004-10-12,7419244676835.15,,
2004-10-13,7425359820701.45,,
2004-10-14,7429784468774.71,,
2004-10-15,7429738245269.23,,
2004-10-18,7429602469626.09,,
2004-10-19,7429556954106.10,,
2004-10-20,7429511697284.39,,
2004-10-21,7429843833987.43,,
2004-10-22,7429797511960.07,,
2004-10-25,7429658534312.38,,
2004-10-26,7429612201666.78,,
2004-10-27,7429565877773.41,,
2004-10-28,7429946398746.85,,
2004-10-29,7429677448545.04,4318485169426.38,3111192279118.66
2004-11-01,7429629954236.43,,
2004-11-02,7429582471118.88,,
2004-11-03,7429534987752.69,,
2004-11-04,7429933004818.29,,
2004-11-05,7429883824960.59,,
2004-11-08,7429736227186.31,,
2004-11-09,7429684088288.60,,
2004-11-10,7429634897166.91,,
2004-11-12,7430009088435.01,,
2004-11-15,7443855561416.36,,
2004-11-16,7443803095560.07,,
2004-11-17,7443751916595.72,,
2004-11-18,7444122057407.69,,
2004-11-19,7497665301236.87,,
2004-11-22,7498451166280.89,,
2004-11-23,7519477431758.56,,
2004-11-24,7517849423608.38,,
2004-11-26,7524685017945.74,,
2004-11-29,7523043572935.61,,
2004-11-30,7525209508979.45,4407906685920.48,3117302823058.97
2004-12-01,7514622255740.31,,
2004-12-02,7522602352797.79,,
2004-12-03,7534027040378.62,,
2004-12-06,7535629022968.30,,
2004-12-07,7553295719364.18,,
2004-12-08,7550023742837.60,,
2004-12-09,7546778677941.37,,
2004-12-10,7546868151652.32,,
2004-12-13,7547176500405.75,,
2004-12-14,7551124808067.16,,
2004-12-15,7529346941107.40,,
2004-12-16,7519646830227.83,,
2004-12-17,7523699112455.23,,
2004-12-20,7524492792912.62,,
2004-12-21,7531570079606.11,,
2004-12-22,7530066927081.97,,
2004-12-23,7525707616321.00,,
2004-12-24,7527973971610.37,,
2004-12-27,7528393823386.88,,
2004-12-28,7536267845909.18,,
2004-12-29,7527874344820.55,,
2004-12-30,7521283292667.91,,
2004-12-31,7596142802424.14,4408389327642.95,3187753474781.19
2005-01-03,7591307997129.40,,
2005-01-04,7601016892663.19,,
2005-01-05,7601702269584.12,,
2005-01-06,7595653400600.33,,
2005-01-07,7593997228123.74,,
2005-01-10,7597502679583.99,,
2005-01-11,7600704954888.98,,
2005-01-12,7597557493831.64,,
2005-01-13,7601173485023.73,,
2005-01-14,7599584015246.26,,
2005-01-18,7608114209434.69,,
2005-01-19,7613772338689.34,,
2005-01-20,7613215612328.37,,
2005-01-21,7614468360651.30,,
2005-01-24,7617000567690.18,,
2005-01-25,7621293891611.15,,
2005-01-26,7622132208684.54,,
2005-01-27,7622881562657.29,,
2005-01-28,7618730431059.26,,
2005-01-31,7627742597775.41,4428221052835.58,3199521544939.83
2005-02-01,7617788851367.86,,
2005-02-02,7623071102004.12,,
2005-02-03,7616792798166.73,,
2005-02-04,7617143521850.79,,
2005-02-07,7619279742372.58,,
2005-02-08,7623393028778.05,,
2005-02-09,7616820218489.46,,
2005-02-10,7629245507947.33,,
2005-02-11,7634843745683.79,,
2005-02-14,7630849109540.36,,
2005-02-15,7674137053033.57,,
2005-02-16,7671700332790.18,,
2005-02-17,7689847469266.70,,
2005-02-18,7689935780269.27,,
2005-02-22,7692366884904.27,,
2005-02-23,7695332252248.05,,
2005-02-24,7717009809507.08,,
2005-02-25,7714238537006.56,,
2005-02-28,7713137673664.71,4508287643340.95,3204850030323.76
2005-03-01,7701629503518.55,,
2005-03-02,7708311813268.56,,
2005-03-03,7727838587832.87,,
2005-03-04,7727828210964.80,,
2005-03-07,7730125106692.41,,
2005-03-08,7746290500431.39,,
2005-03-09,7740158294686.20,,
2005-03-10,7750514131991.34,,
2005-03-11,7750081762463.88,,
2005-03-14,7750798505596.03,,
2005-03-15,7756254388854.12,,
2005-03-16,7755070133634.15,,
2005-03-17,7773614003547.15,,
2005-03-18,7774246242908.36,,
2005-03-21,7775600756049.73,,
2005-03-22,7780503572144.78,,
2005-03-23,7780539535462.15,,
2005-03-24,7784834892156.63,,
2005-03-25,7784463865860.34,,
2005-03-28,7785372962554.39,,
2005-03-29,7790295209638.08,,
2005-03-30,7786606686259.96,,
2005-03-31,7776939047670.14,4572715640119.20,3204223407550.94
2005-04-04,7780782448066.81,4597839825974.99,3182942622091.82
2005-04-05,7782816546352.29,4598953967857.68,3183862578494.61
2005-04-06,7782421898856.14,4600104964187.60,3182316934668.54
2005-04-07,7788009463759.88,4605268977787.14,3182740485972.74
2005-04-08,7789330877191.02,4605367450493.05,3183963426697.97
2005-04-11,7789624073188.04,4605072816351.83,3184551256836.21
2005-04-12,7795110560106.07,4606517912031.95,3188592648074.12
2005-04-13,7792607796216.29,4607308686020.73,3185299110195.56
2005-04-14,7786560972566.27,4598939171016.08,3187621801550.19
2005-04-15,7776849150918.91,4583317267139.11,3193531883779.80
2005-04-18,7773389225454.06,4576335173338.30,3197054052115.76
2005-04-19,7781536376170.65,4577227612223.83,3204308763946.82
2005-04-20,7781395486207.30,4578249401863.92,3203146084343.38
2005-04-21,7763688660392.82,4556209660277.03,3207479000115.79
2005-04-22,7764804508914.15,4556502168186.65,3208302340727.50
2005-04-25,7769078069301.89,4556083679350.23,3212994389951.66
2005-04-26,7775021333899.43,4556957253093.75,3218064080805.68
2005-04-27,7775371948129.31,4557909725871.00,3217462222258.31
2005-04-28,7757071404391.33,4542049089054.39,3215022315336.94
2005-04-29,7764537337364.14,4551064845424.92,3213472491939.22
2005-05-02,7754579738148.68,4546739012733.11,3207840725415.57
2005-05-03,7757696825034.22,4547730002742.11,3209966822292.11
2005-05-04,7760134102627.91,4548711150833.14,3211422951794.77
2005-05-05,7747996452325.38,4531905235595.58,3216091216729.80
2005-05-06,7747581291932.33,4531608225762.28,3215973066170.05
2005-05-09,7750764705354.75,4531836553829.15,3218928151525.60
2005-05-10,7757824559756.40,4533946602207.79,3223877957548.61
2005-05-11,7754490419306.12,4534378601622.18,3220111817683.94
2005-05-12,7745283298873.13,4522894651088.00,3222388647785.13
2005-05-13,7745782687016.96,4523019540220.61,3222763146796.35
2005-05-16,7763554607953.67,4534012009343.66,3229542598610.01
2005-05-17,7771734475210.58,4535546143887.13,3236188331323.45
2005-05-18,7768380239101.88,4536270165000.87,3232110074101.01
2005-05-19,7769640550038.11,4534508237892.48,3235132312145.63
2005-05-20,7768431198132.21,4534920028902.33,3233511169229.88
2005-05-23,7768913258591.78,4535416964752.70,3233496293839.08
2005-05-24,7776658681696.30,4536769416059.70,3239889265636.60
2005-05-25,7771959769189.21,4537090277580.35,3234869491608.86
2005-05-26,7781373341944.80,4543739869876.51,3237633472068.29
2005-05-27,7778405106387.89,4544044277307.43,3234360829080.46
2005-05-31,7777880152594.89,4542377939314.92,3235502213279.97
2005-06-01,7775553817632.01,4550568725094.31,3224985092537.70
2005-06-02,7774731028223.85,4553647684242.78,3221083343981.07
2005-06-03,7782227784113.44,4569753522197.36,3212474261916.08
2005-06-06,7782632712084.36,4569607088833.25,3213025623251.11
2005-06-07,7795629856549.21,4579469435180.25,3216160421368.96
2005-06-08,7792286493919.95,4580286124993.56,3212000368926.39
2005-06-09,7799659687041.37,4581582772609.24,3218076914432.13
2005-06-10,7799008499991.04,4581670612952.20,3217337887038.84
2005-06-13,7800613105454.05,4581778411722.67,3218834693731.38
2005-06-14,7804534405437.48,4582222942012.06,3222311463425.42
2005-06-15,7786439534447.57,4565925469386.90,3220514065060.67
2005-06-16,7779623971653.36,4557844526138.15,3221779445515.21
2005-06-17,7781992052553.39,4557816423682.11,3224175628871.28
2005-06-20,7782155135998.03,4557357112906.58,3224798023091.45
2005-06-21,7787046412397.24,4558139611718.57,3228906800678.67
2005-06-22,7785913797539.30,4558482780344.91,3227431017194.39
2005-06-23,7773570880558.82,4542196231173.77,3231374649385.05
2005-06-24,7774215844475.00,4542286754225.97,3231929090249.03
2005-06-27,7775375134526.01,4543029356238.66,3232345778287.35
2005-06-28,7780135114161.43,4543794261221.77,3236340852939.66
2005-06-29,7776435356595.00,4544819949684.21,3231615406910.79
2005-06-30,7836495788085.86,4527696944757.64,3308798843328.22
2005-07-01,7827306264287.53,4540422635482.90,3286883628804.63
2005-07-05,7837390167131.19,4540536180487.53,3296853986643.66
2005-07-06,7842026166045.39,4541602537480.96,3300423628564.43
2005-07-07,7838410800630.51,4538825878142.51,3299584922488.00
2005-07-08,7838211729606.18,4538872821548.45,3299338908057.73
2005-07-11,7838828095529.47,4538835860631.16,3299992234898.31
2005-07-12,7843596586237.71,4540677214679.14,3302919371558.57
2005-07-13,7839614902737.30,4541203271682.54,3298411631054.76
2005-07-14,7848324813050.85,4548587694858.07,3299737118192.78
2005-07-15,7852119842946.23,4552272015496.61,3299847827449.62
2005-07-18,7853590491824.05,4552108672703.45,3301481819120.60
2005-07-19,7860109040549.45,4552672295094.17,3307436745455.28
2005-07-20,7857246317747.99,4553466330476.67,3303779987271.32
2005-07-21,7868642129876.28,4562181940949.04,3306460188927.24
2005-07-22,7869207466897.63,4562508698211.23,3306698768686.40
2005-07-25,7869363067597.28,4562615908317.39,3306747159279.89
2005-07-26,7875946479699.72,4563807537743.20,3312138941956.52
2005-07-27,7871882751780.48,4564517128828.69,3307365622951.79
2005-07-28,7879032522692.31,4574954416950.97,3304078105741.34
2005-07-29,7887617581195.58,4580783743975.33,3306833837220.25
2005-08-01,7869521621947.05,4573714859303.10,3295806762643.95
2005-08-02,7877501670822.86,4574360519109.69,3303141151713.17
2005-08-03,7869304285712.51,4575036598360.85,3294267687351.66
2005-08-04,7878734742338.35,4580789852544.00,3297944889794.35
2005-08-05,7880012385205.52,4580707954461.04,3299304430744.48
2005-08-08,7882577243511.10,4580884219639.65,3301693023871.45
2005-08-09,7883572311422.86,4581144051313.50,3302428260109.36
2005-08-10,7880078708086.37,4582007445924.73,3298071262161.64
2005-08-11,7883283366789.79,4583717920470.52,3299565446319.27
2005-08-12,7882473618136.70,4583660519593.95,3298813098542.75
2005-08-15,7911005564473.77,4607527001505.81,3303478562967.96
2005-08-16,7916485160273.81,4608929036610.64,3307556123663.17
2005-08-17,7916406941882.20,4610657763418.43,3305749178463.77
2005-08-18,7925741499921.91,4614065216909.16,3311676283012.75
2005-08-19,7926125407102.74,4614007828940.76,3312117578161.98
2005-08-22,7926779954124.77,4614040733313.79,3312739220810.98
2005-08-23,7932368094465.20,4614115096553.20,3318252997912.00
2005-08-24,7929678977659.39,4615283424590.76,3314395553068.63
2005-08-25,7932696424284.74,4618266953578.86,3314429470705.88
2005-08-26,7932175772551.98,4618337467882.36,3313838304669.62
2005-08-29,7930506290857.94,4618259515772.66,3312246775085.28
2005-08-30,7930046297923.79,4618915282915.39,3311131015008.40
2005-08-31,7926933374544.81,4614279354560.18,3312654019984.63
2005-09-01,7929658283890.28,4628364886066.73,3301293397823.55
2005-09-02,7940458909255.82,4648557341522.36,3291901567733.46
2005-09-06,7942295232288.62,4648288455446.31,3294006776842.31
2005-09-07,7947600904730.71,4650047921473.74,3297552983256.97
2005-09-08,7949891439330.32,4654501846125.29,3295389593205.03
2005-09-09,7950426237408.09,4654600454072.39,3295825783335.70
2005-09-12,7950034655748.03,4654515906094.90,3295518749653.13
2005-09-13,7954180965625.52,4655247620472.88,3298933345152.64
2005-09-14,7942783923607.13,4647644262669.37,3295139660937.76
2005-09-15,7918009471434.33,4619750361792.04,3298259109642.29
2005-09-16,7919996476821.03,4619851794665.60,3300144682155.43
2005-09-19,7925036032297.59,4619993236841.67,3305042795455.92
2005-09-20,7929627702504.17,4620388197236.32,3309239505267.85
2005-09-21,7928206792666.90,4620737542680.59,3307469249986.31
2005-09-22,7921117558891.38,4611303760659.52,3309813798231.86
2005-09-23,7920697571825.43,4611345215679.76,3309352356145.67
2005-09-26,7922079988192.98,4611476135835.88,3310603852357.10
2005-09-27,7926344784647.32,4612389957206.27,3313954827441.05
2005-09-28,7921799829672.03,4612716049556.36,3309083780115.67
2005-09-29,7914012303376.60,4606272846357.54,3307739457019.06
2005-09-30,7932709661723.50,4601238726062.04,3331470935661.46
2005-10-03,7970524003272.50,4599132111648.84,3371391891623.66
2005-10-04,7978002527274.56,4598976558065.03,3379025969209.53
2005-10-05,7978989702813.02,4599795468342.59,3379194234470.43
2005-10-06,7994281575146.32,4611339915525.47,3382941659620.85
2005-10-07,7990643231175.94,4610908324352.83,3379734906823.11
2005-10-11,7991115238572.24,4611365394207.77,3379749844364.47
2005-10-12,7990630428327.25,4612150834186.70,3378479594140.55
2005-10-13,7995462387011.49,4616371850871.07,3379090536140.42
2005-10-14,7986677006850.36,4616590556967.94,3370086449882.42
2005-10-17,7996657967899.21,4624110035584.85,3372547932314.36
2005-10-18,8003897406911.24,4625430149447.35,3378467257463.89
2005-10-19,7999843352310.27,4625902844789.39,3373940507520.88
2005-10-20,8009635518716.50,4633681494377.41,3375954024339.09
2005-10-21,8009131433464.30,4633775040826.58,3375356392637.72
2005-10-24,8010059396713.96,4633573988875.70,3376485407838.26
2005-10-25,8013731899256.73,4634445135601.43,3379286763655.30
2005-10-26,8011132810125.37,4634889801466.82,3376243008658.55
2005-10-27,8026029628861.82,4648386799164.07,3377642829697.75
2005-10-28,8030056674506.24,4656128089851.09,3373928584655.15
2005-10-31,8027123404214.36,4650516371930.66,3376607032283.70
2005-11-01,8015272000177.94,4649009065277.43,3366262934900.51
2005-11-02,8021480952298.81,4649868561460.69,3371612390838.12
2005-11-03,8028204675510.52,4663907374544.58,3364297300965.94
2005-11-04,8028449101487.38,4664024317730.59,3364424783756.79
2005-11-07,8031589402361.42,4664478676837.92,3367110725523.50
2005-11-08,8036664225238.54,4664904971919.48,3371759253319.06
2005-11-09,8034610660541.64,4669335001722.22,3365275658819.42
2005-11-10,8050739770455.58,4683254699012.61,3367485071442.97
2005-11-14,8052330154252.81,4683685361161.96,3368644793090.85
2005-11-15,8066143318410.41,4688458016690.26,3377685301720.15
2005-11-16,8063591365642.68,4689818714834.81,3373772650807.87
2005-11-17,8083374482184.25,4705405763521.28,3377968718662.97
2005-11-18,8082848241050.02,4705320133080.24,3377528107969.78
2005-11-21,8084858891735.31,4705452226074.97,3379406665660.34
2005-11-22,8089004553905.72,4705946961458.35,3383057592447.37
2005-11-23,8084915833350.71,4706117233647.77,3378798599702.94
2005-11-25,8095944892371.48,4713343564966.66,3382601327404.82
2005-11-28,8098860986660.42,4713768603516.98,3385092383143.44
2005-11-29,8097704867901.38,4714388650822.12,3383316217079.26
2005-11-30,8092322205720.65,4709402951558.77,3382919254161.88
2005-12-01,8107952560719.68,4736203301662.63,3371749259057.05
2005-12-02,8118319301298.54,4754352172942.62,3363967128355.92
2005-12-05,8119496424139.25,4754239954385.12,3365256469754.13
2005-12-06,8122710788511.92,4754600281664.05,3368110506847.87
2005-12-07,8121651809807.04,4754959541504.09,3366692268302.95
2005-12-08,8131033535598.31,4762505914602.36,3368527620995.95
2005-12-09,8131290646119.43,4762582774507.13,3368707871612.30
2005-12-12,8131974072322.63,4762567006335.33,3369407065987.30
2005-12-13,8136066508140.10,4762953146587.15,3373113361552.95
2005-12-14,8131985936612.53,4764354533340.54,3367631403271.99
2005-12-15,8099288248245.65,4729594366317.19,3369693881928.46
2005-12-16,8100903302296.92,4729674360089.58,3371228942207.34
2005-12-19,8103048557516.76,4729588284913.81,3373460272602.95
2005-12-20,8107165683104.65,4730098690379.46,3377066992725.19
2005-12-21,8100027417362.32,4729828914878.94,3370198502483.38
2005-12-22,8094875062589.31,4721741050469.66,3373134012119.65
2005-12-23,8097233080920.30,4721736608028.53,3375496472891.77
2005-12-27,8100276189509.07,4721872586989.01,3378403602520.06
2005-12-28,8099756792641.24,4722775885971.50,3376980906669.74
2005-12-29,8087357559005.85,4714163354643.77,3373194204362.08
2005-12-30,8170424541313.62,4714821211003.33,3455603330310.29
2006-01-03,8153881581212.99,4716788904427.31,3437092676785.68
2006-01-04,8165858995532.37,4717387692824.11,3448471302708.26
2006-01-05,8160320491591.57,4710794044990.48,3449526446601.09
2006-01-06,8161507578194.35,4710727729604.45,3450779848589.90
2006-01-09,8160257013544.35,4710442544283.84,3449814469260.51
2006-01-10,8165647324627.69,4710167275929.91,3455480048697.78
2006-01-11,8161933710814.20,4710220160392.13,3451713550422.07
2006-01-12,8159084910068.58,4705428084771.19,3453656825297.39
2006-01-13,8158672995833.87,4705500368407.39,3453172627426.48
2006-01-17,8170524286973.93,4714120042716.31,3456404244257.62
2006-01-18,8173852299316.96,4714064196001.71,3459788103315.25
2006-01-19,8176948650558.59,4714656260069.92,3462292390488.67
2006-01-20,8175743292992.87,4714505370309.31,3461237922683.56
2006-01-23,8174270999692.73,4714136714132.98,3460134285559.75
2006-01-24,8185315076347.87,4714170574306.32,3471144502041.55
2006-01-25,8181906259395.82,4714532753768.01,3467373505627.81
2006-01-26,8190567748779.48,4718753365045.61,3471814383733.87
2006-01-27,8190374899635.75,4718766668957.14,3471608230678.61
2006-01-30,8186710462276.89,4718580942002.25,3468129520274.64
2006-01-31,8196070437599.52,4724637490626.80,3471432946972.72
2006-02-01,8183138191456.56,4722323590279.22,3460814601177.34
2006-02-02,8198626872332.20,4734860042531.41,3463766829800.79
2006-02-03,8195544127376.07,4734746647981.50,3460797479394.57
2006-02-06,8197590334157.11,4734560605294.18,3463029728862.93
2006-02-07,8201608558623.45,4734804087850.90,3466804470772.55
2006-02-08,8198034722370.24,4736135911000.16,3461898811370.08
2006-02-09,8205718977047.85,4745086008273.71,3460632968774.14
2006-02-10,8205235760076.45,4745431587067.86,3459804173008.59
2006-02-13,8205376724587.34,4745304983062.67,3460071741524.67
2006-02-14,8209586113365.83,4745514767056.19,3464071346309.64
2006-02-15,8237616021113.28,4774863765086.51,3462752256026.77
2006-02-16,8248610906449.65,4782167692473.54,3466443213976.11
2006-02-17,8248495902663.05,4778137302680.73,3470358599982.32
2006-02-21,8248037373401.84,4776808938477.54,3471228434924.30
2006-02-22,8247922679905.99,4777322883124.87,3470599796781.12
2006-02-23,8248764007091.15,4778273969992.42,3470490037098.73
2006-02-24,8248646921952.35,4774535813766.04,3474111108186.31
2006-02-27,8248295756259.19,4777367525520.20,3470928230738.99
2006-02-28,8269885515386.04,4771117050096.00,3498768465290.04
2006-03-01,8269768312946.41,4782692298250.05,3487076014696.36
2006-03-02,8270651337575.14,4776141595838.83,3494509741736.31
2006-03-03,8270568938276.67,4799801983959.22,3470766954317.45
2006-03-06,8270260474453.58,4806339465013.58,3463921009440.00
2006-03-07,8270137961985.81,4802111796763.30,3468026165222.51
2006-03-08,8270020560975.99,4807227593883.10,3462792967092.89
2006-03-09,8270889116189.68,4809044449061.17,3461844667128.51
2006-03-10,8270763143272.32,4810927884320.13,3459835258952.19
2006-03-13,8270385415129.52,4810251840565.19,3460133574564.33
2006-03-14,8270260017805.93,4801430142414.38,3468829875391.55
2006-03-15,8270134498375.29,4805555457179.68,3464579041195.61
2006-03-16,8271005203336.67,4803244865870.76,3467760337465.91
2006-03-17,8270880983362.78,4798790967230.81,3472090016131.97
2006-03-20,8348224303886.34,4849674629432.97,3498549674453.37
2006-03-21,8351722841145.07,4849969667798.37,3501753173346.70
2006-03-22,8347486113319.40,4850194942530.92,3497291170788.48
2006-03-23,8363536754922.14,4861935805797.19,3501600949124.95
2006-03-24,8364078118387.21,4862196979698.72,3501881138688.49
2006-03-27,8364819728913.06,4862290846523.53,3502528882389.53
2006-03-28,8368398006564.24,4862491016025.43,3505906990538.81
2006-03-29,8367661575867.99,4862592353333.51,3505069222534.48
2006-03-30,8365414358878.01,4863090047413.81,3502324311464.20
2006-03-31,8371156293376.33,4872484731241.19,3498671562135.14
2006-04-03,8377471102607.82,4890769175548.81,3486701927059.01
2006-04-04,8388195236701.49,4891633582987.67,3496561653713.82
2006-04-05,8388876683304.95,4891936850387.68,3496939832917.27
2006-04-06,8393742553848.46,4895394650275.20,3498347903573.26
2006-04-07,8398801893932.15,4903633370046.25,3495168523885.90
2006-04-10,8402073299705.08,4903616606288.58,3498456693416.50
2006-04-11,8406559401664.39,4903797542190.77,3502761859473.62
2006-04-12,8402876241412.25,4903908520480.71,3498967720931.54
2006-04-13,8406142649741.06,4904229841852.22,3501912807888.84
2006-04-14,8407057651820.76,4904205351541.36,3502852300279.40
2006-04-17,8366862634494.69,4854176043605.27,3512686590889.42
2006-04-18,8373602616352.62,4854213829170.43,3519388787182.19
2006-04-19,8371833369714.06,4854629873350.87,3517203496363.19
2006-04-20,8349277698254.18,4828395378375.03,3520882319879.15
2006-04-21,8349970836065.88,4828603289508.74,3521367546557.14
2006-04-24,8353429193726.30,4828668943293.09,3524760250433.21
2006-04-25,8362302809419.88,4830057940472.75,3532244868947.13
2006-04-26,8361927417155.38,4830489601064.97,3531437816090.41
2006-04-27,8339738853253.82,4808977505319.26,3530761347934.56
2006-04-28,8355718074718.49,4819948752057.74,3535769322660.75
2006-05-01,8351568193125.12,4826896073976.91,3524672119148.21
2006-05-02,8365365674396.50,4827396421993.69,3537969252402.81
2006-05-03,8359417405652.46,4827666731453.39,3531750674199.07
2006-05-04,8355169281082.87,4818381812142.22,3536787468940.65
2006-05-05,8357004387013.42,4818424053449.67,3538580333563.75
2006-05-08,8361088635034.39,4818422545326.84,3542666089707.55
2006-05-09,8364288689580.87,4818710279838.04,3545578409742.83
2006-05-10,8360179820754.65,4818672849075.30,3541506971679.35
2006-05-11,8357988734259.29,4813461861190.94,3544526873068.35
2006-05-12,8358940655807.77,4813477418437.52,3545463237370.25
2006-05-15,8332524238683.71,4785963383431.17,3546560855252.54
2006-05-16,8338162385897.57,4786386994170.62,3551775391726.95
2006-05-17,8337013432029.90,4786593600714.46,3550419831315.44
2006-05-18,8344917929456.38,4791541778225.83,3553376151230.55
2006-05-19,8344448730993.01,4791847438954.98,3552601292038.03
2006-05-22,8345566154025.22,4791983031239.49,3553583122785.73
2006-05-23,8352669864466.58,4792617148811.66,3560052715654.92
2006-05-24,8349184789572.29,4793104102494.49,3556080687077.80
2006-05-25,8348185073893.70,4794579829803.26,3553605244090.44
2006-05-26,8348362162627.35,4794638016531.37,3553724146095.98
2006-05-30,8343987357176.86,4794933348049.86,3549054009127.00
2006-05-31,8356776604649.14,4807516533937.29,3549260070711.85
2006-06-01,8342863384478.03,4806953438801.04,3535909945676.99
2006-06-02,8358356586736.54,4829402874342.79,3528953712393.75
2006-06-05,8359984623929.25,4829411087401.02,3530573536528.23
2006-06-06,8373465080468.97,4838919654221.33,3534545426247.64
2006-06-07,8372167824862.35,4839338830680.78,3532828994181.57
2006-06-08,8374238708188.71,4838096046305.27,3536142661883.44
2006-06-09,8375297167785.75,4838686807363.79,3536610360421.96
2006-06-12,8376166946091.36,4839161617479.28,3537005328612.08
2006-06-13,8380752635838.09,4839794958198.57,3540957677639.52
2006-06-14,8375365051008.48,4840377529770.39,3534987521238.09
2006-06-15,8337290510783.04,4797670211829.14,3539620298953.90
2006-06-16,8339346916430.96,4797775283721.39,3541571632709.57
2006-06-19,8344334953024.25,4797927298774.14,3546407654250.11
2006-06-20,8349030587124.44,4798392882643.68,3550637704480.76
2006-06-21,8346890265252.65,4798485866875.87,3548404398376.78
2006-06-22,8339777349882.77,4786725033795.42,3553052316087.35
2006-06-23,8343376915212.38,4786829792453.87,3556547122758.51
2006-06-26,8346590810665.65,4787408183576.38,3559182627089.27
2006-06-27,8350234805954.23,4787915600566.06,3562319205388.17
2006-06-28,8345809036548.55,4788847973169.16,3556961063379.39
2006-06-29,8340008565191.56,4785881593860.51,3554126971331.05
2006-06-30,8420041947892.19,4797203565138.78,3622838382753.41
2006-07-03,8399337620229.53,4790258308791.07,3609079311438.46
2006-07-05,8408395733875.29,4790476512630.92,3617919221244.37
2006-07-06,8409418269166.84,4789669198550.15,3619749070616.69
2006-07-07,8410281565972.66,4789635507414.27,3620646058558.39
2006-07-10,8408232930865.92,4789841715784.59,3618391215081.33
2006-07-11,8413248232387.89,4789892838552.69,3623355393835.20
2006-07-12,8408446401516.45,4790156358426.22,3618290043090.23
2006-07-13,8416174438670.69,4796439080289.52,3619735358381.17
2006-07-14,8416040539137.12,4796819183433.82,3619221355703.30
2006-07-17,8404814005264.99,4784435456969.46,3620378548295.53
2006-07-18,8412030422429.79,4785195482653.25,3626834939776.54
2006-07-19,8408044004500.83,4785987835891.60,3622056168609.23
2006-07-20,8415641036240.99,4790282708018.38,3625358328222.61
2006-07-21,8416178880337.22,4790159108210.59,3626019772126.63
2006-07-24,8417573267309.73,4790271324559.40,3627301942750.33
2006-07-25,8419923114112.02,4790444153304.10,3629478960807.92
2006-07-26,8417494747437.57,4791057334592.36,3626437412845.21
2006-07-27,8426496309719.13,4799235649512.92,3627260660206.21
2006-07-28,8420949649208.89,4799288535276.07,3621661113932.82
2006-07-31,8444346806853.08,4819732427280.70,3624614379572.38
2006-08-01,8436303577225.15,4817319303526.10,3618984273699.05
2006-08-02,8440757881548.77,4817380186405.50,3623377695143.27
2006-08-03,8448320560249.23,4829351659918.44,3618968900330.79
2006-08-04,8448488498173.55,4829245717645.55,3619242780528.00
2006-08-07,8451097296405.19,4829339156875.87,3621758139529.32
2006-08-08,8455117203421.22,4829273797400.85,3625843406020.37
2006-08-09,8448162775201.94,4829437496091.44,3618725279110.50
2006-08-10,8460958467090.83,4840790290052.19,3620168177038.64
2006-08-11,8460058310665.74,4840880467835.13,3619177842830.61
2006-08-14,8459959039320.59,4840999340103.23,3618959699217.36
2006-08-15,8487177177938.67,4861305713140.71,3625871464797.96
2006-08-16,8483654083915.88,4861437778277.37,3622216305638.51
2006-08-17,8500986717355.06,4873589180274.75,3627397537080.31
2006-08-18,8500932047599.16,4873518209199.54,3627413838399.62
2006-08-21,8503230761750.91,4873642080250.97,3629588681499.94
2006-08-22,8506445114745.26,4873787619346.80,3632657495398.46
2006-08-23,8503544530046.05,4874046443173.93,3629498086872.12
2006-08-24,8507109667751.79,4875871296958.75,3631238370793.04
2006-08-25,8505765043534.58,4876022745420.90,3629742298113.68
2006-08-28,8504680145498.58,4875933793696.22,3628746351802.36
2006-08-29,8508152803285.48,4876078741533.57,3632074061751.91
2006-08-30,8503385488360.69,4876337116013.35,3627048372347.34
2006-08-31,8515033652079.62,4884685325020.02,3630348327059.60
2006-09-01,8519182246789.42,4911146146220.77,3608036100568.65
2006-09-05,8524889468526.36,4911327684216.78,3613561784309.58
2006-09-06,8529957631933.47,4912174352648.37,3617783279285.10
2006-09-07,8530063200475.43,4913331556755.44,3616731643719.99
2006-09-08,8528926974959.39,4913385187134.01,3615541787825.38
2006-09-11,8531165428704.39,4913395514125.35,3617769914579.04
2006-09-12,8534633344894.82,4913636719740.10,3620996625154.72
2006-09-13,8529989973197.61,4913614786440.53,3616375186757.08
2006-09-14,8527035869123.85,4908195236911.89,3618840632211.96
2006-09-15,8487381006795.66,4867180364344.06,3620200642451.60
2006-09-18,8490332110380.67,4867175646510.97,3623156463869.70
2006-09-19,8496857375660.18,4867094217496.23,3629763158163.95
2006-09-20,8494091870688.50,4867320371122.91,3626771499565.59
2006-09-21,8484370950604.19,4853587087391.35,3630783863212.84
2006-09-22,8484364994311.87,4853630950295.67,3630734044016.20
2006-09-25,8485735170073.42,4853685383990.30,3632049786083.12
2006-09-26,8490600820374.85,4854457896167.63,3636142924207.22
2006-09-27,8487096306559.55,4854645665061.61,3632450641497.94
2006-09-28,8473684136460.62,4843013415332.28,3630670721128.34
2006-09-29,8506973899215.23,4843120736192.43,3663853163022.80
2006-10-02,8548384110614.28,4850288721360.86,3698095389253.42
2006-10-03,8547636616507.85,4850529451947.23,3697107164560.62
2006-10-04,8545777575825.47,4851026501563.57,3694751074261.90
2006-10-05,8545048487560.99,4849613304146.55,3695435183414.44
2006-10-06,8546983873609.00,4849749364148.50,3697234509460.50
2006-10-10,8546276240603.85,4849864796529.26,3696411444074.59
2006-10-11,8544968376000.88,4850465400774.43,3694502975226.45
2006-10-12,8546104778895.72,4851779258334.19,3694325520561.53
2006-10-13,8546651828942.20,4851631322508.09,3695020506434.11
2006-10-16,8536959292294.60,4838391960146.83,3698567332147.77
2006-10-17,8544042040337.45,4839140785499.66,3704901254837.79
2006-10-18,8540051729781.32,4840387353742.11,3699664376039.21
2006-10-19,8548071412038.76,4846477624829.46,3701593787209.30
2006-10-20,8549301702567.88,4846672115978.87,3702629586589.01
2006-10-23,8550747470487.55,4846998435662.99,3703749034824.56
2006-10-24,8554491678667.01,4847383288045.99,3707108390621.02
2006-10-25,8550350640673.05,4847701708769.68,3702648931903.37
2006-10-26,8565801977176.16,4861239284448.88,3704562692727.28
2006-10-27,8566012440017.15,4861275131152.10,3704737308865.05
2006-10-30,8562455433495.19,4861326347929.56,3701129085565.63
2006-10-31,8584329355565.37,4880611427682.72,3703717927882.65
2006-11-01,8571794835082.73,4879522580085.45,3692272254997.28
2006-11-02,8593660306834.67,4894461296553.39,3699199010281.28
2006-11-03,8585497866256.33,4894548286293.99,3690949579962.34
2006-11-06,8588334984400.64,4894606019704.48,3693728964696.16
2006-11-07,8592561542263.30,4894841565577.18,3697719976686.12
2006-11-08,8588377061637.48,4895477051992.03,3692900009645.45
2006-11-09,8603666041634.58,4910382075633.35,3693283966001.23
2006-11-10,8603786274296.35,4910206743417.99,3693579530878.36
2006-11-13,8603283881262.81,4910018409498.61,3693265471764.20
2006-11-14,8607421375278.41,4910703196236.64,3696718179041.77
2006-11-15,8594876669253.88,4900287240741.54,3694589428512.34
2006-11-16,8606686309802.15,4909526107181.92,3697160202620.23
2006-11-17,8608745855460.31,4909528783619.69,3699217071840.62
2006-11-20,8608975751097.22,4909151133431.75,3699824617665.47
2006-11-21,8613473758880.57,4909877976168.01,3703595782712.56
2006-11-22,8609909215190.25,4909770661586.15,3700138553604.10
2006-11-24,8623103300538.74,4920158909794.45,3702944390744.29
2006-11-27,8626555009162.28,4919859952221.69,3706695056940.59
2006-11-28,8628380117430.65,4920073833087.75,3708306284342.90
2006-11-29,8624295967022.35,4920983368955.71,3703312598066.64
2006-11-30,8633245608345.17,4929567181031.48,3703678427313.69
2006-12-01,8635596937286.06,4955424198245.65,3680172739040.41
2006-12-04,8640011284371.05,4955353395652.33,3684657888718.72
2006-12-05,8655346750831.25,4966738616729.58,3688608134101.67
2006-12-06,8653798995165.17,4967205445012.41,3686593550152.76
2006-12-07,8653958645369.67,4967101935904.60,3686856709465.07
2006-12-08,8655403967590.98,4966647805914.53,3688756161676.45
2006-12-11,8655354638698.21,4966394456043.33,3688960182654.88
2006-12-12,8660431306934.19,4967561414607.80,3692869892326.39
2006-12-13,8656874660862.22,4969453511607.76,3687421149254.46
2006-12-14,8648806491911.59,4960187164095.39,3688619327816.20
2006-12-15,8611902658304.21,4928253682863.54,3683648975440.67
2006-12-18,8614313849348.28,4927909306608.36,3686404542739.92
2006-12-19,8622133605291.62,4928643917354.20,3693489687937.42
2006-12-20,8618993492897.24,4930406613587.98,3688586879309.26
2006-12-21,8610004258890.22,4917406505568.35,3692597753321.87
2006-12-22,8611647146451.50,4917324313345.44,3694322833106.06
2006-12-26,8615421211450.74,4917000943190.01,3698420268260.73
2006-12-27,8614757210943.36,4917453234513.97,3697303976429.39
2006-12-28,8593076179156.67,4900599715596.00,3692476463560.67
2006-12-29,8680224380086.18,4901046516367.78,3779177863718.40
2007-01-02,8678229324205.41,4906145745540.04,3772083578665.37
2007-01-03,8677214255313.07,4906387642060.28,3770826613252.79
2007-01-04,8670596242973.04,4898816127068.69,3771780115904.35
2007-01-05,8673152446066.83,4898650116851.97,3774502329214.86
2007-01-08,8672809821417.74,4898353058455.66,3774456762962.08
2007-01-09,8677702233082.11,4899922862005.52,3777779371076.59
2007-01-10,8673367073665.76,4900148786733.81,3773218286931.95
2007-01-11,8674334546966.89,4899285748421.81,3775048798545.08
2007-01-12,8674251191808.76,4899372232476.19,3774878959332.57
2007-01-16,8668415255071.53,4889977193543.40,3778438061528.13
2007-01-17,8671959016355.67,4890300912052.12,3781658104303.55
2007-01-18,8672664626584.48,4888465602419.67,3784199024164.81
2007-01-19,8675085083537.48,4888251535177.46,3786833548360.02
2007-01-22,8676668422505.86,4888095549841.50,3788572872664.36
2007-01-23,8681645622941.55,4888595088378.80,3793050534562.75
2007-01-24,8679818692173.62,4890430307259.76,3789388384913.86
2007-01-25,8683471552703.40,4890714472208.82,3792757080494.58
2007-01-26,8683214223297.67,4890833829587.06,3792380393710.61
2007-01-29,8688015869941.75,4894165071856.21,3793850798085.54
2007-01-30,8688193398145.10,4894707291414.68,3793486106730.42
2007-01-31,8707561063967.12,4913960890707.78,3793600173259.34
2007-02-01,8694902769091.18,4914825624699.78,3780077144391.40
2007-02-02,8693352808374.57,4914957810633.48,3778394997741.09
2007-02-05,8696353575213.24,4914810958403.90,3781542616809.34
2007-02-06,8699981889152.68,4914809626545.97,3785172262606.71
2007-02-07,8699798512810.58,4915441130728.18,3784357382082.40
2007-02-08,8713712580137.67,4927587830502.69,3786124749634.98
2007-02-09,8713570341089.42,4927604014508.48,3785966326580.94
2007-02-12,8713972160077.30,4927672571064.60,3786299589012.70
2007-02-13,8718478868445.44,4928139436811.83,3790339431633.61
2007-02-14,8713227497111.48,4928311563667.16,3784915933444.32
2007-02-15,8738700362432.03,4947664950904.39,3791035411527.64
2007-02-16,8746051281807.75,4953788736314.78,3792262545492.97
2007-02-20,8752147443569.05,4954255750455.69,3797891693113.36
2007-02-21,8752478768342.68,4954721573002.83,3797757195339.85
2007-02-22,8768614254781.88,4970836541497.28,3797777713284.60
2007-02-23,8769495204647.06,4970761916439.47,3798733288207.59
2007-02-26,8773047005134.25,4970773951580.48,3802273053553.77
2007-02-27,8774110158410.49,4971384422846.15,3802725735564.34
2007-02-28,8778110896597.94,4979111025291.64,3798999871306.30
2007-03-01,8788680289437.07,5000186307661.74,3788493981775.33
2007-03-02,8808820141453.26,5023327901876.81,3785492239576.45
2007-03-05,8812132013548.78,5024347272373.68,3787784741175.10
2007-03-06,8819130197741.05,5027340519474.88,3791789678266.17
2007-03-07,8818613791059.80,5028459896088.18,3790153894971.62
2007-03-08,8833183947747.23,5042012849289.92,3791171098457.31
2007-03-09,8832492897060.32,5041611110962.66,3790881786097.66
2007-03-12,8833033870413.06,5041373406144.03,3791660464269.03
2007-03-13,8838292265724.76,5041379017247.78,3796913248476.98
2007-03-14,8833051271691.71,5041456497712.17,3791594773979.54
2007-03-15,8826067352092.18,5032193897217.96,3793873454874.22
2007-03-16,8827769031105.36,5032362236392.61,3795406794712.75
2007-03-19,8834455811956.90,5032628085890.53,3801827726066.37
2007-03-20,8837993306648.47,5033009615903.56,3804983690744.91
2007-03-21,8833855342395.96,5034003895116.59,3799851447279.37
2007-03-22,8832682505866.52,5035921184620.98,3796761321245.54
2007-03-23,8837942900064.77,5035939237329.98,3802003662734.79
2007-03-26,8842072016949.27,5035822850995.10,3806249165954.17
2007-03-27,8846257270228.88,5036907843163.03,3809349427065.85
2007-03-28,8840925181060.38,5037512915684.21,3803412265376.17
2007-03-29,8836852277711.67,5036526586006.40,3800325691705.27
2007-03-30,8849665208495.43,5053940043633.51,3795725164861.92
2007-04-02,8850356054628.33,5058762478228.82,3791593576399.51
2007-04-03,8868809966042.39,5076278442417.99,3792531523624.40
2007-04-04,8869788856386.69,5076445047680.09,3793343808706.60
2007-04-05,8885158288211.72,5086973818365.87,3798184469845.85
2007-04-06,8881656422097.05,5086952883549.32,3794703538547.73
2007-04-09,8883212488519.07,5087320667434.91,3795891821084.16
2007-04-10,8886980660772.77,5087470848259.80,3799509812512.97
2007-04-11,8886193527215.25,5091801910817.06,3794391616398.19
2007-04-12,8883746011250.82,5086556897300.21,3797189113950.61
2007-04-13,8893052024975.38,5094775716087.73,3798276308887.65
2007-04-16,8869383899413.77,5067017075757.44,3802366823656.33
2007-04-17,8848826364861.86,5036278366972.42,3812547997889.44
2007-04-18,8842340087934.03,5029374562070.06,3812965525863.97
2007-04-19,8822074283982.06,5006984860918.55,3815089423063.51
2007-04-20,8824831187839.52,5007096812536.69,3817734375302.83
2007-04-23,8827487030519.89,5007148212960.89,3820338817559.00
2007-04-24,8835534228464.89,5007746996216.57,3827787232248.32
2007-04-25,8834497186176.46,5009026592580.37,3825470593596.09
2007-04-26,8817823126234.99,4988448327951.65,3829374798283.34
2007-04-27,8815544218511.68,4988515606562.97,3827028611948.71
2007-04-30,8840168384430.83,5007058051986.64,3833110332444.19
2007-05-01,8824626383981.37,5004399622497.17,3820226761484.20
2007-05-02,8835930508044.15,5004774605884.47,3831155902159.68
2007-05-03,8814266478817.87,4987674673012.51,3826591805805.36
2007-05-04,8816009655724.63,4987899131364.04,3828110524360.59
2007-05-07,8820050309316.72,4988204661374.66,3831845647942.06
2007-05-08,8828073301005.73,4988537724956.92,3839535576048.81
2007-05-09,8822507474425.86,4989455622680.08,3833051851745.78
2007-05-10,8817010977746.30,4981480739883.24,3835530237863.06
2007-05-11,8818563989165.00,4981702159760.97,3836861829404.03
2007-05-14,8819697851326.45,4981933552201.59,3837764299124.86
2007-05-15,8803253918300.67,4959485268418.13,3843768649882.54
2007-05-16,8800784727602.93,4960801102281.05,3839983625321.88
2007-05-17,8804461375489.12,4960197499732.96,3844263875756.16
2007-05-18,8804563826561.37,4960740368158.02,3843823458403.35
2007-05-21,8806848360122.07,4961570381529.84,3845277978592.23
2007-05-22,8811429608495.41,4962109684210.94,3849319924284.47
2007-05-23,8809036998631.06,4962842642286.33,3846194356344.73
2007-05-24,8816253534368.81,4967930353580.69,3848323180788.12
2007-05-25,8816293173064.11,4968043161334.62,3848250011729.49
2007-05-29,8818400511284.62,4968574712750.94,3849825798533.68
2007-05-30,8819277425299.78,4970449859064.12,3848827566235.66
2007-05-31,8828992459660.72,4980871453801.81,3848121005858.91
2007-06-01,8828304925441.01,5004206745802.95,3824098179638.06
2007-06-04,8831626578805.63,5004684363923.37,3826942214882.26
2007-06-05,8850794042552.45,5017104402824.82,3833689639727.63
2007-06-06,8849101478715.62,5017115422665.85,3831986056049.77
2007-06-07,8842564926099.82,5012218557618.75,3830346368481.07
2007-06-08,8845189710059.24,5012413541689.16,3832776168370.08
2007-06-11,8846985221345.57,5012748781660.83,3834236439684.74
2007-06-12,8850851833065.36,5012905420218.16,3837946412847.20
2007-06-13,8846993833130.17,5013832384619.53,3833161448510.64
2007-06-14,8835268597181.95,5000036445717.42,3835232151464.53
2007-06-15,8804088646954.97,4966437465360.51,3837651181594.46
2007-06-18,8808257719067.43,4966541053598.30,3841716665469.13
2007-06-19,8817082504084.05,4967798027669.58,3849284476414.47
2007-06-20,8813764402186.40,4968047472798.54,3845716929387.86
2007-06-21,8800682145619.70,4950410768831.81,3850271376787.89
2007-06-22,8803230044006.93,4950586161721.14,3852643882285.79
2007-06-25,8806901675868.86,4950662396067.18,3856239279801.68
2007-06-26,8810995616110.34,4951221935905.18,3859773680205.16
2007-06-27,8805901209566.24,4952125932307.31,3853775277258.93
2007-06-28,8793494379237.41,4942745658811.28,3850748720426.13
2007-06-29,8867675276751.65,4943089820238.26,3924585456513.39
2007-07-02,8869270164871.86,4948714972663.73,3920555192208.13
2007-07-03,8870458009723.60,4949386191143.06,3921071818580.54
2007-07-05,8872765276558.67,4950423070783.07,3922342205775.60
2007-07-06,8875880655411.31,4950793230758.07,3925087424653.24
2007-07-09,8874296618870.45,4950997596140.44,3923299022730.01
2007-07-10,8878014033921.30,4951436812186.55,3926577221734.75
2007-07-11,8872999958833.00,4952431159067.92,3920568799765.08
2007-07-12,8878050568679.22,4955494616361.47,3922555952317.75
2007-07-13,8877766570437.56,4955833768961.18,3921932801476.38
2007-07-16,8886560061162.27,4963033454246.13,3923526606916.14
2007-07-17,8893950105363.96,4963303736598.29,3930646368765.67
2007-07-18,8888522656747.96,4963324458869.97,3925198197877.99
2007-07-19,8897854185086.96,4969548255338.18,3928305929748.78
2007-07-20,8898547759276.82,4969447803095.90,3929099956180.92
2007-07-23,8899203388970.16,4969407629390.18,3929795759579.98
2007-07-24,8903301572549.67,4969370798874.79,3933930773674.88
2007-07-25,8899808160113.47,4969515325588.36,3930292834525.11
2007-07-26,8914437453946.21,4983370185439.87,3931067268506.34
2007-07-27,8919046678032.00,4983571646171.85,3935475031860.15
2007-07-30,8909750411088.77,4983978966853.70,3925771444235.07
2007-07-31,8932438299899.54,5003716733048.46,3928721566851.08
2007-08-01,8913458694112.44,4999866984024.97,3913591710087.47
2007-08-02,8945504468375.99,5023484476862.80,3922019991513.19
2007-08-03,8938927194667.92,5023416016859.97,3915511177807.95
2007-08-06,8942383522008.61,5023464569634.11,3918918952374.50
2007-08-07,8947088806588.75,5024000906449.33,3923087900139.42
2007-08-08,8941971085356.53,5024291221680.53,3917679863676.00
2007-08-09,8969803128789.47,5052663211939.52,3917139916849.95
2007-08-10,8968607956049.61,5052796831878.58,3915811124171.03
2007-08-13,8969936197090.19,5053090956960.90,3916845240129.29
2007-08-14,8974089870614.38,5053519869211.92,3920570001402.46
2007-08-15,8965125788707.57,5046912274480.11,3918213514227.46
2007-08-16,8967843389213.90,5046697105677.04,3921146283536.86
2007-08-17,8972241668141.05,5047673227074.38,3924568441066.67
2007-08-20,8972212845378.14,5047971746751.58,3924241098626.56
2007-08-21,8976291703795.34,5048734707138.41,3927556996656.93
2007-08-22,8971377465388.53,5049429472510.43,3921947992878.10
2007-08-23,8980175548008.47,5055033247974.35,3925142300034.12
2007-08-24,8980642761969.96,5054956878341.09,3925685883628.87
2007-08-27,8979862587363.46,5054962730795.07,3924899856568.39
2007-08-28,8984216518515.89,5055627850653.73,3928588667862.16
2007-08-29,8983349226599.50,5055415464601.98,3927933761997.52
2007-08-30,8989621240888.00,5065355678062.61,3924265562825.39
2007-08-31,9005648561262.70,5096938116500.60,3908710444762.10
2007-09-04,8995145905720.62,5093470584789.90,3901675320930.72
2007-09-05,9005964261217.59,5094443982042.36,3911520279175.23
2007-09-06,9009410075859.67,5098809913353.79,3910600162505.88
2007-09-07,9009883158788.28,5098996710518.41,3910886448269.87
2007-09-10,9008845774367.38,5098505374539.79,3910340399827.59
2007-09-11,9015595460021.89,5098691365037.27,3916904094984.62
2007-09-12,9011447836964.29,5099431019789.41,3912016817174.88
2007-09-13,9016288006279.21,5101405869238.47,3914882137040.74
2007-09-14,9017119869519.37,5101434187251.81,3915685682267.56
2007-09-17,9000461329297.77,5082365257608.16,3918096071689.61
2007-09-18,9009992588819.30,5082459281884.95,3927533306934.35
2007-09-19,9006548424014.87,5082767303028.70,3923781120986.17
2007-09-20,8989952783317.53,5065946971022.69,3924005812294.84
2007-09-21,8991323013544.01,5066524192454.46,3924798821089.55
2007-09-24,8993695814457.91,5066560425665.34,3927135388792.57
2007-09-25,8999896581440.62,5066939229915.80,3932957351524.82
2007-09-26,8994357848983.46,5066894781591.59,3927463067391.87
2007-09-27,8972984124356.93,5049700588283.65,3923283536073.28
2007-09-28,9007653372262.48,5049305502926.48,3958347869336.00
2007-10-01,9062552400356.63,5057236452359.32,4005315947997.31
2007-10-02,9069847575610.65,5057187797977.60,4012659777633.05
2007-10-03,9061325050109.30,5057174120951.40,4004150929157.90
2007-10-04,9050048079280.70,5043470694248.67,4006577385032.03
2007-10-05,9054543290989.36,5044361117718.07,4010182173271.29
2007-10-09,9054144650970.07,5044668950448.17,4009475700521.90
2007-10-10,9049803760459.25,5044807606587.28,4004996153871.97
2007-10-11,9042951429732.49,5038220364584.91,4004731065147.58
2007-10-12,9044256689740.39,5038254667984.29,4006002021756.10
2007-10-15,9053982150125.01,5043530125470.98,4010452024654.03
2007-10-16,9058325068977.76,5044434493448.63,4013890575529.13
2007-10-17,9055275173625.45,5045168512114.65,4010106661510.80
2007-10-18,9053431790817.60,5042133074743.71,4011298716073.89
2007-10-19,9053884694839.99,5042073097193.13,4011811597646.86
2007-10-22,9054233572201.09,5041954178028.24,4012279394172.85
2007-10-23,9057981725122.80,5042214354013.16,4015767371109.64
2007-10-24,9053975146155.95,5042376353075.75,4011598793080.20
2007-10-25,9060233295283.12,5047036763449.13,4013196531833.99
2007-10-26,9060495964839.96,5046649024825.46,4013846940014.50
2007-10-29,9060646698640.14,5046591137704.21,4014055560935.93
2007-10-30,9058380227039.94,5046466199006.79,4011914028033.15
2007-10-31,9079086185866.28,5067078546655.56,4012007639210.72
2007-11-01,9080228573291.65,5081298828963.01,3998929744328.64
2007-11-02,9078823870518.74,5081671168581.22,3997152701937.52
2007-11-05,9081398721416.90,5081641334659.25,3999757386757.65
2007-11-06,9085865641215.84,5082132074769.88,4003733566445.96
2007-11-07,9084273781557.64,5082087499065.19,4002186282492.45
2007-11-08,9111327515339.53,5105250779670.21,4006076735669.32
2007-11-09,9111606603538.67,5105179904073.99,4006426699464.68
2007-11-13,9111730076511.49,5105354970348.89,4006375106162.60
2007-11-14,9110326439651.28,5106181386535.64,4004145053115.64
2007-11-15,9113206502561.64,5111851283522.74,4001355219038.90
2007-11-16,9115923589251.03,5111878035139.67,4004045554111.36
2007-11-19,9120272950302.95,5111991275751.01,4008281674551.94
2007-11-20,9125236872835.68,5112756434487.54,4012480438348.14
2007-11-21,9120116287771.77,5112702286851.76,4007414000920.01
2007-11-23,9130889561057.31,5119724373354.39,4011165187702.92
2007-11-26,9133697869018.57,5119722549448.12,4013975319570.45
2007-11-27,9137339617420.28,5119667617341.38,4017672000078.90
2007-11-28,9130750176900.10,5120037582967.51,4010712593932.59
2007-11-29,9139880193861.94,5132367923003.75,4007512270858.19
2007-11-30,9149341364936.71,5146579494448.64,4002761870488.07
2007-12-03,9154986584732.22,5170372443506.45,3984614141225.77
2007-12-04,9163318369203.42,5171086144880.52,3992232224322.90
2007-12-05,9163376546475.03,5171372367502.23,3992004178972.80
2007-12-06,9168352339338.57,5175317036398.86,3993035302939.71
2007-12-07,9166107568248.56,5175132537120.94,3990975031127.62
2007-12-10,9167943258514.87,5175055130528.93,3992888127985.94
2007-12-11,9171793054831.10,5174901525039.63,3996891529791.47
2007-12-12,9174295121331.76,5183280639352.91,3991014481978.85
2007-12-13,9172270152373.44,5180516146138.48,3991754006234.96
2007-12-14,9171665249667.55,5180726381574.75,3990938868092.80
2007-12-17,9142095044419.45,5149994515260.67,3992100529158.78
2007-12-18,9151309834483.95,5150351264923.24,4000958569560.71
2007-12-19,9145592196667.69,5150625190958.50,3994967005709.19
2007-12-20,9136418062457.29,5138057260455.23,3998360802002.06
2007-12-21,9139991365436.97,5137960774655.64,4002030590781.33
2007-12-24,9142202811091.62,5138071974751.25,4004130836340.37
2007-12-26,9139346037351.11,5138222924264.19,4001123113086.92
2007-12-27,9124016501555.91,5120576115530.95,4003440386024.96
2007-12-28,9120549682475.62,5120892177343.93,3999657505131.69
2007-12-31,9229172659218.31,5136302727072.67,4092869932145.64
2008-01-02,9210587444062.47,5130778241224.70,4079809202837.77
2008-01-03,9194946241047.38,5115950723592.05,4078995517455.33
2008-01-04,9197577880817.43,5116199834200.04,4081378046617.39
2008-01-07,9199557987743.58,5116191448188.30,4083366539555.28
2008-01-08,9201224783656.91,5116400865243.44,4084823918413.47
2008-01-09,9196451518618.93,5116464836848.38,4079986681770.55
2008-01-10,9198377804543.39,5116483556957.28,4081894247586.11
2008-01-11,9198230732277.62,5116468581683.24,4081762150594.38
2008-01-14,9199876044278.78,5116701921441.37,4083174122837.41
2008-01-15,9194165780462.91,5104642802988.75,4089522977474.16
2008-01-16,9190316700166.26,5104651904408.03,4085664795758.23
2008-01-17,9187584466089.71,5095854801083.35,4091729665006.36
2008-01-18,9188640287930.39,5096206984362.93,4092433303567.46
2008-01-22,9191074962157.16,5095916208021.60,4095158754135.56
2008-01-23,9192242045390.41,5097062254069.89,4095179791320.52
2008-01-24,9195477639808.95,5098655889709.16,4096821750099.79
2008-01-25,9202516936166.24,5102238850673.26,4100278085492.98
2008-01-28,9203187681379.26,5102308190524.52,4100879490854.74
2008-01-29,9207775844006.23,5102676412483.02,4105099431523.21
2008-01-30,9200874834693.13,5102674915682.92,4098199919010.21
2008-01-31,9238008288942.11,5132265067831.71,4105743221110.40
2008-02-01,9210856011325.78,5130384489850.08,4080471521475.70
2008-02-04,9219692680543.57,5130446607910.31,4089246072633.26
2008-02-05,9224924189566.84,5130439965772.90,4094484223793.94
2008-02-06,9223401876394.39,5130500713635.86,4092901162758.53
2008-02-07,9242126576493.50,5148614528726.80,4093512047766.70
2008-02-08,9244731034073.19,5149242672442.91,4095488361630.28
2008-02-11,9246121985977.67,5149319162890.22,4096802823087.45
2008-02-12,9250932577938.04,5149882424131.95,4101050153806.09
2008-02-13,9244157340271.49,5149738436554.02,4094418903717.47
2008-02-14,9291899089252.55,5195943354136.82,4095955735115.73
2008-02-15,9289242421070.23,5190042432007.12,4099199989063.11
2008-02-19,9291660518736.75,5190250212113.67,4101410306623.08
2008-02-20,9294461192747.05,5190800126902.66,4103661065844.39
2008-02-21,9315527047946.48,5212638061129.39,4102888986817.09
2008-02-22,9319738839468.00,5212686107111.04,4107052732356.96
2008-02-25,9320832173527.18,5212482219742.07,4108349953785.11
2008-02-26,9326682518402.00,5212962900689.86,4113719617712.14
2008-02-27,9330185458840.71,5223170296969.29,4107015161871.42
2008-02-28,9343241961715.05,5239145433213.19,4104096528501.86
2008-02-29,9358051423747.64,5259804376714.62,4098247047033.02
2008-03-03,9368473813073.49,5288162112740.96,4080311700332.53
2008-03-04,9379543966478.07,5288507327351.57,4091036639126.50
2008-03-05,9380426476113.23,5288773781817.85,4091652694295.38
2008-03-06,9395022427279.92,5302410103585.32,4092612323694.60
2008-03-07,9394003651044.35,5303092483697.43,4090911167346.92
2008-03-10,9396745343838.87,5303001225810.13,4093744118028.74
2008-03-11,9402678567360.58,5303809530883.13,4098869036477.45
2008-03-12,9397050054722.90,5304202682778.23,4092847371944.67
2008-03-13,9408066260869.55,5313220161850.83,4094846099018.72
2008-03-14,9408252008288.54,5313245061227.51,4095006947061.03
2008-03-17,9379249299253.81,5282750137551.24,4096499161702.57
2008-03-18,9389287518599.35,5282898305594.39,4106389213004.96
2008-03-19,9383132498684.80,5283167997094.26,4099964501590.54
2008-03-20,9392204908953.75,5289594553278.82,4102610355674.93
2008-03-21,9392558361529.10,5289659955959.07,4102898405570.03
2008-03-24,9395715806343.99,5290715216972.06,4105000589371.93
2008-03-25,9400595502368.94,5291290158902.71,4109305343466.23
2008-03-26,9394129601360.70,5291428953606.86,4102700647753.84
2008-03-27,9412362408343.83,5308260120761.59,4104102287582.24
2008-03-28,9407933186655.87,5308272236203.28,4099660950452.59
2008-03-31,9437594138091.39,5334115575742.88,4103478562348.51
2008-04-01,9446545592937.05,5357331152096.19,4089214440840.86
2008-04-02,9454715220812.19,5358160096109.21,4096555124702.98
2008-04-03,9437425175221.31,5346608237910.32,4090816937310.99
2008-04-04,9438509689837.02,5346703634865.43,4091806054971.59
2008-04-07,9441198300296.94,5346812281285.95,4094386019010.99
2008-04-08,9446154407402.42,5347013293843.82,4099141113558.60
2008-04-09,9437355472760.48,5346424849307.19,4090930623453.29
2008-04-10,9442707483965.74,5349601084902.75,4093106399062.99
2008-04-11,9442757563045.54,5349313159752.49,4093444403293.05
2008-04-14,9444399908743.20,5349210909674.63,4095188999068.57
2008-04-15,9409067124575.77,5299898420336.01,4109168704239.76
2008-04-16,9400717750381.69,5294375011987.50,4106342738394.19
2008-04-17,9368327613595.73,5259571359270.27,4108756254325.46
2008-04-18,9372485723263.83,5259641728215.03,4112843995048.80
2008-04-21,9354920572952.48,5239728568678.29,4115192004274.19
2008-04-22,9341483600140.48,5220026951233.58,4121456648906.90
2008-04-23,9341527250070.24,5220416691956.81,4121110558113.43
2008-04-24,9333202141247.10,5207367063908.35,4125835077338.75
2008-04-25,9334965822890.37,5207256975707.42,4127708847182.95
2008-04-28,9337515818138.53,5207326406692.66,4130189411445.87
2008-04-29,9338048832050.49,5207495999107.06,4130552832943.43
2008-04-30,9377557217133.44,5244194578964.17,4133362638169.27
2008-05-01,9346419103203.92,5227864606882.37,4118554496321.55
2008-05-02,9347475456216.89,5227386449409.91,4120089006806.98
2008-05-05,9352382329893.86,5227180433410.72,4125201896483.14
2008-05-06,9358001042919.44,5227064331168.07,4130936711751.37
2008-05-07,9359720592641.80,5227620665138.03,4132099927503.77
2008-05-08,9364793075953.95,5227965998741.94,4136827077212.01
2008-05-09,9365234055404.44,5227816871972.24,4137417183432.20
2008-05-12,9366488972049.31,5228145862890.05,4138343109159.26
2008-05-13,9370740031318.41,5228246112030.77,4142493919287.64
2008-05-14,9364554673553.01,5228441876253.45,4136112797299.56
2008-05-15,9352287132675.25,5218557032584.41,4133730100090.84
2008-05-16,9352655251865.99,5218570776014.84,4134084475851.15
2008-05-19,9356861269040.14,5218614101500.59,4138247167539.55
2008-05-20,9379129117817.38,5237063773929.53,4142065343887.85
2008-05-21,9373415957965.12,5237483111416.40,4135932846548.72
2008-05-22,9392624758339.22,5252254081800.77,4140370676538.45
2008-05-23,9393913579865.40,5252299921216.01,4141613658649.39
2008-05-27,9393275739477.56,5252835773380.98,4140439966096.58
2008-05-28,9390653364135.51,5253221844128.86,4137431520006.65
2008-05-29,9391228825656.43,5259298808222.23,4131930017434.20
2008-05-30,9388666879582.79,5278567329795.98,4110099549786.81
2008-06-02,9396338553995.57,5299425239865.48,4096913314130.09
2008-06-03,9395375319731.05,5299624937140.91,4095750382590.14
2008-06-04,9395806163660.61,5299614464265.59,4096191699395.02
2008-06-05,9407494302847.57,5307426828369.59,4100067474477.98
2008-06-06,9405738960230.52,5307139570626.21,4098599389604.31
2008-06-09,9407217454371.84,5307821153547.15,4099396300824.69
2008-06-10,9411567110791.11,5308044204929.07,4103522905862.04
2008-06-11,9428321476777.50,5330353382738.76,4097968094038.74
2008-06-12,9415442378476.81,5314964457813.51,4100477920663.30
2008-06-13,9415535143721.76,5315085616730.02,4100449526991.74
2008-06-16,9386790419525.60,5283460867422.74,4103329552102.86
2008-06-17,9396628649005.66,5283986179329.61,4112642469676.05
2008-06-18,9392095009896.53,5284022012707.28,4108072997189.25
2008-06-19,9370288314000.78,5256871649433.82,4113416664566.96
2008-06-20,9370753974906.22,5256760958260.55,4113993016645.67
2008-06-23,9373288975243.12,5256906014421.79,4116382960821.33
2008-06-24,9379274119465.14,5257076276962.68,4122197842502.46
2008-06-25,9370924106133.47,5257711491717.45,4113212614416.02
2008-06-26,9368857122740.39,5253962412535.51,4114894710204.88
2008-06-27,9363805510527.12,5254179362828.83,4109626147698.29
2008-06-30,9492006123003.80,5285063693378.25,4206942429625.55
2008-07-01,9467517290968.10,5276940964577.15,4190576326390.95
2008-07-02,9473062472197.15,5277617694301.70,4195444777895.45
2008-07-03,9492245770798.70,5301053078638.29,4191192692160.41
2008-07-07,9493572520818.58,5301339492699.30,4192233028119.28
2008-07-08,9499788157602.61,5301802247136.86,4197985910465.75
2008-07-09,9493175590922.86,5302275417956.00,4190900172966.86
2008-07-10,9502657392916.08,5312998074837.08,4189659318079.00
2008-07-11,9501440657871.12,5313138928078.85,4188301729792.27
2008-07-14,9498511404143.63,5313265227659.20,4185246176484.43
2008-07-15,9509739375743.52,5320753538796.08,4188985836947.44
2008-07-16,9504719126139.46,5321071412267.00,4183647713872.46
2008-07-17,9517951282749.33,5330583521606.70,4187367761142.63
2008-07-18,9518251647355.40,5330674171794.96,4187577475560.44
2008-07-21,9520353319152.53,5331046860034.93,4189306459117.60
2008-07-22,9532805919153.95,5339931098553.27,4192874820600.68
2008-07-23,9526597867201.68,5340252497665.26,4186345369536.42
2008-07-24,9540161111017.02,5350871337967.07,4189289773049.95
2008-07-25,9540689536562.79,5351159928800.76,4189529607762.03
2008-07-28,9537495474288.77,5350905625716.51,4186589848572.26
2008-07-29,9537591129721.98,5351639048098.45,4185952081623.53
2008-07-30,9532535640914.74,5351840120417.25,4180695520497.49
2008-07-31,9585479639200.33,5403381951775.03,4182097687425.30
2008-08-01,9556571346593.61,5400553022675.36,4156018323918.25
2008-08-04,9565042361845.53,5401068589940.50,4163973771905.03
2008-08-05,9569686761657.90,5401230917425.06,4168455844232.84
2008-08-06,9569170382793.57,5401767757113.29,4167402625680.28
2008-08-07,9571432990910.15,5402861023681.00,4168571967229.15
2008-08-08,9573454552889.97,5403109479051.22,4170345073838.75
2008-08-11,9575181268036.06,5403503090045.93,4171678177990.13
2008-08-12,9579381575933.70,5403830291255.50,4175551284678.20
2008-08-13,9598876881719.76,5429866050619.62,4169010831100.14
2008-08-14,9593340378950.39,5423722063229.44,4169618315720.95
2008-08-15,9606975957798.46,5434625511352.63,4172350446445.83
2008-08-18,9608111368296.70,5435105378906.55,4173005989390.15
2008-08-19,9614730486606.68,5435743895351.09,4178986591255.59
2008-08-20,9608334387261.59,5436199628659.12,4172134758602.47
2008-08-21,9618645199394.09,5443448117025.36,4175197082368.73
2008-08-22,9618734657724.09,5443727770323.81,4175006887400.28
2008-08-25,9621536885603.88,5444170797982.36,4177366087621.52
2008-08-26,9635644470055.36,5455467754988.88,4180176715066.48
2008-08-27,9628795708365.20,5455420775392.02,4173374932973.18
2008-08-28,9650327577961.59,5479937428314.75,4170390149646.84
2008-08-29,9645725555640.02,5479100086662.10,4166625468977.92
2008-09-02,9667801662429.23,5509898020864.12,4157903641565.11
2008-09-03,9667676261885.38,5509953344882.61,4157722917002.77
2008-09-04,9668194123052.30,5510537696176.73,4157656426875.57
2008-09-05,9669798894468.78,5510653897970.67,4159144996498.11
2008-09-08,9668844788980.66,5510454671651.99,4158390117328.67
2008-09-09,9692762945925.31,5530693169327.12,4162069776598.19
2008-09-10,9684792611504.77,5530928205885.99,4153864405618.78
2008-09-11,9682116996293.84,5526828606295.84,4155288389998.00
2008-09-12,9683319152145.35,5526803202443.31,4156515949702.04
2008-09-15,9634090464815.55,5475450615883.44,4158639848932.11
2008-09-16,9639791665927.94,5475941633094.80,4163850032833.14
2008-09-17,9647147460555.00,5476381035381.95,4170766425173.05
2008-09-18,9664631803259.07,5492459419394.83,4172172383864.24
2008-09-19,9727009619894.34,5552620101517.17,4174389518377.17
2008-09-22,9785866165910.40,5613059030493.40,4172807135417.00
2008-09-23,9791569244675.95,5613893232637.39,4177676012038.56
2008-09-24,9788080661828.23,5614420276276.55,4173660385551.68
2008-09-25,9849249966383.92,5674500268592.36,4174749697791.56
2008-09-26,9889199531449.08,5714473881064.87,4174725650384.21
2008-09-29,9945578231981.59,5774962168083.97,4170616063897.62
2008-09-30,10024724896912.49,5808691665403.71,4216033231508.78
2008-10-01,10124225067127.69,5850791254967.39,4273433812160.30
2008-10-02,10148749284084.15,5869084491601.97,4279664792482.18
2008-10-03,10186269007199.11,5913838136448.68,4272430870750.43
2008-10-06,10187754347408.87,5913434272451.45,4274320074957.42
2008-10-07,10224252192942.42,5943992236199.90,4280259956742.52
2008-10-08,10245247740307.58,5974095384099.93,4271152356207.65
2008-10-09,10266382646543.62,5994929606697.25,4271453039846.37
2008-10-10,10294381432306.11,6024947413171.24,4269434019134.87
2008-10-14,10294404889401.47,6024523653568.44,4269881235833.03
2008-10-15,10326055380264.11,6055696053989.64,4270359326274.47
2008-10-16,10331139000845.92,6060010376937.96,4271128623907.96
2008-10-17,10334206499002.15,6059726289765.44,4274480209236.71
2008-10-20,10464889644552.18,6189647424005.11,4275242220547.07
2008-10-21,10467391133731.14,6189702466098.06,4277688667633.08
2008-10-22,10495669391439.70,6225624748437.89,4270044643001.81
2008-10-23,10524112985802.87,6250228142316.10,4273884843486.77
2008-10-24,10523955355856.66,6249314985998.51,4274640369858.15
2008-10-27,10524747198710.25,6249200819818.43,4275546378891.82
2008-10-28,10526720156868.39,6249172415201.81,4277547741666.58
2008-10-29,10525823144117.64,6249239190920.28,4276583953197.36
2008-10-30,10530893033778.21,6257578457250.88,4273314576527.33
2008-10-31,10574094462968.23,6302793747598.97,4271300715369.26
2008-11-03,10556177748045.21,6302176307108.20,4254001440937.01
2008-11-04,10566146196490.58,6302535948012.36,4263610248478.22
2008-11-05,10566870637263.35,6302458417616.34,4264412219647.01
2008-11-06,10624730227798.25,6358998910837.97,4265731316960.28
2008-11-07,10622166941631.68,6358869286267.95,4263297655363.73
2008-11-10,10622223198682.54,6358690409750.62,4263532788931.92
2008-11-12,10618508632584.50,6358806971888.52,4259701660695.98
2008-11-13,10578639151691.13,6320976663656.70,4257662488034.43
2008-11-14,10617806584635.27,6360691569969.19,4257115014666.08
2008-11-17,10618466094057.06,6359522811655.01,4258943282402.05
2008-11-18,10660417854472.29,6394550218145.18,4265867636327.11
2008-11-19,10652323523227.98,6394116589427.96,4258206933800.02
2008-11-20,10655457229922.34,6393926893617.82,4261530336304.52
2008-11-21,10655468648978.07,6393775797295.81,4261692851682.26
2008-11-24,10654259430730.17,6393688876791.61,4260570553938.56
2008-11-25,10658356277853.89,6395157193349.84,4263199084504.05
2008-11-26,10647917555364.39,6395807621162.60,4252109934201.79
2008-11-28,10661174903807.68,6396590860569.49,4264584043238.19
2008-12-01,10681135920463.07,6434879220132.56,4246256700330.51
2008-12-02,10685166611275.20,6435078596060.30,4250088015214.90
2008-12-03,10675932885390.22,6434552796939.87,4241380088450.35
2008-12-04,10653883024152.87,6411650143809.01,4242232880343.86
2008-12-05,10653271333099.91,6411463069240.95,4241808263858.96
2008-12-08,10653930363287.91,6410703126587.23,4243227236700.68
2008-12-09,10656119227403.05,6410734685101.64,4245384542301.41
2008-12-10,10648440877251.63,6410822416494.81,4237618460756.82
2008-12-11,10597885059458.78,6390881581542.01,4207003477916.77
2008-12-12,10597068737927.10,6390698622849.38,4206370115077.72
2008-12-15,10655601512061.19,6418685498877.51,4236916013183.68
2008-12-16,10630556502899.88,6418858135322.00,4211698367577.88
2008-12-17,10655552067433.77,6418658027770.20,4236894039663.57
2008-12-18,10598468155070.37,6360780102719.10,4237688052351.27
2008-12-19,10598195081084.56,6360410841483.38,4237784239601.18
2008-12-22,10567429429138.10,6359822299238.44,4207607129899.66
2008-12-23,10601771342207.11,6359897239853.44,4241874102353.67
2008-12-24,10586589075929.34,6359775642515.06,4226813433414.28
2008-12-26,10552775879227.14,6323447047871.14,4229328831356.00
2008-12-29,10554113905232.03,6322709858350.73,4231404046881.30
2008-12-30,10553014664691.60,6322765588713.41,4230249075978.19
2008-12-31,10699804864612.13,6369318869476.54,4330485995135.59
2009-01-02,10627961295930.67,6320066198644.34,4307895097286.33
2009-01-05,10635512060907.16,6319153451562.27,4316358609344.89
2009-01-06,10638425746293.80,6318809124655.56,4319616621638.24
2009-01-07,10635772096222.74,6318494695577.72,4317277400645.02
2009-01-08,10608325323172.57,6290895264113.46,4317430059059.11
2009-01-09,10609758567607.17,6290327140825.48,4319431426781.69
2009-01-12,10609790681008.44,6289228157982.89,4320562523025.55
2009-01-13,10613904888048.13,6289189388739.05,4324715499309.08
2009-01-14,10605968804933.43,6288674179920.54,4317294625012.89
2009-01-15,10627708753691.49,6309144617619.47,4318564136072.02
2009-01-16,10628881485510.23,6308564856414.67,4320316629095.56
2009-01-20,10626877048913.08,6307310739681.66,4319566309231.42
2009-01-21,10625053544309.79,6307084792840.85,4317968751468.94
2009-01-22,10618718703374.78,6296701346374.02,4322017357000.76
2009-01-23,10620397126433.52,6296581792932.27,4323815333501.25
2009-01-26,10620857710762.31,6295576844311.51,4325280866450.80
2009-01-27,10626078634370.54,6295764899149.36,4330313735221.18
2009-01-28,10617861263183.30,6295524768735.12,4322336494448.18
2009-01-29,10626297420130.85,6309860670347.08,4316436749783.77
2009-01-30,10632005246736.97,6317224182633.94,4314781064103.03
2009-02-02,10667963268393.28,6363558989801.84,4304404278591.44
2009-02-03,10668643381356.91,6363420764397.43,4305222616959.48
2009-02-04,10669192308562.45,6363352273371.93,4305840035190.52
2009-02-05,10717998123287.70,6410020405165.47,4307977718122.23
2009-02-06,10717280371345.89,6410361244733.45,4306919126612.44
2009-02-09,10717726200848.14,6409788263996.47,4307937936851.67
2009-02-10,10721365792566.28,6410177089722.80,4311188702843.48
2009-02-11,10713124215572.20,6409955329202.02,4303168886370.18
2009-02-12,10759196587563.44,6453765915043.27,4305430672520.17
2009-02-13,10759016081652.99,6453497486531.27,4305518595121.72
2009-02-17,10789783760341.41,6481923355207.56,4307860405133.85
2009-02-18,10789925775196.76,6482101482601.99,4307824292594.77
2009-02-19,10802021982124.74,6495008105385.21,4307013876739.53
2009-02-20,10838758414164.46,6530346473368.37,4308411940796.09
2009-02-23,10839526591486.90,6529919612154.59,4309606979332.31
2009-02-24,10843355058860.91,6530393414088.52,4312961644772.39
2009-02-25,10837499231127.11,6530807049597.79,4306692181529.32
2009-02-26,10881159722022.36,6578855990306.71,4302303731715.65
2009-02-27,10877144501237.52,6579162708614.60,4297981792622.92
2009-03-02,10942165294650.89,6653326026607.72,4288839268043.17
2009-03-03,10943838929434.92,6653824446048.54,4290014483386.38
2009-03-04,10944337682981.48,6654449660910.95,4289888022070.53
2009-03-05,10953034411520.15,6661392934515.56,4291641477004.59
2009-03-06,10951578308859.02,6662243974550.62,4289334334308.40
2009-03-09,10952663030603.41,6662204653404.08,4290458377199.33
2009-03-10,10958408586222.43,6662656840626.19,4295751745596.24
2009-03-11,10951099637335.63,6662844615842.74,4288255021492.89
2009-03-12,10983549928728.74,6694196414273.22,4289353514455.52
2009-03-13,10983750182347.25,6694182755194.09,4289567427153.16
2009-03-16,11033157578669.78,6741972565592.27,4291185013077.51
2009-03-17,11042553971450.47,6742004029257.94,4300549942192.53
2009-03-18,11034225094391.03,6742241452096.13,4291983642294.90
2009-03-19,11039686130898.10,6746328587056.90,4293357543841.20
2009-03-20,11040807027558.10,6746757787199.50,4294049240358.60
2009-03-23,11041711544305.34,6746641784041.68,4295069760263.66
2009-03-24,11046928257010.20,6746864697941.99,4300063559068.21
2009-03-25,11037916881157.83,6746924596902.85,4290992284254.98
2009-03-26,11046247657049.48,6754100383090.75,4292147273958.73
2009-03-27,11045554110788.92,6753632237153.97,4291921873634.95
2009-03-30,11043588980678.90,6753702140034.65,4289886840644.25
2009-03-31,11126941485713.37,6833543454712.90,4293398031000.47
2009-04-01,11110654357209.33,6831800594362.03,4278853762847.30
2009-04-02,11124519301253.21,6839564838148.81,4284954463104.40
2009-04-03,11146566832297.33,6868532515279.65,4278034317017.68
2009-04-06,11149346771082.81,6868606323636.60,4280740447446.21
2009-04-07,11152772833835.89,6868729876036.67,4284042957799.22
2009-04-08,11145352700191.57,6868780515493.62,4276572184697.95
2009-04-09,11169466380008.32,6892835801149.21,4276630578859.11
2009-04-10,11169725647724.50,6892886957946.75,4276838689777.75
2009-04-13,11169978555115.48,6893196397961.72,4276782157153.76
2009-04-14,11172298738031.41,6893364260485.43,4278934477545.98
2009-04-15,11218863034278.70,6937569851513.76,4281293182764.94
2009-04-16,11183899252728.00,6898833674851.37,4285065577876.63
2009-04-17,11185715978983.38,6898873477415.95,4286842501567.43
2009-04-20,11189382518232.75,6899067097852.11,4290315420380.64
2009-04-21,11193459542379.92,6898703339762.18,4294756202617.74
2009-04-22,11191057364056.82,6898755078442.32,4292302285614.50
2009-04-23,11184922662862.85,6885897594432.37,4299025068430.48
2009-04-24,11185300192981.20,6885764355032.14,4299535837949.06
2009-04-27,11189456636736.21,6886050251524.20,4303406385212.01
2009-04-28,11194339423305.97,6886205201144.77,4308134222161.20
2009-04-29,11152922414388.28,6851477439024.13,4301444975364.15
2009-04-30,11238592141958.64,6930824942975.56,4307767198983.08
2009-05-01,11208076192300.55,6927622336982.99,4280453855317.56
2009-05-04,11219969983013.69,6927691087258.88,4292278895754.81
2009-05-05,11227464371841.48,6927814023783.68,4299650348057.80
2009-05-06,11226807485330.04,6927755259710.47,4299052225619.57
2009-05-07,11256266640050.20,6955434473527.65,4300832166522.55
2009-05-08,11258693795457.10,6955218139510.73,4303475655946.37
2009-05-11,11260454652131.26,6955188380355.05,4305266271776.21
2009-05-12,11263799743425.98,6955071171226.89,4308728572199.09
2009-05-13,11255959564418.43,6954980864876.37,4300978699542.06
2009-05-14,11270547397564.64,6968907881296.13,4301639516268.51
2009-05-15,11284110407424.51,6981972246485.76,4302138160938.75
2009-05-18,11286593315851.04,6981959429954.02,4304633885897.02
2009-05-19,11293355611258.51,6982204089081.65,4311151522176.86
2009-05-20,11285462042449.61,6982626272295.82,4302835770153.79
2009-05-21,11305673498034.18,6999368863588.18,4306304634446.00
2009-05-22,11301675926828.94,6999376165569.64,4302299761259.30
2009-05-26,11305594490199.65,6999554378645.33,4306040111554.32
2009-05-27,11301114877848.38,6999887200564.75,4301227677283.63
2009-05-28,11311681705086.14,7017392495125.85,4294289209960.29
2009-05-29,11321599905356.40,7019321525525.25,4302278379831.15
2009-06-01,11379966189575.05,7097861677672.01,4282104511903.04
2009-06-02,11382737715925.23,7098404965958.73,4284332749966.50
2009-06-03,11374265930605.76,7098401699224.91,4275864231380.85
2009-06-04,11388997387553.01,7110157488708.66,4278839898844.35
2009-06-05,11387943461664.81,7109931339362.69,4278012122302.12
2009-06-08,11390254109727.10,7109946379411.88,4280307730315.22
2009-06-09,11391459255428.95,7109972049499.36,4281487205929.59
2009-06-10,11383987605139.01,7110096282278.54,4273891322860.47
2009-06-11,11375626420309.63,7110580992583.70,4265045427725.93
2009-06-12,11374952729568.32,7110923807097.73,4264028922470.59
2009-06-15,11400723732452.21,7133203590883.64,4267520141568.57
2009-06-16,11406012959882.55,7133503894802.76,4272509065079.79
2009-06-17,11402770228073.98,7133486161909.16,4269284066164.82
2009-06-18,11399258796766.10,7127626496714.92,4271632300051.18
2009-06-19,11397711606020.00,7127310135039.52,4270401470980.48
2009-06-22,11400656567952.60,7127334842792.10,4273321725160.50
2009-06-23,11407973761151.02,7127688946496.39,4280284814654.63
2009-06-24,11365652939856.33,7092956714512.70,4272696225343.63
2009-06-25,11363514364365.21,7090100564668.36,4273413799696.85
2009-06-26,11362480417393.35,7090436316081.58,4272044101311.77
2009-06-29,11358401131131.46,7090563287093.66,4267837844037.80
2009-06-30,11545275346431.39,7174912385059.26,4370362961372.13
2009-07-01,11518472742288.00,7165693583729.37,4352779158558.63
2009-07-02,11489560999310.74,7139808033162.55,4349752966148.19
2009-07-03,11490988069885.84,7139790892443.39,4351197177442.45
2009-07-06,11520570236023.37,7169780092481.21,4350790143542.16
2009-07-07,11523843053689.95,7169995258496.69,4353847795193.26
2009-07-08,11515064224509.82,7170616284217.07,4344447940292.75
2009-07-09,11526304058825.54,7181012709229.66,4345291349595.88
2009-07-10,11524606290165.04,7180648435929.38,4343957854235.66
2009-07-13,11525392902001.60,7180647818637.96,4344745083363.64
2009-07-14,11528990866940.74,7180892052603.57,4348098814337.17
2009-07-15,11579428713952.53,7238613847252.09,4340814866700.44
2009-07-16,11598417943168.15,7254750253086.17,4343667690081.98
2009-07-17,11600488226683.25,7254812680474.55,4345675546208.70
2009-07-20,11601270694948.64,7254984489704.24,4346286205244.40
2009-07-21,11604364019085.61,7254662502679.06,4349701516406.55
2009-07-22,11595495788840.05,7254923561984.67,4340572226855.38
2009-07-23,11605521079842.13,7264963795966.75,4340557283875.38
2009-07-24,11606528598129.77,7264839437750.68,4341689160379.09
2009-07-27,11607787344879.74,7264917215650.08,4342870129229.66
2009-07-28,11612707445497.10,7265337549268.63,4347369896228.47
2009-07-29,11611217335101.06,7266070575578.65,4345146759522.41
2009-07-30,11581201791282.14,7240039191481.46,4341162599800.68
2009-07-31,11669251349504.65,7335573300422.11,4333678049082.54
2009-08-03,11648548144569.76,7330489761535.11,4318058383034.65
2009-08-04,11659644290011.89,7330433379272.34,4329210910739.55
2009-08-05,11659077874250.31,7330451353350.81,4328626520899.50
2009-08-06,11660142454203.95,7329873247080.89,4330269207123.06
2009-08-07,11658212708636.47,7330163714788.70,4328048993847.77
2009-08-10,11661947544315.89,7330385850531.73,4331561693784.16
2009-08-11,11666485985007.89,7330632603032.18,4335853381975.71
2009-08-12,11658192962449.83,7330714241624.47,4327478720825.36
2009-08-13,11662830881880.07,7334810561448.46,4328020320431.61
2009-08-14,11669783083275.80,7334828367708.06,4334954715567.74
2009-08-17,11682544443828.72,7347052559307.50,4335491884521.22
2009-08-18,11726594754347.95,7383334829316.71,4343259925031.24
2009-08-19,11718232402326.06,7384038351054.48,4334194051271.58
2009-08-20,11720828555380.16,7385126904158.71,4335701651221.45
2009-08-21,11719258192538.99,7385460451439.75,4333797741099.24
2009-08-24,11719060925865.86,7385932492348.44,4333128433517.42
2009-08-25,11730400622450.31,7386220240936.11,4344180381514.20
2009-08-26,11716563436531.39,7385754197070.25,4330809239461.14
2009-08-27,11725477836090.85,7393885646934.29,4331592189156.56
2009-08-28,11718758941630.90,7394008706466.14,4324750235164.76
2009-08-31,11812870150873.53,7484144701889.34,4328725448984.19
2009-09-01,11792918170836.43,7481218854095.12,4311699316741.31
2009-09-02,11797543701288.38,7481532410836.93,4316011290451.45
2009-09-03,11787062206713.50,7476060830240.66,4311001376472.84
2009-09-04,11785028226957.00,7476061494367.04,4308966732589.96
2009-09-08,11787419577736.69,7475870463047.58,4311549114689.11
2009-09-09,11784424784049.61,7476008300129.02,4308416483920.59
2009-09-10,11795045980436.61,7488335176394.84,4306710804041.77
2009-09-11,11794695304981.72,7488352210282.27,4306343094699.45
2009-09-14,11792615473271.79,7488158294444.95,4304457178826.84
2009-09-15,11834190645301.05,7522853517308.98,4311337127992.07
2009-09-16,11827966342208.43,7522975289278.60,4304991052929.83
2009-09-17,11809239038438.40,7505033339846.05,4304205698592.35
2009-09-18,11807667118297.67,7504720341482.68,4302946776814.99
2009-09-21,11811086447487.95,7504401248855.73,4306685198632.22
2009-09-22,11819629178802.28,7504395560786.57,4315233618015.71
2009-09-23,11813723781466.43,7504209459912.53,4309514321553.90
2009-09-24,11770679815806.13,7460692650285.88,4309987165520.25
2009-09-25,11770698157074.20,7460436135722.72,4310262021351.48
2009-09-28,11771450693745.00,7459662870571.13,4311787823173.87
2009-09-29,11776112848656.17,7460136852988.81,4315975995667.36
2009-09-30,11909829003511.75,7551861558736.77,4357967444774.98
2009-10-01,11920519164319.42,7505894097177.82,4414625067141.60
2009-10-02,11917948701570.06,7506060217428.15,4411888484141.91
2009-10-05,11919879121739.54,7506024509561.69,4413854612177.85
2009-10-06,11927435900948.90,7506665459975.17,4420770440973.73
2009-10-07,11925719527944.62,7506680720194.61,4419038807750.01
2009-10-08,11898952750944.53,7479183127883.09,4419769623061.44
2009-10-09,11895799292208.46,7479168824625.64,4416630467582.82
2009-10-13,11907608545823.24,7489508528359.81,4418100017463.43
2009-10-14,11903588660952.03,7489758664164.96,4413829996787.07
2009-10-15,11946703132807.34,7530213965500.18,4416489167307.16
2009-10-16,11948722543849.95,7530179294059.39,4418543249790.56
2009-10-19,11952611405769.02,7530348395836.58,4422263009932.44
2009-10-20,11956584748608.58,7530432902398.43,4426151846210.15
2009-10-21,11948456481573.98,7530693518040.49,4417762963533.49
2009-10-22,11896808244570.28,7475811772019.34,4420996472550.94
2009-10-23,11895889017776.15,7475706137162.55,4420182880613.60
2009-10-26,11897586393656.67,7475025203198.51,4422561190458.16
2009-10-27,11901429311747.91,7475651677449.49,4425777634298.42
2009-10-28,11893668881089.01,7476449717282.13,4417219163806.88
2009-10-29,11868457477911.94,7456680623919.04,4411776853992.90
2009-10-30,11893091028361.01,7487886930552.47,4405204097808.54
2009-11-02,11974737715216.11,7579884552516.45,4394853162699.66
2009-11-03,11978591612480.95,7580074149065.03,4398517463415.92
2009-11-04,11978953722825.90,7579989372018.96,4398964350806.94
2009-11-05,11990561444829.48,7588138019547.78,4402423425281.70
2009-11-06,11988878801691.18,7588065890982.59,4400812910708.59
2009-11-09,11990022541364.79,7588075478091.39,4401947063273.40
2009-11-10,11986954033520.56,7588373933038.29,4398580100482.27
2009-11-12,11991219535897.86,7594009912460.87,4397209623436.99
2009-11-13,11991506876413.07,7593746136388.96,4397760740024.11
2009-11-16,12031299186290.07,7632033766420.46,4399265419869.61
2009-11-17,12039319107488.80,7632297011780.48,4407022095708.32
2009-11-18,12030202701513.91,7632273641916.39,4397929059597.52
2009-11-19,12011787382266.61,7611173413686.03,4400613968580.58
2009-11-20,12010561742215.21,7611082619937.08,4399479122278.13
2009-11-23,12011838881463.68,7611033532327.81,4400805349135.87
2009-11-24,12016320934466.71,7611355868467.05,4404965065999.66
2009-11-25,12009454244833.79,7611881854893.50,4397572389940.29
2009-11-27,12008650382616.48,7615594035286.33,4393056347330.15
2009-11-30,12113047538115.42,7712387187111.25,4400660351004.17
2009-12-01,12089226465642.57,7707251353639.54,4381975112003.03
2009-12-02,12090825003370.26,7706913511693.73,4383911491676.53
2009-12-03,12087361675014.75,7709701348736.40,4377660326278.35
2009-12-04,12087444121549.05,7709911899968.76,4377532221580.29
2009-12-07,12086172114368.23,7709786826316.90,4376385288051.33
2009-12-08,12091292877094.86,7709847794394.50,4381445082700.36
2009-12-09,12079739352131.13,7710037318766.99,4369702033364.14
2009-12-10,12092672900402.34,7722301552725.35,4370371347676.99
2009-12-11,12081709382532.35,7722342580493.49,4359366802038.86
2009-12-14,12071280871918.40,7710218762278.54,4361062109639.86
2009-12-15,12134970556795.04,7769018438498.81,4365952118296.23
2009-12-16,12129073186050.29,7769366691556.14,4359706494494.15
2009-12-17,12097698782543.93,7732874151767.92,4364824630776.01
2009-12-18,12097983161366.65,7733584412748.27,4364398748618.38
2009-12-21,12099243026724.56,7733428598990.61,4365814427733.95
2009-12-22,12095072597209.16,7736047177964.39,4359025419244.77
2009-12-23,12102603428507.74,7736506773971.40,4366096654536.34
2009-12-24,12101272618959.09,7734527533727.08,4366745085232.01
2009-12-28,12104441214373.68,7734615628917.72,4369825585455.96
2009-12-29,12100218479276.16,7719580903990.08,4380637575286.08
2009-12-30,12144893016570.46,7727177503757.64,4417715512812.82
2009-12-31,12311349677512.03,7811008785487.30,4500340892024.73
2010-01-04,12290238158257.13,7803905887172.98,4486332271084.15
2010-01-05,12303300925702.18,7804260234037.82,4499040691664.36
2010-01-06,12302080159963.01,7804384050405.01,4497696109558.00
2010-01-07,12280845281517.59,7781593099593.51,4499252181924.08
2010-01-08,12280604597845.51,7781415376435.24,4499189221410.27
2010-01-11,12285484345787.32,7781189167268.88,4504295178518.44
2010-01-12,12291168534193.72,7781352915790.80,4509815618402.92
2010-01-13,12282274011672.19,7781208589623.65,4501065422048.54
2010-01-14,12258545028915.24,7756103310941.48,4502441717973.76
2010-01-15,12319326469724.43,7813183812102.39,4506142657622.04
2010-01-19,12322107592352.96,7812890993527.48,4509216598825.48
2010-01-20,12327380804696.82,7814389191716.30,4512991612980.52
2010-01-21,12300163248044.69,7783227771568.19,4516935476476.50
2010-01-22,12302465487917.34,7783157721690.45,4519307766226.89
2010-01-25,12303736486568.45,7783116255564.44,4520620231004.01
2010-01-26,12308886504801.94,7784089436840.31,4524797067961.63
2010-01-27,12301772321038.04,7784152852860.25,4517619468177.79
2010-01-28,12274431428037.28,7759907274242.18,4514524153795.10
2010-01-29,12278635997966.88,7759490293035.97,4519145704930.91
2010-02-01,12349463585067.42,7849809516401.30,4499654068666.12
2010-02-02,12360943989345.48,7849743504000.83,4511200485344.65
2010-02-03,12354041054846.90,7850078042131.27,4503963012715.63
2010-02-04,12346427470024.01,7840400752727.59,4506026717296.42
2010-02-05,12345510656150.03,7840318936380.99,4505191719769.04
2010-02-08,12347902954531.73,7840438774359.10,4507464180172.63
2010-02-09,12349467132738.49,7840806790629.45,4508660342109.04
2010-02-10,12340570199406.32,7840750213342.20,4499819986064.12
2010-02-11,12349324464284.28,7848015306528.53,4501309157755.75
2010-02-12,12351624191901.06,7847910569671.71,4503713622229.35
2010-02-16,12384358013736.32,7878008174978.63,4506349838757.69
2010-02-17,12386495535882.23,7878416869865.30,4508078666016.93
2010-02-18,12401448666808.30,7893641770933.09,4507806895875.21
2010-02-19,12402054835588.68,7893756033843.68,4508298801745.00
2010-02-22,12403027179655.21,7893549784639.46,4509477395015.75
2010-02-23,12409374679862.09,7893954003115.85,4515420676746.24
2010-02-24,12401781166870.02,7893872450323.33,4507908716546.69
2010-02-25,12433661592275.45,7928696226219.39,4504965366056.06
2010-02-26,12440068020714.47,7936671001094.13,4503397019620.34
2010-03-01,12507536462861.04,8024927072288.80,4482609390572.24
2010-03-02,12519423725485.39,8024978491495.22,4494445233990.17
2010-03-03,12508944297560.56,8026656594435.31,4482287703125.25
2010-03-04,12545490013032.29,8061072722591.94,4484417290440.35
2010-03-05,12544703929352.55,8060998180435.07,4483705748917.48
2010-03-08,12546372001879.73,8061258419021.54,4485113582858.19
2010-03-09,12552703515296.83,8061801246857.28,4490902268439.55
2010-03-10,12544389439808.45,8062096950036.58,4482292489771.87
2010-03-11,12575479490348.47,8091789616324.88,4483689874023.59
2010-03-12,12575678862901.61,8092153517935.97,4483525344965.64
2010-03-15,12636662956140.07,8152640856906.57,4484022099233.50
2010-03-16,12643701402529.55,8152882370691.23,4490819031838.32
2010-03-17,12639779478641.89,8153201235570.92,4486578243070.97
2010-03-18,12661296056307.25,8174187796569.78,4487108259737.47
2010-03-19,12661039727506.65,8174432602282.13,4486607125224.52
2010-03-22,12663372436835.10,8175095386996.26,4488277049838.84
2010-03-23,12670895780689.20,8175891420076.37,4495004360612.83
2010-03-24,12662466657519.82,8176387175629.41,4486079481890.41
2010-03-25,12687570153023.93,8200481797735.73,4487088355288.20
2010-03-26,12685893723805.70,8199959850024.50,4485933873781.20
2010-03-29,12686249797715.01,8199927347284.93,4486322450430.08
2010-03-30,12684570896780.80,8200073493391.96,4484497403388.84
2010-03-31,12773123096139.43,8290068831046.49,4483054265092.94
2010-04-01,12764878911618.18,8294870658096.94,4470008253521.24
2010-04-02,12762747199516.75,8294087559961.41,4468659639555.34
2010-04-05,12786559060352.58,8315716104736.67,4470842955615.91
2010-04-06,12792967119405.50,8315962211453.58,4477004907951.92
2010-04-07,12791874548454.16,8316888619597.41,4474985928856.75
2010-04-08,12826031306447.93,8347752339307.00,4478278967140.93
2010-04-09,12825687391205.70,8347537145021.94,4478150246183.76
2010-04-12,12826379456286.85,8347343971647.64,4479035484639.21
2010-04-13,12831193383690.69,8347257429111.42,4483935954579.27
2010-04-14,12823492436215.11,8348114710150.81,4475377726064.30
2010-04-15,12874618766079.29,8387443653676.46,4487175112402.83
2010-04-16,12877714305798.84,8387322253562.56,4490392052236.28
2010-04-19,12863049415216.38,8370106355832.40,4492943059383.98
2010-04-20,12871255665556.84,8370455550588.61,4500800114968.23
2010-04-21,12865514120486.88,8370635856604.98,4494878263881.90
2010-04-22,12872601270864.44,8354949497158.86,4517651773705.58
2010-04-23,12877195922374.91,8354793450103.36,4522402472271.55
2010-04-26,12880364008405.96,8354812455514.62,4525551552891.34
2010-04-27,12886315749582.96,8355547299451.72,4530768450131.24
2010-04-28,12876734073745.72,8355526853326.03,4521207220419.69
2010-04-29,12853100126888.44,8336007537907.99,4517092588980.45
2010-04-30,12948738915856.86,8434434625613.16,4514304290243.70
2010-05-03,12927020546327.13,8430105244349.23,4496915301977.90
2010-05-04,12940953934792.90,8430148415124.48,4510805519668.42
2010-05-05,12943495066136.13,8430747249336.39,4512747816799.74
2010-05-06,12932913325200.66,8415799575685.44,4517113749515.22
2010-05-07,12928941224629.55,8415799770763.18,4513141453866.37
2010-05-10,12926785477772.98,8416604417925.40,4510181059847.58
2010-05-11,12931157737293.42,8416456370414.73,4514701366878.69
2010-05-12,12923161977864.28,8417239340657.65,4505922637206.63
2010-05-13,12927411267929.24,8420541100207.82,4506870167721.42
2010-05-14,12926689780236.68,8420100716520.27,4506589063716.41
2010-05-17,12974895930216.56,8466170133514.44,4508725796702.12
2010-05-18,12984666665110.57,8466530667286.64,4518135997823.93
2010-05-19,12975292327567.97,8466739480001.79,4508552847566.18
2010-05-20,12987822672429.02,8476842609085.10,4510980063343.92
2010-05-21,12987796841336.51,8477106002143.38,4510690839193.13
2010-05-24,12989095409531.09,8477477676539.93,4511617732991.16
2010-05-25,12995779490444.52,8478414892595.20,4517364597849.32
2010-05-26,12987274122710.70,8479472082662.04,4507802040048.66
2010-05-27,12987916782708.55,8494713847016.31,4493202935692.24
2010-05-28,12992539130957.22,8494419432586.19,4498119698371.03
2010-06-01,13050826460886.97,8572779158729.50,4478047302157.47
2010-06-02,13058289851171.50,8573302330463.11,4484987520708.39
2010-06-03,13056249966400.12,8577329845866.97,4478920120533.15
2010-06-04,13050588009652.62,8577523981934.06,4473064027718.56
2010-06-07,13052204878286.76,8577579940852.39,4474624937434.37
2010-06-08,13056957049453.42,8577518574552.20,4479438474901.22
2010-06-09,13046148615770.79,8577892793467.92,4468255822302.87
2010-06-10,13041405343973.44,8572105359213.03,4469299984760.41
2010-06-11,13041208520697.17,8572070185728.23,4469138334968.94
2010-06-14,13043148269336.48,8572307301854.94,4470840967481.54
2010-06-15,13078420280010.67,8598961216076.43,4479459063934.24
2010-06-16,13073000699429.76,8599140401634.61,4473860297795.15
2010-06-17,13038877263966.78,8559008375869.96,4479868888096.82
2010-06-18,13038455716111.87,8559226843333.86,4479228872778.01
2010-06-21,13040053515762.18,8559135196620.45,4480918319141.73
2010-06-22,13046652647591.81,8559070797212.77,4487581850379.04
2010-06-23,13041849923645.94,8559676754753.46,4482173168892.48
2010-06-24,13038079983718.36,8556293486630.55,4481786497087.81
2010-06-25,13038305786811.25,8556551627690.59,4481754159120.66
2010-06-28,13038916836943.40,8555694983404.56,4483221853538.84
2010-06-29,13037542715703.81,8556448489602.01,4481094226101.80
2010-06-30,13203473753968.10,8633680393089.93,4569793360878.17
2010-07-01,13178317356215.73,8627008761347.43,4551308594868.30
2010-07-02,13175330731664.70,8627468791521.91,4547861940142.79
2010-07-06,13177644774581.63,8627544005512.35,4550100769069.28
2010-07-07,13181991714131.18,8627557422121.00,4554434292010.18
2010-07-08,13192234850314.21,8639388337726.93,4552846512587.28
2010-07-09,13193854880648.02,8639253753800.78,4554601126847.24
2010-07-12,13194523014378.23,8639110153263.24,4555412861114.99
2010-07-13,13199290856204.31,8639463545519.75,4559827310684.56
2010-07-14,13189505566215.83,8639660769988.28,4549844796227.55
2010-07-15,13240228521494.88,8687401404190.30,4552827117304.58
2010-07-16,13239903754450.73,8687636130749.29,4552267623701.44
2010-07-19,13242893842328.75,8687633750508.44,4555260091820.31
2010-07-20,13245998461216.30,8687662217654.16,4558336243562.14
2010-07-21,13237494446894.52,8687664673045.60,4549829773848.92
2010-07-22,13249153625870.38,8698302246088.76,4550851379781.62
2010-07-23,13248524997009.91,8697892974802.64,4550632022207.27
2010-07-26,13252030092034.06,8697919989698.74,4554110102335.32
2010-07-27,13258280104675.66,8698462195782.90,4559817908892.76
2010-07-28,13247793649102.86,8698368024749.86,4549425624353.00
2010-07-29,13246508860572.07,8702120743281.01,4544388117291.06
2010-07-30,13237726976890.03,8702457766405.64,4535269210484.39
2010-08-02,13296826659389.53,8771691103893.80,4525135555495.73
2010-08-03,13301637817150.95,8771462133533.12,4530175683617.83
2010-08-04,13302301677300.10,8771791514324.99,4530510162975.11
2010-08-05,13310887351665.80,8777035305005.64,4533852046660.16
2010-08-06,13310114269532.31,8777088587625.31,4533025681907.00
2010-08-09,13311250227462.87,8776823621528.39,4534426605934.48
2010-08-10,13319830936991.03,8778544682843.82,4541286254147.21
2010-08-11,13307871897992.93,8778639712764.28,4529232185228.65
2010-08-12,13317048837517.12,8787069744688.51,4529979092828.61
2010-08-13,13315417951875.00,8786780915472.22,4528637036402.78
2010-08-16,13356994188341.44,8825308128496.03,4531686059845.41
2010-08-17,13364739861340.53,8825395074863.64,4539344786476.89
2010-08-18,13353801011553.95,8825609393931.48,4528191617622.47
2010-08-19,13363227573941.68,8833840421104.71,4529387152836.97
2010-08-20,13361739911386.51,8833342442821.93,4528397468564.58
2010-08-23,13363278285831.30,8833234650714.33,4530043635116.97
2010-08-24,13371301700295.28,8833727680597.51,4537574019697.77
2010-08-25,13361354442247.95,8834183612860.18,4527170829387.77
2010-08-26,13376189739693.61,8849513131006.47,4526676608687.14
2010-08-27,13375222710985.08,8849570008347.77,4525652702637.31
2010-08-30,13369841967694.39,8849476780656.75,4520365187037.64
2010-08-31,13449652537035.05,8927061238060.48,4522591298974.57
2010-09-01,13426803373412.02,8924442908309.90,4502360465102.12
2010-09-02,13442057367029.28,8933215951978.85,4508841415050.43
2010-09-03,13435343171187.87,8933281399898.44,4502061771289.43
2010-09-07,13438770879030.74,8933304360324.20,4505466518706.54
2010-09-08,13435355520330.43,8933704283143.32,4501651237187.11
2010-09-09,13444496046138.49,8942517856604.11,4501978189534.38
2010-09-10,13441762397157.23,8942462559419.34,4499299837737.89
2010-09-13,13443442988893.40,8942553858943.34,4500889129950.06
2010-09-14,13440225498627.42,8942704712188.55,4497520786438.87
2010-09-15,13498026949136.56,9007121861472.49,4490905087664.07
2010-09-16,13464896653374.11,8970475166793.21,4494421486580.90
2010-09-17,13467745270382.77,8970272131896.87,4497473138485.90
2010-09-20,13469342458134.17,8970291578710.76,4499050879423.41
2010-09-21,13476661616652.10,8970801454312.80,4505860162339.30
2010-09-22,13471094170316.20,8970779433653.84,4500314736662.36
2010-09-23,13463477025087.58,8962078027778.79,4501398997308.79
2010-09-24,13466818283723.48,8962112145545.98,4504706138177.50
2010-09-27,13468173874830.08,8962045737733.70,4506128137096.38
2010-09-28,13472761083757.88,8963509129588.84,4509251954169.04
2010-09-29,13466272411365.62,8963900445439.19,4502371965926.43
2010-09-30,13561623030891.79,9022808423453.08,4538814607438.71
2010-10-01,13610847585810.09,9017223006275.57,4593624579534.52
2010-10-04,13617255556356.04,9017482214669.27,4599773341686.77
2010-10-05,13624352674172.79,9018180023701.53,4606172650471.26
2010-10-06,13624678196435.07,9018282657267.76,4606395539167.31
2010-10-07,13615674949267.91,9007701456838.87,4607973492429.04
2010-10-08,13614052490714.72,9007653862241.36,4606398628473.36
2010-10-12,13612664732574.96,9005344956401.17,4607319776173.79
2010-10-13,13612299748993.36,9009424488282.75,4602875260710.61
2010-10-14,13606947094101.90,9005974021915.06,4600973072186.84
2010-10-15,13665926643255.96,9059271396291.56,4606655246964.40
2010-10-18,13668894473093.42,9060113086608.79,4608781386484.63
2010-10-19,13676109536322.09,9060556124903.72,4615553411418.37
2010-10-20,13667947376827.80,9061886738056.66,4606060638771.14
2010-10-21,13667983325978.31,9058644773549.47,4609338552428.84
2010-10-22,13667624992210.96,9058605750216.26,4609019241994.70
2010-10-25,13669359903495.66,9058663206824.61,4610696696671.05
2010-10-26,13673749566734.14,9059227318152.54,4614522248581.60
2010-10-27,13663891267223.32,9059338712702.84,4604552554520.48
2010-10-28,13658812457389.51,9059100952646.52,4599711504742.99
2010-10-29,13668825497341.36,9069879047803.52,4598946449537.84
2010-11-01,13713087906377.36,9133022353341.35,4580065553036.01
2010-11-02,13723974060859.22,9133584590439.72,4590389470419.50
2010-11-03,13718711829904.32,9133542345619.01,4585169484285.31
2010-11-04,13723439668440.18,9135679189836.64,4587760478603.54
2010-11-05,13723330060510.52,9135469398688.94,4587860661821.58
2010-11-08,13725166759183.46,9135409429433.01,4589757329750.45
2010-11-09,13727147399038.59,9135403570564.55,4591743828474.04
2010-11-10,13719547683746.49,9136758086733.07,4582789597013.42
2010-11-12,13721979465685.32,9137994773432.55,4583984692252.77
2010-11-15,13789013561493.72,9203788917732.66,4585224643761.06
2010-11-16,13795134710938.49,9204539480246.53,4590595230691.96
2010-11-17,13789278919702.62,9205210340121.50,4584068579581.12
2010-11-18,13788455142118.05,9202939173580.15,4585515968537.90
2010-11-19,13789699194529.33,9205331929626.46,4584367264902.87
2010-11-22,13794645743594.58,9205399986156.01,4589245757438.57
2010-11-23,13797004450927.68,9205377401824.96,4591627049102.72
2010-11-24,13788289275079.99,9205659465052.82,4582629810027.17
2010-11-26,13794243004364.88,9209402845753.97,4584840158610.91
2010-11-29,13790302153225.82,9209537226897.78,4580764926328.04
2010-11-30,13860773759018.43,9275024690843.88,4585749068174.55
2010-12-01,13834918581977.03,9269344310610.90,4565574271366.13
2010-12-02,13840966239053.15,9270171314129.54,4570794924923.61
2010-12-03,13833511738992.20,9270119745304.06,4563391993688.14
2010-12-06,13834824737060.60,9270196784106.59,4564627952954.01
2010-12-07,13838490314497.64,9270374861308.27,4568115453189.37
2010-12-08,13847884133109.61,9288916003126.37,4558968129983.24
2010-12-09,13846494847569.86,9289342021415.41,4557152826154.45
2010-12-10,13846685751077.18,9289427992748.62,4557257758328.56
2010-12-13,13848017156749.09,9289287583176.89,4558729573572.20
2010-12-14,13852589330911.83,9289558090308.30,4563031240603.53
2010-12-15,13879785054580.12,9324634043036.62,4555151011543.50
2010-12-16,13878837351150.62,9321691439320.33,4557145911830.29
2010-12-17,13883400070159.87,9323762654615.76,4559637415544.11
2010-12-20,13868461288845.81,9323679506642.29,4544781782203.52
2010-12-21,13867477082973.71,9323889939205.17,4543587143768.54
2010-12-22,13858529371601.09,9324459559239.73,4534069812361.36
2010-12-23,13865176563186.31,9326422269083.83,4538754294102.48
2010-12-24,13866145290604.69,9326420947617.17,4539724342987.52
2010-12-27,13874000269245.64,9326361803446.91,4547638465798.73
2010-12-28,13877230355933.00,9327486030729.88,4549744325203.12
2010-12-29,13870949681979.42,9327651808773.26,4543297873206.16
2010-12-30,13871130353817.40,9327743778364.03,4543386575453.37
2010-12-31,14025215218708.52,9390476088043.35,4634739130665.17
2011-01-03,13997932781828.89,9385079979612.71,4612852802216.18
2011-01-04,14014049043294.41,9384994677498.73,4629054365795.68
2011-01-05,14011526727895.85,9384965101319.63,4626561626576.22
2011-01-06,14011793170981.72,9383215327180.01,4628577843801.71
2011-01-07,14009422364546.03,9383237402043.07,4626184962502.96
2011-01-10,14014345009018.63,9382983184150.78,4631361824867.85
2011-01-11,14019559567587.86,9383473336671.16,4636086230916.70
2011-01-12,14010389488111.56,9383200281716.37,4627189206395.19
2011-01-13,14007216975377.59,9377204236563.68,4630012738813.91
2011-01-14,14007943536871.15,9377350492041.16,4630593044829.99
2011-01-18,14052380830542.80,9415963819710.17,4636417010832.63
2011-01-19,14053512150448.45,9415973770693.35,4637538379755.10
2011-01-20,14056313474932.58,9415286484402.29,4641026990530.29
2011-01-21,14060136959466.51,9415228617099.55,4644908342366.96
2011-01-24,14062239904820.69,9415046930068.41,4647192974752.28
2011-01-25,14067472135118.65,9415106119260.54,4652366015858.11
2011-01-26,14060011229556.38,9414993965006.02,4645017264550.36
2011-01-27,14059409159678.42,9410276848548.23,4649132311130.19
2011-01-28,14056512363629.35,9412882434158.15,4643629929471.20
2011-01-31,14131051056010.84,9485416860164.29,4645634195846.55
2011-02-01,14109842878903.50,9482575172379.45,4627267706524.08
2011-02-02,14116512433408.69,9482735273832.17,4633777159576.52
2011-02-03,14100427020880.94,9470979051382.32,4629447969498.62
2011-02-04,14099823671305.06,9471076036751.63,4628747634553.43
2011-02-07,14104021737251.53,9471051926030.05,4632969811221.48
2011-02-08,14110420810062.28,9471150634328.07,4639270175734.21
2011-02-09,14098789113781.32,9471221510094.19,4627567603687.13
2011-02-10,14083345766082.15,9455138178100.21,4628207587981.94
2011-02-11,14082712722334.93,9455006722927.41,4627705999407.52
2011-02-14,14081561324681.83,9453956356386.45,4627604968295.38
2011-02-15,14138085120211.66,9502102547695.89,4635982572515.77
2011-02-16,14129889690377.50,9502216756164.15,4627672934213.35
2011-02-17,14123589307190.53,9490705812100.38,4632883495090.15
2011-02-18,14124831879791.32,9490899277201.22,4633932602590.10
2011-02-22,14128556647662.68,9491474775494.95,4637081872167.73
2011-02-23,14125462676307.51,9492079418519.44,4633383257788.07
2011-02-24,14119807822019.49,9485547122223.65,4634260699795.84
2011-02-25,14137541098872.71,9511339835005.19,4626201263867.52
2011-02-28,14194764339462.64,9565541417510.14,4629222921952.50
2011-03-01,14172957589856.62,9562563775550.10,4610393814306.52
2011-03-02,14178525108267.60,9562608771779.38,4615916336488.22
2011-03-03,14182086199057.01,9571009627588.32,4611076571468.69
2011-03-04,14182627184881.03,9571126198972.77,4611500985908.26
2011-03-07,14186168803680.47,9571237801717.37,4614931001963.10
2011-03-08,14193176753471.62,9571514785739.56,4621661967732.06
2011-03-09,14182663848364.00,9572070258391.50,4610593589972.50
2011-03-10,14163433071135.27,9551255398880.23,4612177672255.04
2011-03-11,14164360361278.85,9552087457389.01,4612272903889.84
2011-03-14,14166030787779.80,9552467551218.67,4613563236561.13
2011-03-15,14237952276898.69,9618473765645.37,4619478511253.32
2011-03-16,14232849993955.10,9619622421602.38,4613227572352.72
2011-03-17,14223730274180.80,9604705993165.07,4619024281015.73
2011-03-18,14224862420919.33,9605322229226.30,4619540191693.03
2011-03-21,14228193126138.72,9605221355491.66,4622971770647.06
2011-03-22,14233559283692.40,9605587421665.94,4627971862026.46
2011-03-23,14224998096211.71,9605524165923.99,4619473930287.72
2011-03-24,14210071848853.10,9589761022374.59,4620310826478.51
2011-03-25,14211533551640.97,9589726447637.34,4621807104003.63
2011-03-28,14211567662931.23,9589953849874.55,4621613813056.68
2011-03-29,14215744197688.26,9590134857289.87,4625609340398.39
2011-03-30,14210139988236.73,9590804946759.17,4619335041477.56
2011-03-31,14270114530800.38,9651643154138.73,4618471376661.65
2011-04-01,14251174516308.48,9649667078138.63,4601507438169.85
2011-04-04,14243931564216.57,9650003952066.04,4593927612150.53
2011-04-05,14262144462897.94,9649972136434.37,4612172326463.57
2011-04-06,14259761986879.66,9649960380158.64,4609801606721.02
2011-04-07,14264245526311.58,9652195544012.12,4612049982299.46
2011-04-08,14265383134019.53,9652196858759.48,4613186275260.05
2011-04-11,14267760539191.89,9652587224970.63,4615173314221.26
2011-04-12,14272993603617.44,9652592140320.38,4620401463297.06
2011-04-13,14264147359046.28,9652808590790.24,4611338768256.04
2011-04-14,14270792119184.89,9657636099303.31,4613156019881.58
2011-04-15,14305336580992.11,9679202714701.01,4626133866291.10
2011-04-18,14309159097877.65,9679522848142.48,4629636249735.17
2011-04-19,14320468555091.68,9680021693766.99,4640446861324.69
2011-04-20,14314796837035.76,9680052848645.78,4634743988389.98
2011-04-21,14290788661250.50,9650447904606.47,4640340756644.03
2011-04-22,14293242770354.82,9650617368582.25,4642625401772.57
2011-04-25,14298930020698.53,9650914438107.38,4648015582591.15
2011-04-26,14304410507726.10,9651121964676.35,4653288543049.75
2011-04-27,14295127825809.10,9648789481220.81,4646338344588.29
2011-04-28,14282598097540.75,9641079277378.41,4641518820162.34
2011-04-29,14287630052323.12,9654950165830.41,4632679886492.71
2011-05-02,14320649656092.60,9698020425418.20,4622629230674.40
2011-05-03,14331792440897.76,9698303861133.10,4633488579764.66
2011-05-04,14333813490636.04,9698384234058.33,4635429256577.71
2011-05-05,14321667187751.55,9680662997068.88,4641004190682.67
2011-05-06,14322686905560.01,9680750181123.70,4641936724436.31
2011-05-09,14325784545788.31,9681179453898.66,4644605091889.65
2011-05-10,14331522797881.61,9681417347166.90,4650105450714.71
2011-05-11,14322057756517.13,9681617664759.55,4640440091757.58
2011-05-12,14307799341563.81,9666109562809.12,4641689778754.69
2011-05-13,14308385181650.10,9666271678566.97,4642113503083.13
2011-05-16,14345537505802.45,9717694227528.65,4627843278273.80
2011-05-17,14345524862360.08,9708669803594.86,4636855058765.22
2011-05-18,14345512216989.03,9718512519012.13,4626999697976.90
2011-05-19,14345510847235.26,9716152725750.72,4629358121484.54
2011-05-20,14345498402738.78,9717285305168.49,4628213097570.29
2011-05-23,14345461067006.07,9716224504953.51,4629236562052.56
2011-05-24,14345448620741.80,9712166006111.72,4633282614630.08
2011-05-25,14345436174196.44,9722806787651.37,4622629386545.07
2011-05-26,14345440513979.37,9717578735257.76,4627861778721.61
2011-05-27,14345428204844.19,9717863843755.13,4627564361089.06
2011-05-31,14344668281211.01,9723456023743.74,4621212257467.27
2011-06-01,14344655966314.35,9736528968465.76,4608126997848.59
2011-06-02,14344706437041.50,9735616790661.91,4609089646379.59
2011-06-03,14344694392217.24,9741263236751.71,4603431155465.53
2011-06-06,14344658255226.84,9738557389966.16,4606100865260.68
2011-06-07,14344646208741.83,9734031249304.81,4610614959437.02
2011-06-08,14344634161864.99,9743261382320.32,4601372779544.67
2011-06-09,14344638149810.46,9750040419177.27,4594597730633.19
2011-06-10,14344626232128.96,9750131124994.24,4594495107134.72
2011-06-13,14344590476192.34,9747653568358.75,4596936907833.59
2011-06-14,14344578556731.95,9741977263044.44,4602601293687.51
2011-06-15,14344566636826.26,9747701949829.86,4596864686996.40
2011-06-16,14344571286149.87,9742786662565.22,4601784623584.65
2011-06-17,14344559511924.92,9739505895791.96,4605053616132.96
2011-06-20,14344524186068.19,9738107728289.57,4606416457778.62
2011-06-21,14344512410044.14,9732784354381.01,4611728055663.13
2011-06-22,14344500633576.27,9741622782226.81,4602877851349.46
2011-06-23,14344503407708.93,9738039057343.52,4606464350365.41
2011-06-24,14344491791132.71,9739123756153.88,4605368034978.83
2011-06-27,14344456938174.19,9736653232836.52,4607803705337.67
2011-06-28,14344445319806.39,9731228079037.89,4613217240768.50
2011-06-29,14344433700892.41,9738245826816.95,4606187874075.46
2011-06-30,14343087640008.40,9742223364846.58,4600864275161.82
2011-07-01,14343079266117.12,9761785482183.79,4581293783933.33
2011-07-05,14343033186678.55,9754032683356.88,4589000503321.67
2011-07-06,14343021848987.23,9748841925620.21,4594179923367.02
2011-07-07,14343021925343.11,9749919434766.85,4593102490576.26
2011-07-08,14343010710537.58,9749084964821.45,4593925745716.13
2011-07-11,14342977065892.73,9744962661098.09,4598014404794.64
2011-07-12,14342965850128.20,9741328212172.62,4601637637955.58
2011-07-13,14342954633916.41,9752020265772.31,4590934368144.10
2011-07-14,14342953885641.98,9750503934099.81,4592449951542.17
2011-07-15,14342942873692.85,9753604438381.32,4589338435311.53
2011-07-18,14342909569328.74,9753843228975.15,4589066340353.59
2011-07-19,14342898467069.07,9753904328297.12,4588994138771.95
2011-07-20,14342887364361.82,9753657737209.51,4589229627152.31
2011-07-21,14342884944996.28,9747385038148.48,4595499906847.80
2011-07-22,14342873980042.91,9748189073389.64,4594684906653.27
2011-07-25,14342841083049.67,9747197103331.70,4595643979717.97
2011-07-26,14342830116551.28,9747272360004.06,4595557756547.22
2011-07-27,14342819149604.76,9747742929867.95,4595076219736.81
2011-07-28,14342865885306.46,9753190109078.68,4589675776227.78
2011-07-29,14342369286195.61,9755795681448.82,4586573604746.79
2011-08-01,14342358440969.10,9783069049952.69,4559289391016.41
2011-08-02,14580704743080.97,9907752744860.54,4672951998220.43
2011-08-03,14574607940062.25,9907654619535.26,4666953320526.99
2011-08-04,14564970167709.38,9894847066139.37,4670123101570.01
2011-08-05,14584500839325.86,9914994383088.84,4669506456237.02
2011-08-08,14587727605443.44,9915515946703.07,4672211658740.37
2011-08-09,14591991499526.02,9915945812737.81,4676045686788.21
2011-08-10,14581957381309.78,9916296448358.23,4665660932951.55
2011-08-11,14587911305995.95,9921146601533.97,4666764704461.98
2011-08-12,14587192870422.65,9921178729715.63,4666014140707.02
2011-08-15,14615567348203.71,9946617880447.03,4668949467756.68
2011-08-16,14592242215641.90,9946506731022.45,4645735484619.45
2011-08-17,14613193161764.37,9946351371658.73,4666841790105.64
2011-08-18,14620196583424.20,9952610019891.79,4667586563532.41
2011-08-19,14639239567874.38,9972502845412.93,4666736722461.45
2011-08-22,14612435498338.62,9972289792411.94,4640145705926.68
2011-08-23,14649289670347.85,9973104150361.44,4676185519986.41
2011-08-24,14639107253101.11,9973599668211.01,4665507584890.10
2011-08-25,14653547886356.11,9989043750341.79,4664504136014.32
2011-08-26,14653828192917.35,9990047413541.98,4663780779375.37
2011-08-29,14624792689793.86,9989974192571.08,4634818497222.78
2011-08-30,14622644937576.90,9990126772846.86,4632518164730.04
2011-08-31,14684292994743.93,10024253354407.07,4660039640336.86
2011-09-01,14697414789563.40,10058384678037.32,4639030111526.08
2011-09-02,14694862366160.97,10058566898840.47,4636295467320.50
2011-09-06,14698625550307.37,10058276781058.26,4640348769249.11
2011-09-07,14717757015045.83,10073860042745.87,4643896972299.96
2011-09-08,14685550385913.19,10067649034359.51,4617901351553.68
2011-09-09,14711737198477.91,10067728635010.67,4644008563467.24
2011-09-12,14688259374281.24,10067694973854.24,4620564400427.00
2011-09-13,14717868058346.24,10067653336814.75,4650214721531.49
2011-09-14,14683910471705.99,10067922521846.91,4615987949859.08
2011-09-15,14696963569782.73,10079888378192.48,4617075191590.25
2011-09-16,14699021631213.05,10080080631490.93,4618940999722.12
2011-09-19,14729488947751.89,10080320100313.98,4649168847437.91
2011-09-20,14711870126618.47,10080809758642.61,4631060367975.86
2011-09-21,14705188086992.02,10080805928039.98,4624382158952.04
2011-09-22,14726790407953.74,10074726277456.52,4652064130497.22
2011-09-23,14700040072613.72,10074503215028.69,4625536857585.03
2011-09-26,14704006072461.85,10074320979566.43,4629685092895.42
2011-09-27,14707406820591.87,10074870647552.41,4632536173039.46
2011-09-28,14701883169793.25,10075624342810.54,4626258826982.71
2011-09-29,14695102108238.02,10074983373804.28,4620118734433.74
2011-09-30,14790340328557.15,10127031384654.10,4663308943903.05
2011-10-03,14837099271196.71,10124029835382.19,4713069435814.52
2011-10-04,14856859498405.73,10124774418608.86,4732085079796.87
2011-10-05,14858050692069.51,10126264037263.68,4731786654805.83
2011-10-06,14836776365856.51,10126447025572.80,4710329340283.71
2011-10-07,14860324039615.03,10126551131197.29,4733772908417.74
2011-10-11,14863312407851.35,10127786307131.48,4735526100719.87
2011-10-12,14868218296426.05,10138026553418.93,4730191743007.12
2011-10-13,14873884337768.96,10141999977124.13,4731884360644.83
2011-10-14,14874045668291.35,10142237591394.70,4731808076896.65
2011-10-17,14936592327091.37,10198403129042.50,4738189198048.87
2011-10-18,14942750688961.01,10198932063606.39,4743818625354.62
2011-10-19,14931296186933.22,10195956444545.88,4735339742387.34
2011-10-20,14940365910718.16,10201887849313.96,4738478061404.20
2011-10-21,14939232547985.08,10201754496207.72,4737478051777.36
2011-10-24,14940671706465.75,10202215760459.39,4738455946006.36
2011-10-25,14943613298774.71,10202338144617.98,4741275154156.73
2011-10-26,14937008744814.46,10203338428742.45,4733670316072.01
2011-10-27,14939575648588.50,10205557724099.29,4734017924489.21
2011-10-28,14937858721060.08,10205922905154.57,4731935815905.51
2011-10-31,14993709044140.78,10256015431383.46,4737693612757.32
2011-11-01,14971831021178.32,10253008613589.39,4718822407588.93
2011-11-02,14977962674363.87,10253508372381.84,4724454301982.03
2011-11-03,14973228608405.04,10260659189975.94,4712569418429.10
2011-11-04,14972665280820.90,10260247910781.55,4712417370039.35
2011-11-07,14976508611373.88,10260689267841.96,4715819343531.92
2011-11-08,14982443553379.44,10261087417873.75,4721356135505.69
2011-11-09,14973303402570.97,10262257416334.62,4711045986236.35
2011-11-10,14979610349742.69,10267801873620.81,4711808476121.88
2011-11-14,14977884880834.39,10265476725043.13,4712408155791.26
2011-11-15,15033607255920.32,10314468105168.02,4719139150752.30
2011-11-16,15026993847879.10,10314851681498.63,4712142166380.47
2011-11-17,15039350324589.25,10325335447717.63,4714014876871.62
2011-11-18,15040208108195.33,10324967673736.31,4715240434459.02
2011-11-21,15042288403018.43,10325469036788.16,4716819366230.27
2011-11-22,15047991504929.37,10326530350389.45,4721461154539.92
2011-11-23,15035881015969.21,10327032829692.98,4708848186276.23
2011-11-25,15048875933765.92,10334937010056.13,4713938923709.79
2011-11-28,15051673595197.90,10334597846100.25,4717075749097.65
2011-11-29,15054163621371.29,10335777593095.81,4718386028275.48
2011-11-30,15110498560876.77,10389957793202.05,4720540767674.72
2011-12-01,15088441787407.62,10388035936824.71,4700405850582.91
2011-12-02,15073380701589.57,10387865370953.75,4685515330635.82
2011-12-05,15068133903969.13,10388034907379.04,4680098996590.09
2011-12-06,15071624794970.66,10388145024427.09,4683479770543.57
2011-12-07,15046397725405.16,10388925542612.91,4657472182792.25
2011-12-08,15051160989938.23,10392391725777.77,4658769264160.46
2011-12-09,15052444423722.81,10392439099182.37,4660005324540.44
2011-12-12,15054018277569.01,10392040126793.82,4661978150775.19
2011-12-13,15060274082298.88,10393083805735.33,4667190276563.55
2011-12-14,15051286197149.79,10393197416021.87,4658088781127.92
2011-12-15,15098098486788.82,10438188563266.29,4659909923522.53
2011-12-16,15099497460357.58,10438212605541.41,4661284854816.17
2011-12-19,15104054667691.48,10438496162212.83,4665558505478.65
2011-12-20,15131979264288.80,10438749210895.60,4693230053393.20
2011-12-21,15123841039390.36,10438970821141.75,4684870218248.61
2011-12-22,15123728427980.16,10438018324483.49,4685710103496.67
2011-12-23,15128573259990.56,10438083548502.91,4690489711487.65
2011-12-27,15130583332494.90,10437577254548.46,4693006077946.44
2011-12-28,15125205774064.08,10438072316399.90,4687133457664.18
2011-12-29,15125898976397.19,10435856848934.87,4690042127462.32
2011-12-30,15222940045451.09,10447662851807.15,4775277193643.94
2012-01-03,15226217488652.33,10481500229395.09,4744717259257.24
2012-01-04,15236542247490.89,10481673696216.94,4754868551273.95
2012-01-05,15236541899973.10,10480172546585.01,4756369353388.09
2012-01-06,15236532960597.70,10479995098494.85,4756537862102.85
2012-01-09,15236506139986.86,10479710007297.10,4756796132689.76
2012-01-10,15236497198899.72,10479782125048.10,4756715073851.62
2012-01-11,15236307075631.58,10479760763533.87,4756546312097.71
2012-01-12,15236332233848.35,10479482014785.77,4756850219062.58
2012-01-13,15236323396400.44,10479256097326.87,4757067299073.57
2012-01-17,15236288061558.65,10489003852225.76,4747284209332.89
2012-01-18,15236279221858.36,10486879731480.65,4749399490377.71
2012-01-19,15236280735687.76,10484316260480.30,4751964475207.46
2012-01-20,15236271879792.78,10482317023993.23,4753954855799.55
2012-01-23,15236245309869.69,10480362319987.54,4755882989882.15
2012-01-24,15236236452380.49,10474499550118.73,4761736902261.76
2012-01-25,15236227594419.33,10483288572827.13,4752939021592.20
2012-01-26,15236231788440.22,10479009838168.37,4757221950271.85
2012-01-27,15236222907480.69,10478934933314.29,4757287974166.40
2012-01-30,15295052578718.01,10515737118509.60,4779315460208.41
2012-01-31,15356140493616.06,10572374387699.06,4783766105917.00
2012-02-01,15330778119850.60,10567695900899.93,4763082218950.67
2012-02-02,15351406294640.49,10577905838990.46,4773500455650.03
2012-02-03,15335108283338.57,10577697734689.60,4757410548648.97
2012-02-06,15337881657918.14,10577280116477.23,4760601541440.91
2012-02-07,15343504866785.66,10577647703529.61,4765857163256.05
2012-02-08,15335666215381.09,10577836905016.25,4757829310364.84
2012-02-09,15355838921022.16,10596905857448.28,4758933063573.88
2012-02-10,15354108706908.54,10596675638209.03,4757433068699.51
2012-02-13,15355198335393.66,10596768009341.49,4758430326052.17
2012-02-14,15359384163919.51,10596773910422.08,4762610253497.43
2012-02-15,15391735627010.18,10636670644323.12,4755064982687.06
2012-02-16,15413030984842.14,10655376243337.89,4757654741504.25
2012-02-17,15416593980013.04,10655355371776.74,4761238608236.30
2012-02-21,15419800222325.15,10656186702155.54,4763613520169.61
2012-02-22,15416323644046.76,10656161387513.97,4760162256532.79
2012-02-23,15435694556033.29,10675481199498.82,4760213356534.47
2012-02-24,15437987849460.91,10675327157594.47,4762660691866.44
2012-02-27,15438518062690.37,10674959196269.01,4763558866421.36
2012-02-28,15442120983663.88,10675494440597.72,4766626543066.16
2012-02-29,15488891296248.02,10722996298868.22,4765894997379.80
2012-03-01,15501014716143.72,10755610818537.19,4745403897606.53
2012-03-02,15489873651597.46,10756483483823.94,4733390167773.52
2012-03-05,15491983252196.46,10755894456550.23,4736088795646.23
2012-03-06,15499023629682.44,10756417042057.90,4742606587624.54
2012-03-07,15498306692627.99,10757197476823.17,4741109215804.82
2012-03-08,15517794642311.25,10773363801666.78,4744430840644.47
2012-03-09,15517051724148.90,10773406301523.09,4743645422625.81
2012-03-12,15519140875930.82,10773694877424.23,4745445998506.59
2012-03-13,15524177849489.64,10773922169212.38,4750255680277.26
2012-03-14,15516449945583.73,10774728192008.90,4741721753574.83
2012-03-15,15564809891767.99,10820114556380.32,4744695335387.67
2012-03-16,15566570829745.94,10820230118370.38,4746340711375.56
2012-03-19,15574238368104.89,10820995644405.11,4753242723699.78
2012-03-20,15583383846149.34,10821663264464.04,4761720581685.30
2012-03-21,15574428564198.34,10822368538138.99,4752060026059.35
2012-03-22,15584905894127.28,10831253572880.59,4753652321246.69
2012-03-23,15585576040333.70,10831324748289.16,4754251292044.54
2012-03-26,15586074570040.79,10831320189378.90,4754754380661.89
2012-03-27,15589407415161.70,10831917653124.47,4757489762037.23
2012-03-28,15580211803539.46,10832837712665.43,4747374090874.03
2012-03-29,15579852946457.64,10833979740152.00,4745873206305.64
2012-03-30,15582078681188.69,10846824546943.15,4735254134245.54
2012-04-02,15620325998403.96,10883217233063.87,4737108765340.09
2012-04-03,15616846574939.20,10885892840514.66,4730953734424.54
2012-04-04,15617722544078.95,10886893993272.96,4730828550805.99
2012-04-05,15619740170408.34,10884566084027.55,4735174086380.79
2012-04-06,15618640279582.93,10884645947631.29,4733994331951.64
2012-04-09,15621445734132.83,10884773109942.45,4736672624190.38
2012-04-10,15626832596694.96,10885339078286.01,4741493518408.95
2012-04-11,15618088043505.63,10886106101181.97,4731981942323.66
2012-04-12,15614994767843.32,10880527647709.21,4734467120134.11
2012-04-13,15615726037322.66,10880890738953.68,4734835298368.98
2012-04-16,15654638525397.64,10903326597003.36,4751311928394.28
2012-04-17,15661574232598.82,10903987805036.21,4757586427562.61
2012-04-18,15660736663887.96,10905376996162.03,4755359667725.93
2012-04-19,15615590975022.37,10857988065192.96,4757602909829.41
2012-04-20,15617358530369.93,10858146916544.62,4759211613825.31
2012-04-23,15620174049560.23,10858204873838.22,4761969175722.01
2012-04-24,15628266498708.04,10859176801419.86,4769089697288.18
2012-04-25,15623285528454.41,10860722926433.74,4762562602020.67
2012-04-26,15624347610476.87,10859267672675.69,4765079937801.18
2012-04-27,15623697207417.39,10859635596261.41,4764061611155.98
2012-04-30,15692368067305.23,10916070898102.68,4776297169202.55
2012-05-01,15673229738379.98,10910025382723.66,4763204355656.32
2012-05-02,15680495896140.50,10910384630060.60,4770111266079.90
2012-05-03,15671202480642.98,10913530062318.18,4757672418324.80
2012-05-04,15671916356611.36,10913690789940.87,4758225566670.49
2012-05-07,15675791363404.17,10913955899019.99,4761835464384.18
2012-05-08,15685726985716.47,10915510337547.06,4770216648169.41
2012-05-09,15674047733490.96,10916058482863.82,4757989250627.14
2012-05-10,15674689177258.55,10915030363661.65,4759658813596.90
2012-05-11,15674182767474.36,10915075816618.97,4759106950855.39
2012-05-14,15676996273860.82,10915800604714.12,4761195669146.70
2012-05-15,15716115612805.06,10949749784031.74,4766365828773.32
2012-05-16,15708753671767.64,10950509043850.59,4758244627917.05
2012-05-17,15712823135725.84,10948486191634.15,4764336944091.69
2012-05-18,15712206657211.05,10948855483645.59,4763351173565.46
2012-05-21,15715461162489.22,10949502921153.04,4765958241336.18
2012-05-22,15721218607447.09,10950290226363.39,4770928381083.70
2012-05-23,15714297615655.65,10951299857320.39,4762997758335.26
2012-05-24,15712446368243.65,10950490306884.60,4761956061359.05
2012-05-25,15711600946205.97,10951528241764.27,4760072704441.70
2012-05-29,15713655602953.23,10952470917520.59,4761184685432.64
2012-05-30,15716625300450.69,10954585521570.61,4762039778880.08
2012-05-31,15770685085364.14,11006251094374.26,4764433990989.88
2012-06-01,15724907364995.04,10999593160297.45,4725314204697.59
2012-06-04,15728112402859.92,10999932869500.08,4728179533359.84
2012-06-05,15733409283200.18,11000515237603.81,4732894045596.37
2012-06-06,15734596578458.59,11001065979467.23,4733530598991.36
2012-06-07,15733369432140.84,10999256703473.73,4734112728667.11
2012-06-08,15735363673245.83,10999228502957.56,4736135170288.27
2012-06-11,15737910187514.88,10999435913618.62,4738474273896.26
2012-06-12,15744360700064.85,11000145858591.52,4744214841473.33
2012-06-13,15735182423771.72,11000730870069.91,4734451553701.81
2012-06-14,15736971094472.17,10999463838302.97,4737507256169.20
2012-06-15,15772177351447.14,11031842483539.49,4740334867907.65
2012-06-18,15776139241010.39,11032176950396.67,4743962290613.72
2012-06-19,15784676619110.62,11032615107666.43,4752061511444.19
2012-06-20,15777954587181.97,11033476255793.33,4744478331388.64
2012-06-21,15779643362484.67,11032512442636.94,4747130919847.73
2012-06-22,15778438599568.28,11033193124032.96,4745245475535.32
2012-06-25,15782570144097.96,11033363467103.20,4749206676994.76
2012-06-26,15789104033603.79,11034027517141.29,4755076516462.50
2012-06-27,15778950543472.67,11034318733444.32,4744631810028.35
2012-06-28,15780999920520.17,11036289442346.17,4744710478174.00
2012-06-29,15856367214324.44,11044184844611.66,4812182369712.78
2012-07-02,15888741858820.66,11076020074625.50,4812721784195.16
2012-07-03,15880986464325.29,11076313978755.12,4804672485570.17
2012-07-05,15876652312551.29,11072381954476.84,4804270358074.45
2012-07-06,15879528608975.11,11072437860842.33,4807090748132.78
2012-07-09,15879266313073.20,11071876450979.42,4807389862093.78
2012-07-10,15885854755351.47,11072592982308.65,4813261773042.82
2012-07-11,15876457645132.66,11073524054554.97,4802933590577.69
2012-07-12,15871512181712.20,11066746703446.63,4804765478265.57
2012-07-13,15871166712270.85,11066640739934.59,4804525972336.26
2012-07-16,15875734673516.05,11066237719888.34,4809496953627.71
2012-07-17,15884155929632.05,11066615562739.42,4817540366892.63
2012-07-18,15874046715877.56,11066988899700.68,4807057816176.88
2012-07-19,15874365457260.40,11065796026724.75,4808569430535.65
2012-07-20,15874876409526.41,11065736754477.21,4809139655049.20
2012-07-23,15877234078986.00,11065934893561.99,4811299185424.01
2012-07-24,15882491122065.69,11065979692064.08,4816511430001.61
2012-07-25,15874859322768.40,11067062751057.77,4807796571710.63
2012-07-26,15879556244052.97,11065908268504.33,4813647975548.64
2012-07-27,15878374495398.42,11065716086357.70,4812658409040.72
2012-07-30,15873767378850.16,11063292493497.68,4810474885352.48
2012-07-31,15933234637493.55,11122281549948.22,4810953087545.33
2012-08-01,15907138660280.97,11115442428314.14,4791696231966.83
2012-08-02,15920591039091.86,11121967405758.76,4798623633333.10
2012-08-03,15904628648096.12,11121816561855.34,4782812086240.78
2012-08-06,15908699525928.46,11121617834221.06,4787081691707.40
2012-08-07,15912062243224.76,11120600690794.37,4791461552430.39
2012-08-08,15903941392436.30,11122338169886.65,4781603222549.65
2012-08-09,15915814457919.46,11132675901932.02,4783138555987.44
2012-08-10,15914973399362.53,11132489250370.28,4782484148992.25
2012-08-13,15915547390139.92,11131954707899.86,4783592682240.06
2012-08-14,15919488010442.77,11132186945483.10,4787301064959.67
2012-08-15,15944869685894.92,11165408618916.94,4779461066977.98
2012-08-16,15957959655187.23,11175825918961.79,4782133736225.44
2012-08-17,15962054850397.97,11175374895979.98,4786679954417.99
2012-08-20,15964767302206.64,11176502309547.02,4788264992659.62
2012-08-21,15970134937605.00,11176851754468.88,4793283183136.12
2012-08-22,15960468522111.20,11177326036578.95,4783142485532.25
2012-08-23,15976519029144.14,11197966497649.15,4778552531494.99
2012-08-24,15974809707529.13,11198007315885.95,4776802391643.18
2012-08-27,15975222200557.28,11197621562031.93,4777600638525.35
2012-08-28,15978918589911.74,11198791218734.06,4780127371177.68
2012-08-29,15978184771159.29,11199295723839.46,4778889047319.83
2012-08-30,15990541092391.91,11213991682162.57,4776549410229.34
2012-08-31,16015769788215.80,11272625663662.57,4743144124553.23
2012-09-04,16008060301079.15,11269761164215.90,4738299136863.25
2012-09-05,16020684444134.58,11270527020333.43,4750157423801.15
2012-09-06,16045515411416.83,11295623345228.69,4749892066188.14
2012-09-07,16046680286836.39,11295522809686.65,4751157477149.74
2012-09-10,16048018310212.93,11295528899812.12,4752489410400.81
2012-09-11,16054953743219.13,11295621304307.62,4759332438911.51
2012-09-12,16046337277273.30,11296492509576.66,4749844767696.64
2012-09-13,16045678692730.63,11295909110775.46,4749769581955.17
2012-09-14,16045783217833.70,11295869555933.72,4749913661899.98
2012-09-17,16008938323880.98,11253166682472.78,4755771641408.20
2012-09-18,16020975194914.83,11253532918838.73,4767442276076.10
2012-09-19,16012971761294.54,11253971990768.93,4758999770525.61
2012-09-20,16014424023771.68,11253544111262.38,4760879912509.30
2012-09-21,16016101949370.06,11253321189602.66,4762780759767.40
2012-09-24,16017841062517.08,11253065682266.34,4764775380250.74
2012-09-25,16022742650424.36,11253309970641.34,4769432679783.02
2012-09-26,16015837297632.37,11253922532438.69,4761914765193.68
2012-09-27,16015131024562.54,11255558023360.29,4759573001202.25
2012-09-28,16066241407385.89,11269585800039.32,4796655607346.57
2012-10-01,16159487013300.35,11310911679511.83,4848575333788.52
2012-10-02,16171037343408.57,11311627814953.92,4859409528454.65
2012-10-03,16153318273015.07,11311359644683.39,4841958628331.68
2012-10-04,16161879857156.66,11314031454864.60,4847848402292.06
2012-10-05,16161866671342.08,11314089595433.67,4847777075908.41
2012-10-09,16167932295919.57,11314761053281.87,4853171242637.70
2012-10-10,16157753419211.18,11315585789064.00,4842167630147.18
2012-10-11,16158270866947.20,11317140908153.51,4841129958793.69
2012-10-12,16157542962383.12,11317167763621.39,4840375198761.73
2012-10-15,16190979268766.67,11343774321918.19,4847204946848.48
2012-10-16,16199574839671.31,11344378050606.93,4855196789064.38
2012-10-17,16193100189055.25,11344691191818.23,4848408997237.02
2012-10-18,16198174452215.24,11347330577919.58,4850843874295.66
2012-10-19,16196052388163.26,11347370869386.17,4848681518777.09
2012-10-22,16198677971774.43,11347954615678.31,4850723356096.12
2012-10-23,16203845445635.71,11348945054421.76,4854900391213.95
2012-10-24,16194791826674.89,11349517894900.98,4845273931773.91
2012-10-25,16197082554040.04,11353545059641.68,4843537494398.36
2012-10-26,16197815714310.70,11353950855146.35,4843864859164.35
2012-10-29,16198993554072.35,11354115044449.90,4844878509622.45
2012-10-30,16204061671104.83,11355484849726.02,4848576821378.81
2012-10-31,16261470510720.74,11411598060978.54,4849872449742.20
2012-11-01,16221685381838.28,11394220774305.94,4827464607532.34
2012-11-02,16206129028709.29,11394117713059.56,4812011315649.73
2012-11-05,16209959246534.15,11394522603668.89,4815436642865.26
2012-11-06,16214358823745.30,11394722312399.49,4819636511345.81
2012-11-07,16213982129207.31,11394949129703.35,4819032999503.96
2012-11-08,16245318820569.34,11421836402771.01,4823482417798.33
2012-11-09,16244708707467.25,11421887080543.66,4822821626923.59
2012-11-13,16248293041003.50,11422499324967.05,4825793716036.45
2012-11-14,16244384093831.92,11423370010678.38,4821014083153.54
2012-11-15,16278932378520.93,11451166778937.43,4827765599583.50
2012-11-16,16281329916599.63,11451587527712.47,4829742388887.16
2012-11-19,16286110428799.08,11451717055433.81,4834393373365.27
2012-11-20,16292689481349.84,11452926620014.80,4839762861335.04
2012-11-21,16283161895179.85,11453560734889.31,4829601160290.54
2012-11-23,16307488943564.23,11474590079642.49,4832898863921.74
2012-11-26,16309738056362.44,11474648831627.28,4835089224735.16
2012-11-27,16317681766441.44,11476501231339.55,4841180535101.89
2012-11-28,16306713138468.87,11476984527323.06,4829728611145.81
2012-11-29,16323083449604.98,11493262670990.22,4829820778614.76
2012-11-30,16369548799604.93,11553200614797.95,4816348184806.98
2012-12-03,16338092943716.61,11546976256305.11,4791116687411.50
2012-12-04,16347055651380.32,11548068122481.49,4798987528898.83
2012-12-05,16337928777944.15,11548172135905.81,4789756642038.34
2012-12-06,16366436891948.03,11574843047483.17,4791593844464.86
2012-12-07,16365370575377.43,11574936359708.19,4790434215669.24
2012-12-10,16370056245929.64,11574850495101.24,4795205750828.40
2012-12-11,16375874429255.52,11576940588724.21,4798933840531.31
2012-12-12,16366422407639.99,11577233876580.17,4789188531059.82
2012-12-13,16369984159473.81,11579054310010.98,4790929849462.83
2012-12-14,16359576959576.49,11569505389531.39,4790071570045.10
2012-12-17,16351193522286.93,11559847855373.92,4791345666913.01
2012-12-18,16359758742907.76,11560260443165.41,4799498299742.35
2012-12-19,16352043784079.65,11562408370891.60,4789635413188.05
2012-12-20,16334217015073.49,11542501977534.63,4791715037538.86
2012-12-21,16336217360826.47,11543180708527.22,4793036652299.25
2012-12-24,16337556561533.65,11542901758423.84,4794654803109.81
2012-12-26,16337860200635.06,11543065624834.50,4794794575800.56
2012-12-27,16338243391747.08,11546343682876.98,4791899708870.10
2012-12-28,16336461552606.35,11546673477919.73,4789788074686.62
2012-12-31,16432730050569.12,11581517550395.07,4851212500174.05
2013-01-02,16432705914255.48,11577114260043.07,4855591654212.41
2013-01-03,16431219143696.53,11578257530277.50,4852961613419.03
2013-01-04,16432707263449.56,11577454260707.67,4855253002741.89
2013-01-07,16432671087771.63,11576942656816.74,4855728430954.89
2013-01-08,16432659028067.50,11577258793985.11,4855400234082.39
2013-01-09,16432646968419.66,11577058451453.14,4855588516966.52
2013-01-10,16432692129510.84,11577361703183.51,4855330426327.33
2013-01-11,16432680097613.85,11577420895333.87,4855259202279.98
2013-01-14,16432643996680.64,11576283283071.84,4856360713608.80
2013-01-15,16432632102288.69,11571499323932.43,4861132778356.26
2013-01-16,16432620067491.45,11580163620602.10,4852456446889.35
2013-01-17,16432631489854.70,11573578115566.81,4859053374287.89
2013-01-18,16432619424703.06,11573119153243.76,4859500271459.30
2013-01-22,16432571159411.57,11569641536510.27,4862929622901.30
2013-01-23,16432559091945.94,11571556605939.06,4861002486006.88
2013-01-24,16432567939377.32,11571751368198.13,4860816571179.19
2013-01-25,16432555923758.99,11568168297110.57,4864387626648.42
2013-01-28,16432519875802.97,11565560140260.75,4866959735542.22
2013-01-29,16432507858820.45,11559948067585.89,4872559791234.56
2013-01-30,16432495841444.68,11561546986123.18,4870948855321.50
2013-01-31,16433791850294.04,11560175568531.63,4873616281762.41
2013-02-01,16433779913880.34,11598372554293.94,4835407359586.40
2013-02-04,16475048398165.79,11626337288025.30,4848711110140.49
2013-02-05,16480910656603.96,11625727190868.48,4855183465735.48
2013-02-06,16479954658103.57,11625346979571.39,4854607678532.18
2013-02-07,16487564297892.03,11629141154310.54,4858423143581.49
2013-02-08,16488908847828.25,11629086187262.76,4859822660565.49
2013-02-11,16489930650594.15,11628591907992.80,4861338742601.35
2013-02-12,16494367339423.66,11628648227429.31,4865719111994.35
2013-02-13,16524304599079.04,11668602027147.93,4855702571931.11
2013-02-14,16540800290147.46,11684037184012.31,4856763106135.15
2013-02-15,16548926805129.36,11690221227952.85,4858705577176.51
2013-02-19,16552819142207.40,11690986523097.68,4861832619109.72
2013-02-20,16588751035306.37,11726900735373.96,4861850299932.41
2013-02-21,16608318357376.54,11745346816554.79,4862971540821.75
2013-02-22,16609040800845.56,11745714714472.60,4863326086372.96
2013-02-25,16610557777904.98,11745861277022.58,4864696500882.40
2013-02-26,16618701810927.77,11746654992852.21,4872046818075.56
2013-02-27,16607216503950.75,11747359892695.65,4859856611255.10
2013-02-28,16687289180215.37,11822436182671.08,4864852997544.29
2013-03-01,16640135316625.33,11820053588447.65,4820081728177.68
2013-03-04,16649703459968.00,11820506733842.34,4829196726125.66
2013-03-05,16663709478521.02,11821124476225.46,4842585002295.56
2013-03-06,16692238790019.20,11851125738615.09,4841113051404.11
2013-03-07,16701250641109.68,11855868140512.04,4845382500597.64
2013-03-08,16701846937879.74,11855687948374.48,4846158989505.26
2013-03-11,16703943129416.14,11855880363426.63,4848062765989.51
2013-03-12,16709976214794.44,11856073789288.19,4853902425506.25
2013-03-13,16700634854470.52,11856553916339.54,4844080938130.98
2013-03-14,16708225460175.14,11862580086458.01,4845645373717.13
2013-03-15,16731693041858.12,11886788690412.08,4844904351446.04
2013-03-18,16736188026047.86,11886986270725.16,4849201755322.70
2013-03-19,16749269587407.53,11888479325385.46,4860790262022.07
2013-03-20,16739939855865.39,11889311552493.68,4850628303371.71
2013-03-21,16750130322121.01,11895330386361.15,4854799935759.86
2013-03-22,16749924938094.43,11895445966375.44,4854478971718.99
2013-03-25,16753443064898.87,11895649154059.06,4857793910839.81
2013-03-26,16759063744572.46,11895989170692.28,4863074573880.18
2013-03-27,16749482454905.89,11897486042923.01,4851996411982.88
2013-03-28,16766988432792.62,11917129749753.30,4849858683039.32
2013-03-29,16771379006760.38,11916887638498.36,4854491368262.02
2013-04-01,16792120009606.80,11956521964259.37,4835598045347.43
2013-04-02,16804876955116.78,11958659888679.28,4846217066437.50
2013-04-03,16786970142478.83,11959086403460.80,4827883739018.03
2013-04-04,16798051589934.68,11963992444855.95,4834059145078.73
2013-04-05,16797828899086.80,11964101618672.85,4833727280413.95
2013-04-08,16802515751907.61,11964701103061.99,4837814648845.62
2013-04-09,16808274414207.16,11965728364175.71,4842546050031.45
2013-04-10,16798984234792.33,11966412740544.37,4832571494247.96
2013-04-11,16808067104144.06,11973457167619.66,4834609936524.40
2013-04-12,16808240386273.51,11972610122573.13,4835630263700.38
2013-04-15,16801307487216.56,11949925556918.45,4851381930298.11
2013-04-16,16812065609373.24,11950741882219.27,4861323727153.97
2013-04-17,16807270364907.39,11951382624833.00,4855887740074.39
2013-04-18,16779469574292.68,11916935124816.33,4862534449476.35
2013-04-19,16781967702405.37,11917014399413.45,4864953302991.92
2013-04-22,16787451118147.32,11917551034088.30,4869900084059.02
2013-04-23,16798952599955.59,11919663839494.38,4879288760461.21
2013-04-24,16794349827897.30,11920312314073.28,4874037513824.02
2013-04-25,16758107082298.63,11882018443343.86,4876088638954.77
2013-04-26,16756644393707.05,11882358300866.68,4874286092840.37
2013-04-29,16758168229380.21,11883187129042.84,4874981100337.37
2013-04-30,16828845497183.90,11943148398205.65,4885697098978.25
2013-05-01,16805036884755.01,11941250695378.20,4863786189376.81
2013-05-02,16794979173216.61,11916811238228.03,4878167934988.58
2013-05-03,16780900194134.10,11916626030277.37,4864274163856.73
2013-05-06,16788427184539.43,11916773963956.66,4871653220582.77
2013-05-07,16795552390198.40,11917157774325.76,4878394615872.64
2013-05-08,16784106881842.76,11918172096170.35,4865934785672.41
2013-05-09,16754734781812.88,11887048630805.07,4867686151007.81
2013-05-10,16753992575790.14,11887058199153.94,4866934376636.20
2013-05-13,16755788437042.45,11887081948561.92,4868706488480.53
2013-05-14,16760961851934.60,11887608207956.34,4873353643978.26
2013-05-15,16765040725133.72,11901125505217.10,4863915219916.62
2013-05-16,16734808644648.07,11867088850551.92,4867719794096.15
2013-05-17,16737328238148.13,11867831161091.10,4869497077057.03
2013-05-20,16737294304715.52,11868008008647.18,4869286296068.34
2013-05-21,16737282992090.73,11866707237456.99,4870575754633.74
2013-05-22,16734032974210.27,11869033052284.13,4864999921926.14
2013-05-23,16736576618573.30,11867458606329.51,4869118012243.79
2013-05-24,16735424271257.87,11868333732925.83,4867090538332.04
2013-05-28,16737219726401.22,11868395289961.27,4868824436439.95
2013-05-29,16737208536433.83,11869350553775.90,4867857982657.93
2013-05-30,16737246099998.86,11876135593353.16,4861110506645.70
2013-05-31,16738821943986.12,11897150711173.54,4841671232812.58
2013-06-03,16738788832145.30,11920376111297.58,4818412720847.72
2013-06-04,16738778336691.59,11910742481781.12,4828035854910.47
2013-06-05,16738767256596.67,11910676506667.37,4828090749929.30
2013-06-06,16738770826158.59,11906099594022.72,4832671232135.87
2013-06-07,16738759828986.42,11907184984027.69,4831574844958.73
2013-06-10,16738726834732.35,11902616558873.64,4836110275858.71
2013-06-11,16738715835680.58,11896522062197.79,4842193773482.79
2013-06-12,16738704836178.59,11906232708966.61,4832472127211.98
2013-06-13,16738708293971.53,11903648395720.79,4835059898250.74
2013-06-14,16738697370019.81,11903843811259.69,4834853558760.12
2013-06-17,16738664595327.64,11898429627297.88,4840234968029.76
2013-06-18,16738653639711.53,11886064000252.75,4852589639458.78
2013-06-19,16738642755073.31,11897497174217.51,4841145580855.80
2013-06-20,16738645811490.40,11894161895232.89,4844483916257.51
2013-06-21,16738634995209.72,11893485969620.32,4845149025589.40
2013-06-24,16738602543527.17,11889341259564.89,4849261283962.28
2013-06-25,16738591725217.11,11881040228839.68,4857551496377.43
2013-06-26,16738580905836.39,11895008652504.44,4843572253331.95
2013-06-27,16738629048819.09,11895982677867.57,4842646370951.52
2013-06-28,16738320054489.27,11901292256124.39,4837027798364.88
2013-07-01,16738309305648.26,11917627144080.38,4820682161567.88
2013-07-02,16738298556333.25,11907461343361.94,4830837212971.31
2013-07-03,16738287806544.20,11925730223670.28,4812557582873.92
2013-07-05,16738281074058.77,11924136539816.95,4814144534241.82
2013-07-08,16738249094798.80,11920232056507.59,4818017038291.21
2013-07-09,16738238434108.96,11913999125769.08,4824239308339.88
2013-07-10,16738227772946.05,11925693693492.82,4812534079453.23
2013-07-11,16738230684008.83,11924366082851.82,4813864601157.01
2013-07-12,16738220086104.57,11925650525848.91,4812569560255.66
2013-07-15,16738188365630.03,11921818444955.51,4816369920674.52
2013-07-16,16738177765933.41,11916592286387.42,4821585479545.99
2013-07-17,16738167165761.57,11923963485925.04,4814203679836.53
2013-07-18,16738168990385.79,11922852502219.07,4815316488166.72
2013-07-19,16738158460368.61,11924282696388.53,4813875763980.08
2013-07-22,16738126867888.58,11920681392359.10,4817445475529.48
2013-07-23,16738116336111.15,11914163119298.43,4823953216812.72
2013-07-24,16738105803858.21,11923167815151.20,4814937988707.01
2013-07-25,16738136405384.69,11923178193007.05,4814958212377.64
2013-07-26,16738125957131.00,11923848523940.14,4814277433190.86
2013-07-29,16738094608381.03,11923211410068.29,4814883198312.74
2013-07-30,16738084158233.57,11920527521939.03,4817556636294.54
2013-07-31,16738599194294.87,11917023270880.15,4821575923414.72
2013-08-01,16738600261139.01,11938163909074.02,4800436352064.99
2013-08-02,16738589818505.99,11962811436986.58,4775778381519.41
2013-08-05,16738558487748.51,11958647246457.13,4779911241291.38
2013-08-06,16738548043209.68,11951242739803.21,4787305303406.47
2013-08-07,16738537598194.21,11951614681840.55,4786922916353.66
2013-08-08,16738541240281.19,11945916628541.94,4792624611739.25
2013-08-09,16738530794717.43,11947674387704.36,4790856407013.07
2013-08-12,16738499455164.95,11945778493498.52,4792720961666.43
2013-08-13,16738489007693.40,11941430910929.04,4797058096764.36
2013-08-14,16738478559738.19,11952073953024.85,4786404606713.34
2013-08-15,16738484642516.80,11948073603954.31,4790411038562.49
2013-08-16,16738474221654.92,11947689550073.95,4790784671580.97
2013-08-19,16738442956309.14,11943881131966.65,4794561824342.49
2013-08-20,16738432533607.02,11939350279760.49,4799082253846.53
2013-08-21,16738422110434.94,11950216351494.50,4788205758940.44
2013-08-22,16738460765994.01,11946942016060.21,4791518749933.80
2013-08-23,16738450395371.13,11946036670912.59,4792413724458.54
2013-08-26,16738419280739.58,11944979382456.89,4793439898282.69
2013-08-27,16738408908240.13,11940494752180.66,4797914156059.47
2013-08-28,16738398535315.91,11951248861591.63,4787149673724.28
2013-08-29,16738401335152.16,11952181180500.19,4786220154651.97
2013-08-30,16738649841392.70,11967014240420.23,4771635600972.47
2013-09-03,16738618787875.32,11987013909572.67,4751604878302.65
2013-09-04,16738608435751.29,11976105208769.82,4762503226981.47
2013-09-05,16738608362951.88,11975891240196.65,4762717122755.23
2013-09-06,16738598129329.05,11972914390661.04,4765683738668.01
2013-09-09,16738567425782.46,11972023480702.70,4766543945079.76
2013-09-10,16738557190345.35,11965231426142.57,4773325764202.78
2013-09-11,16738546954446.61,11975862061625.88,4762684892820.73
2013-09-12,16738543125208.38,11973170292026.36,4765372833182.02
2013-09-13,16738533025135.63,11971741815720.33,4766791209415.30
2013-09-16,16738502722145.90,11965887207931.11,4772615514214.79
2013-09-17,16738492645235.04,11954645792732.60,4783846852502.44
2013-09-18,16738482606783.04,11963551354853.82,4774931251929.22
2013-09-19,16738503812337.79,11961016186546.38,4777487625791.41
2013-09-20,16738493983660.09,11968087060819.65,4770406922840.44
2013-09-23,16738464494846.89,11964783769751.11,4773680725095.78
2013-09-24,16738454664319.38,11958459239132.60,4779995425186.78
2013-09-25,16738444833205.56,11962635902318.47,4775808930887.09
2013-09-26,16738443175473.97,11963853492345.40,4774589683128.57
2013-09-27,16738433470635.61,11967508057617.56,4770925413018.05
2013-09-30,16738183526697.32,11976279236073.83,4761904290623.49
2013-10-01,16747478675335.18,11927716392097.90,4819762283237.28
2013-10-02,16747468940509.72,11920297349968.54,4827171590541.18
2013-10-03,16747468275799.27,11937127964522.94,4810340311276.33
2013-10-04,16747458528953.05,11937274295632.01,4810184233321.04
2013-10-07,16747429285635.12,11923572741684.14,4823856543950.98
2013-10-08,16747419536935.48,11918160032936.83,4829259503998.65
2013-10-09,16747409787772.33,11931867900386.67,4815541887385.66
2013-10-10,16747421858503.24,11930980640872.43,4816441217630.81
2013-10-11,16747411584091.53,11931450993082.90,4815960591008.63
2013-10-15,16747370534090.62,11926495975191.95,4820874558898.67
2013-10-16,16747360549057.23,11929976600223.38,4817383948833.85
2013-10-17,17075590107963.57,12117282743815.33,4958307364148.24
2013-10-18,17074260390144.95,12115701896091.53,4958558494053.42
2013-10-21,17075230597788.39,12114946844829.20,4960283752959.19
2013-10-22,17078769687926.64,12114163464067.10,4964606223859.54
2013-10-23,17067881125283.87,12113767540539.90,4954113584743.97
2013-10-24,17077729309281.56,12122152249624.21,4955577059657.35
2013-10-25,17076507741269.44,12121994254444.15,4954513486825.29
2013-10-28,17081509219288.50,12121935813684.43,4959573405604.07
2013-10-29,17090753527402.48,12121884031127.26,4968869496275.22
2013-10-30,17088263258631.09,12121565175397.74,4966698083233.35
2013-10-31,17156117102204.49,12187369856433.22,4968747245771.27
2013-11-01,17108598955343.87,12183844969113.52,4924753986230.35
2013-11-04,17116705114727.92,12183621019582.67,4933084095145.25
2013-11-05,17121761484979.44,12183134295687.45,4938627189291.99
2013-11-06,17121570995931.69,12182929380375.53,4938641615556.16
2013-11-07,17149154023335.85,12206195534277.00,4942958489058.85
2013-11-08,17151627467959.50,12206181243592.72,4945446224366.78
2013-11-12,17154624205951.04,12205950516829.08,4948673689121.96
2013-11-13,17149193429752.16,12206228874560.26,4942964555191.90
2013-11-14,17183316943225.52,12239536150493.21,4943780792732.31
2013-11-15,17189547404790.46,12245172409824.40,4944374994966.06
2013-11-18,17192878839268.39,12245200171583.80,4947678667684.59
2013-11-19,17200725370597.56,12245151541443.78,4955573829153.78
2013-11-20,17190225699170.90,12245440360113.81,4944785339057.09
2013-11-21,17208963804203.72,12261332093155.98,4947631711047.74
2013-11-22,17209511322941.99,12261555216060.05,4947956106881.94
2013-11-25,17211829040346.01,12261923010078.47,4949906030267.54
2013-11-26,17219110204136.29,12262512988251.73,4956597215884.56
2013-11-27,17203336836345.12,12263719517050.59,4939617319294.53
2013-11-29,17217151645105.86,12281126257987.08,4936025387118.78
2013-12-02,17235032379905.81,12307400537547.88,4927631842357.93
2013-12-03,17223254862815.39,12307650003434.02,4915604859381.37
2013-12-04,17222092499153.62,12307567376587.47,4914525122566.15
2013-12-05,17228699889181.63,12312130780336.62,4916569108845.01
2013-12-06,17227010669351.91,12311922128072.47,4915088541279.44
2013-12-09,17230345583111.52,12311521314897.49,4918824268214.03
2013-12-10,17234005998603.93,12311567744056.02,4922438254547.91
2013-12-11,17222454811203.79,12311562372135.20,4910892439068.59
2013-12-12,17226015851914.45,12312261896926.96,4913753954987.49
2013-12-13,17224129200180.84,12311985340603.71,4912143859577.13
2013-12-16,17259029055459.14,12341952291868.50,4917076763590.64
2013-12-17,17268587651056.23,12341903145193.30,4926684505862.93
2013-12-18,17258809832599.01,12342894806958.67,4915915025640.34
2013-12-19,17251528475994.19,12333221772927.06,4918306703067.13
2013-12-20,17250434606977.38,12332309692623.95,4918124914353.43
2013-12-23,17250656426380.22,12331804066990.32,4918852359389.90
2013-12-24,17248088481989.88,12331879196393.31,4916209285596.57
2013-12-26,17226097907646.29,12310556832170.12,4915541075476.17
2013-12-27,17226267273544.34,12309395899151.39,4916871374392.95
2013-12-30,17226768075403.16,12309327387048.12,4917440688355.04
2013-12-31,17351970784950.15,12355426523284.55,4996544261665.60
2014-01-02,17315970933899.63,12334521348018.90,4981449585880.73
2014-01-03,17308849523342.94,12334427655504.22,4974421867838.72
2014-01-06,17310216315568.94,12333870746301.06,4976345569267.88
2014-01-07,17315227613858.79,12334076556282.96,4981151057575.83
2014-01-08,17306977954400.15,12335376751392.99,4971601203007.16
2014-01-09,17281164714573.43,12305374613469.91,4975790101103.52
2014-01-10,17280842092016.14,12305147516443.54,4975694575572.60
2014-01-13,17282527565175.09,12304912432636.04,4977615132539.05
2014-01-14,17287251611151.62,12304770773237.92,4982480837913.70
2014-01-15,17286874322095.94,12308587297822.72,4978287024273.22
2014-01-16,17270240354364.86,12287828758507.32,4982411595857.54
2014-01-17,17273683713523.05,12287682114050.60,4986001599472.45
2014-01-21,17276126988070.62,12286928275840.67,4989198712229.95
2014-01-22,17273488616875.18,12286998849245.62,4986489767629.56
2014-01-23,17261485887733.09,12271772069152.60,4989713818580.49
2014-01-24,17263279883739.66,12271565563349.84,4991714320389.82
2014-01-27,17266723744017.01,12271560369099.19,4995163374917.82
2014-01-28,17271931802733.26,12271924606932.60,5000007195800.66
2014-01-29,17272506995913.71,12271950937687.60,5000556058226.11
2014-01-30,17249265796405.00,12251267088730.36,4997998707674.64
2014-01-31,17293019654983.61,12308142849415.81,4984876805567.80
2014-02-03,17263040455036.20,12305248817198.66,4957791637837.54
2014-02-04,17280020592178.94,12306069537077.30,4973951055101.64
2014-02-05,17281222665378.63,12306449958530.83,4974772706847.80
2014-02-06,17258482479004.37,12280178073693.36,4978304405311.01
2014-02-07,17258824690537.53,12280064393437.44,4978760297100.09
2014-02-10,17258793918103.22,12276334061848.58,4982459856254.64
2014-02-11,17258792658336.62,12271591074536.91,4987201583799.71
2014-02-12,17258782272265.19,12281806028142.75,4976976244122.44
2014-02-13,17258805514290.93,12279794967999.13,4979010546291.80
2014-02-14,17258795000703.07,12281049951732.10,4977745048970.97
2014-02-18,17384649566329.35,12400839616892.58,4983809949436.77
2014-02-19,17385409685452.00,12401453981328.30,4983955704123.70
2014-02-20,17409111636454.46,12424458971227.16,4984652665227.30
2014-02-21,17411178036656.28,12424353796018.53,4986824240637.75
2014-02-24,17413220474647.90,12424984542200.93,4988235932446.97
2014-02-25,17419220117766.69,12424949144637.28,4994270973129.41
2014-02-26,17410830777447.36,12425388335506.38,4985442441940.98
2014-02-27,17426891428702.45,12443553233585.57,4983338195116.88
2014-02-28,17463228562652.94,12492549870567.82,4970678692085.12
2014-03-03,17444385246890.50,12510308418342.42,4934076828548.08
2014-03-04,17467228205267.47,12511236851896.79,4955991353370.68
2014-03-05,17467541352870.06,12511038190924.26,4956503161945.80
2014-03-06,17491871158767.47,12531106424577.83,4960764734189.64
2014-03-07,17491079219453.82,12531142293433.95,4959936926019.87
2014-03-10,17495622444209.79,12531386765924.63,4964235678285.16
2014-03-11,17501576037738.02,12531447066151.71,4970128971586.31
2014-03-12,17491372091598.45,12531577864303.13,4959794227295.32
2014-03-13,17511461705211.85,12550098989139.89,4961362716071.96
2014-03-14,17511659595323.99,12550392330826.33,4961267264497.66
2014-03-17,17546814482078.90,12582073130690.43,4964741351388.47
2014-03-18,17559060160057.74,12580783789308.35,4978276370749.39
2014-03-19,17549497313923.60,12582504635035.52,4966992678888.08
2014-03-20,17546932628558.05,12576775520029.13,4970157108528.92
2014-03-21,17548206894037.06,12577834404936.88,4970372489100.18
2014-03-24,17550128150467.43,12578349869872.13,4971778280595.30
2014-03-25,17555984029917.02,12579227209622.79,4976756820294.23
2014-03-26,17544080042932.50,12580618139482.73,4963461903449.77
2014-03-27,17533579816074.13,12569570170165.53,4964009645908.60
2014-03-28,17554275708064.70,12581404702240.36,4972871005824.34
2014-03-31,17601227291213.89,12619319113193.99,4981908178019.90
2014-04-01,17578141920035.68,12616878902734.94,4961263017300.74
2014-04-02,17585625829197.83,12618076922391.88,4967548906805.95
2014-04-03,17554778670289.33,12602148792037.21,4952629878252.12
2014-04-04,17555437713940.26,12602378670985.55,4953059042954.71
2014-04-07,17559603867896.49,12602711081267.69,4956892786628.80
2014-04-08,17567074702635.03,12603053563358.96,4964021139276.07
2014-04-09,17556587058571.79,12603223427186.00,4953363631385.79
2014-04-10,17539023466494.92,12584387729787.84,4954635736707.08
2014-04-11,17538602387972.87,12584606161716.25,4953996226256.62
2014-04-14,17541896989433.73,12584711780843.33,4957185208590.40
2014-04-15,17576842289814.87,12599490259371.75,4977352030443.12
2014-04-16,17571837454552.98,12600049834858.48,4971787619694.50
2014-04-17,17512421133896.12,12535406416493.30,4977014717402.82
2014-04-18,17516581643567.18,12535507625641.19,4981074017925.99
2014-04-21,17521417830074.79,12536043261969.68,4985374568105.11
2014-04-22,17528980978730.90,12536334382575.93,4992646596154.97
2014-04-23,17525948567765.54,12536674509680.15,4989274058085.39
2014-04-24,17437874260412.18,12446268766749.33,4991605493662.85
2014-04-25,17436444226130.22,12446429406164.52,4990014819965.70
2014-04-28,17440764612875.85,12446607591077.93,4994157021797.92
2014-04-29,17447321527551.15,12447336608807.32,4999984918743.83
2014-04-30,17508437127661.62,12503468335518.28,5004968792143.34
2014-05-01,17474314085413.25,12493671588747.78,4980642496665.47
2014-05-02,17468093940076.33,12494049363853.01,4974044576223.32
2014-05-05,17473168572574.12,12494736270149.76,4978432302424.36
2014-05-06,17484285711524.06,12496778978755.21,4987506732768.85
2014-05-07,17484100151856.27,12497316116027.16,4986784035829.11
2014-05-08,17472051696926.14,12478871032564.07,4993180664362.07
2014-05-09,17472278485983.26,12479136772881.22,4993141713102.04
2014-05-12,17472131682925.49,12479623437858.43,4992508245067.06
2014-05-13,17477954685990.29,12480095161042.94,4997859524947.35
2014-05-14,17466359022192.19,12480626987631.18,4985732034561.01
2014-05-15,17471572575280.71,12481115426945.11,4990457148335.60
2014-05-16,17473133162652.10,12481120959560.11,4992012203091.99
2014-05-19,17479199305480.74,12481564166369.27,4997635139111.47
2014-05-20,17485062209497.43,12482070060133.74,5002992149363.69
2014-05-21,17475322147342.48,12482981755948.41,4992340391394.07
2014-05-22,17488395174401.72,12493820061287.62,4994575113114.10
2014-05-23,17490453119908.96,12494509655617.96,4995943464291.00
2014-05-27,17494957564945.49,12495294120437.22,4999663444508.27
2014-05-28,17490047622577.64,12496198551835.17,4993849070742.47
2014-05-29,17502870380161.92,12511804104419.25,4991066275742.67
2014-05-30,17516958495107.78,12538030396095.88,4978928099011.90
2014-06-02,17524872541725.16,12558204694012.46,4966667847712.70
2014-06-03,17517597022244.87,12558454739271.12,4959142282973.75
2014-06-04,17518074536326.36,12558918057398.73,4959156478927.63
2014-06-05,17544581789209.83,12580619739883.03,4963962049326.80
2014-06-06,17543976854111.74,12580665495238.18,4963311358873.56
2014-06-09,17548899562327.27,12581002234015.58,4967897328311.69
2014-06-10,17555165805212.27,12581345124290.75,4973820680921.52
2014-06-11,17544440933912.98,12581455297898.54,4962985636014.44
2014-06-12,17536614238239.15,12568639781669.11,4967974456570.04
2014-06-13,17536123426853.16,12568408881565.95,4967714545287.21
2014-06-16,17569041604920.91,12595121997603.79,4973919607317.12
2014-06-17,17581114237583.17,12595455735505.47,4985658502077.70
2014-06-18,17571991775280.00,12595666893058.43,4976324882221.57
2014-06-19,17532488016268.40,12552652487132.54,4979835529135.86
2014-06-20,17529945473040.66,12552888712133.01,4977056760907.65
2014-06-23,17535731914061.53,12554501441886.00,4981230472175.53
2014-06-24,17545861055228.61,12555291676958.19,4990569378270.42
2014-06-25,17533149947693.14,12555847339447.59,4977302608245.55
2014-06-26,17512592730101.96,12532912111486.56,4979680618615.40
2014-06-27,17524460363250.30,12546014305752.13,4978446057498.17
2014-06-30,17632606234365.92,12572219622017.57,5060386612348.35
2014-07-01,17602672273372.67,12566397514327.03,5036274759045.64
2014-07-02,17609721841195.62,12568459041625.81,5041262799569.81
2014-07-03,17586595427577.23,12560651111122.40,5025944316454.83
2014-07-07,17588757555596.18,12560910957090.28,5027846598505.90
2014-07-08,17596427039854.56,12561433902358.09,5034993137496.47
2014-07-09,17586759896863.97,12561557288539.30,5025202608324.67
2014-07-10,17591098482428.39,12564441671065.14,5026656811363.25
2014-07-11,17589434621637.93,12564510160810.69,5024924460827.24
2014-07-14,17591980437201.71,12564707434624.80,5027273002576.91
2014-07-15,17603731782433.70,12569301682287.68,5034430100146.02
2014-07-16,17594291030425.77,12569579178719.27,5024711851706.50
2014-07-17,17600503637303.33,12570853016264.52,5029650621038.81
2014-07-18,17599556606441.85,12571043700275.63,5028512906166.22
2014-07-21,17602846009056.50,12571314784322.41,5031531224734.09
2014-07-22,17610253000219.65,12571705093140.24,5038547907079.41
2014-07-23,17599231161990.50,12571806919633.00,5027424242357.50
2014-07-24,17613901518929.04,12582284367906.06,5031617151022.98
2014-07-25,17611454807678.76,12582413030196.45,5029041777482.31
2014-07-28,17613035203018.10,12582287978603.64,5030747224414.46
2014-07-29,17621751199943.72,12586442061445.43,5035309138498.29
2014-07-30,17618599653160.19,12587231791560.33,5031367861599.86
2014-07-31,17687136723410.59,12651478122995.52,5035658600415.07
2014-08-01,17631209292846.22,12645592302975.90,4985616989870.32
2014-08-04,17640751157460.11,12645617405495.28,4995133751964.83
2014-08-05,17649650881486.99,12646234041580.42,5003416839906.57
2014-08-06,17651845933132.44,12646821080969.87,5005024852162.57
2014-08-07,17670486142057.97,12660853217138.84,5009632924919.13
2014-08-08,17672734489595.15,12660867919097.49,5011866570497.66
2014-08-11,17675094670675.66,12661220885573.28,5013873785102.38
2014-08-12,17680354243586.48,12661928875118.37,5018425368468.11
2014-08-13,17667502388165.55,12661969534046.92,5005532854118.63
2014-08-14,17671687900979.84,12664425792305.01,5007262108674.83
2014-08-15,17678982503280.21,12670883462104.47,5008099041175.74
2014-08-18,17682532332244.68,12671326178084.38,5011206154160.30
2014-08-19,17692276725427.85,12671871907143.45,5020404818284.40
2014-08-20,17690033596105.56,12672644197628.19,5017389398477.37
2014-08-21,17709322691303.06,12687384807160.61,5021937884142.45
2014-08-22,17710260573782.84,12687554969158.66,5022705604624.18
2014-08-25,17712825868365.56,12687863072484.85,5024962795880.71
2014-08-26,17719515195854.42,12688900197015.33,5030614998839.09
2014-08-27,17708342668041.17,12689140624547.26,5019202043493.91
2014-08-28,17721613306706.18,12703133483057.74,5018479823648.44
2014-08-29,17749172392528.10,12732611644765.48,5016560747762.62
2014-09-02,17741639147858.18,12747340082136.14,4994299065722.04
2014-09-03,17734663408950.92,12747829325995.23,4986834082955.69
2014-09-04,17754467569229.71,12766171958782.02,4988295610447.69
2014-09-05,17756856045819.45,12765991103228.34,4990864942591.11
2014-09-08,17757884048448.05,12765617805661.65,4992266242786.40
2014-09-09,17764720406589.08,12765617643203.47,4999102763385.61
2014-09-10,17753539449528.81,12765874158544.98,4987665290983.83
2014-09-11,17742108970073.37,12752132119638.09,4989976850435.28
2014-09-12,17741170643844.86,12752541754803.67,4988628889041.19
2014-09-15,17760739788762.62,12766111969567.42,4994627819195.20
2014-09-16,17770878224353.80,12767449364594.88,5003428859758.92
2014-09-17,17764742713788.75,12767522798389.80,4997219915398.95
2014-09-18,17749820713747.83,12749714689239.07,5000106024508.76
2014-09-19,17749004354887.84,12749569512765.39,4999434842122.45
2014-09-22,17752082587972.00,12749553456669.69,5002529131302.31
2014-09-23,17759786274163.15,12750185043176.17,5009601230986.98
2014-09-24,17752790683108.81,12750885927747.27,5001904755361.54
2014-09-25,17741568558862.70,12739573194620.51,5001995364242.19
2014-09-26,17787535095914.11,12752684282914.80,5034850812999.31
2014-09-29,17781487901300.17,12752783777181.51,5028704124118.66
2014-09-30,17824071380733.82,12784971238978.02,5039100141755.80
2014-10-01,17875258091207.08,12781306994916.93,5093951096290.15
2014-10-02,17872947693176.67,12771249250966.16,5101698442210.51
2014-10-03,17858510713719.34,12771061129690.74,5087449584028.60
2014-10-06,17863004998073.03,12770376115302.12,5092628882770.91
2014-10-07,17867699034165.67,12771826014536.22,5095873019629.45
2014-10-08,17859802042524.65,12772555086932.88,5087246955591.77
2014-10-09,17859583673997.51,12770195423986.89,5089388250010.62
2014-10-10,17858480029490.28,12770890995580.25,5087589033910.03
2014-10-14,17861216378589.87,12771134122165.25,5090082256424.62
2014-10-15,17886964853466.85,12798043750541.28,5088921102925.57
2014-10-16,17899316084553.37,12807513640600.22,5091802443953.15
2014-10-17,17903370294898.82,12808641566086.66,5094728728812.16
2014-10-20,17904969580881.62,12808334556859.93,5096635024021.69
2014-10-21,17909673864034.65,12808818639515.39,5100855224519.26
2014-10-22,17898403405809.92,12808536142324.44,5089867263485.48
2014-10-23,17899001165157.98,12807935469790.12,5091065695367.86
2014-10-24,17898691021355.14,12808195415913.45,5090495605441.69
2014-10-27,17899703054992.38,12808179514648.82,5091523540343.56
2014-10-28,17906106113024.88,12809230658369.42,5096875454655.46
2014-10-29,17904999710062.18,12809195683302.02,5095804026760.16
2014-10-30,17914425526718.05,12818483097860.62,5095942428857.43
2014-10-31,17937160394872.60,12857056287256.22,5080104107616.38
2014-11-03,17908461539950.87,12854733658688.06,5053727881262.81
2014-11-04,17922328250690.00,12854874925333.64,5067453325356.36
2014-11-05,17923491376354.03,12855176619441.79,5068314756912.24
2014-11-06,17938161633953.07,12865216206036.87,5072945427916.20
2014-11-07,17937617036693.09,12865689374394.94,5071927662298.15
2014-11-10,17942478973674.58,12865642582882.83,5076836390791.75
2014-11-12,17936639705375.46,12865785085508.34,5070854619867.12
2014-11-13,17941406575143.38,12872812914521.72,5068593660621.66
2014-11-14,17946228427416.76,12874018828402.34,5072209599014.42
2014-11-17,17955187358115.74,12879074922148.99,5076112435966.75
2014-11-18,17965853482963.66,12880369792235.66,5085483690728.00
2014-11-19,17955861759790.12,12881762540736.62,5074099219053.50
2014-11-20,17966390052905.54,12888587001199.85,5077803051705.69
2014-11-21,17966430866445.26,12889776540331.31,5076654326113.95
2014-11-24,17969341202862.68,12889755500344.12,5079585702518.56
2014-11-25,17973268374867.70,12890968195297.62,5082300179570.08
2014-11-26,17963753617957.26,12890693488815.29,5073060129141.97
2014-11-28,18005549328561.45,12922681725432.94,5082867603128.51
2014-12-01,17988139701976.27,12931900593260.86,5056239108715.41
2014-12-02,17994739178153.43,12932180810260.93,5062558367892.50
2014-12-03,17976896374080.00,12931967850617.08,5044928523462.92
2014-12-04,17993726181400.08,12945811624100.99,5047914557299.09
2014-12-05,17991068498107.32,12945465721432.82,5045602776674.50
2014-12-08,17993213058619.35,12944153538761.08,5049059519858.27
2014-12-09,17997912502715.74,12944579914190.99,5053332588524.75
2014-12-10,17985409515198.76,12944641434608.38,5040768080590.38
2014-12-11,17999196518791.71,12956053789930.49,5043142728861.22
2014-12-12,17998480987314.10,12955793782374.63,5042687204939.47
2014-12-15,18026487992142.56,12979180060690.71,5047307931451.85
2014-12-16,18033285352731.29,12979252700445.64,5054032652285.65
2014-12-17,18027975066340.95,12982114439368.53,5045860626972.42
2014-12-18,18029014745208.99,12988040717921.35,5040974027287.64
2014-12-19,18027956621353.29,12987968383205.23,5039988238148.06
2014-12-22,18031021541347.52,12988079946530.81,5042941594816.71
2014-12-23,18044495047811.88,12990289723362.77,5054205324449.11
2014-12-24,18032267753648.54,12990290113794.29,5041977639854.25
2014-12-26,18030113356076.05,12994194510569.30,5035918845506.75
2014-12-29,18039456080782.95,12994463454881.51,5044992625901.44
2014-12-30,18043862247389.05,12995323491166.67,5048538756222.38
2014-12-31,18141444135563.30,13023951380768.58,5117492754794.72
2015-01-02,18080612655244.26,13000209721920.03,5080402933324.23
2015-01-05,18091316381602.62,12999336609259.79,5091979772342.83
2015-01-06,18097814959110.13,12999569410502.08,5098245548608.05
2015-01-07,18098260560760.27,12999091201359.51,5099169359400.76
2015-01-08,18084817920825.53,12981962678994.62,5102855241830.91
2015-01-09,18085826074241.57,12981628166616.11,5104197907625.46
2015-01-12,18086946763085.79,12981011748689.49,5105935014396.30
2015-01-13,18092170790087.37,12980751749798.21,5111419040289.16
2015-01-14,18081478613745.94,12981666559709.40,5099812054036.54
2015-01-15,18079608395519.69,12971949359465.79,5107659036053.90
2015-01-16,18080794482225.47,12971502433051.37,5109292049174.10
2015-01-20,18086048044499.39,12970475453865.57,5115572590633.82
2015-01-21,18083464106854.21,12971143199110.03,5112320907744.18
2015-01-22,18087425445178.53,12970391793262.78,5117033651915.75
2015-01-23,18086335602055.12,12970193212137.56,5116142389917.56
2015-01-26,18087727352703.72,12970484928522.46,5117242424181.26
2015-01-27,18095120088870.92,12970533962395.64,5124586126475.28
2015-01-28,18082591078060.27,12970172927408.44,5112418150651.83
2015-01-29,18085063837781.82,12970704211784.51,5114359625997.31
2015-01-30,18082294157510.20,12984930426312.84,5097363731197.36
2015-02-02,18099042237253.89,13009390741738.74,5089651495515.15
2015-02-03,18098502229899.76,13009360166059.35,5089142063840.41
2015-02-04,18099980277424.32,13010253116961.72,5089727160462.60
2015-02-05,18125876697430.99,13030729516506.65,5095147180924.34
2015-02-06,18124962972729.90,13030502916525.58,5094460056204.32
2015-02-09,18128511342681.14,13030240698387.68,5098270644293.46
2015-02-10,18132368869938.98,13030084686437.05,5102284183501.93
2015-02-11,18120851078035.52,13030765585361.52,5090085492674.00
2015-02-12,18136906268079.51,13044634775705.21,5092271492374.30
2015-02-13,18136847747421.82,13044579279877.51,5092268467544.31
2015-02-17,18122443088634.22,13024634800903.09,5097808287731.13
2015-02-18,18122881555570.98,13025593746420.95,5097287809150.03
2015-02-19,18138459241907.59,13038548288145.09,5099910953762.50
2015-02-20,18140525203303.60,13038401615591.31,5102123587712.29
2015-02-23,18141409083212.36,13037661212728.82,5103747870483.54
2015-02-24,18148105006223.08,13038072925171.88,5110032081051.20
2015-02-25,18133356358144.49,13038635290490.76,5094721067653.73
2015-02-26,18149752816959.60,13052462540018.66,5097290276940.94
2015-02-27,18155853840783.67,13074036284486.10,5081817556297.57
2015-03-02,18153537817364.77,13082175825545.41,5071361991819.36
2015-03-03,18149954531765.07,13083156868369.24,5066797663395.83
2015-03-04,18149661959194.69,13083702031373.27,5065959927821.42
2015-03-05,18147256483854.60,13078024754064.12,5069231729790.48
2015-03-06,18146997769289.23,13077605694201.62,5069392075087.61
2015-03-09,18150077808750.34,13076997087491.91,5073080721258.43
2015-03-10,18155726801056.46,13077001810715.26,5078724990341.20
2015-03-11,18148968934412.10,13077260915498.60,5071708018913.50
2015-03-12,18153816304576.28,13084088914698.28,5069727389878.00
2015-03-13,18152457339107.97,13083879612334.70,5068577726773.27
2015-03-16,18152428120668.55,13105395080630.25,5047033040038.30
2015-03-17,18152418378331.44,13094763118421.11,5057655259910.33
2015-03-18,18152408635055.51,13094247521169.80,5058161113885.71
2015-03-19,18152422064045.46,13091716944130.57,5060705119914.89
2015-03-20,18152412192314.93,13092726568180.16,5059685624134.77
2015-03-23,18152382569585.32,13090617194678.79,5061765374906.53
2015-03-24,18152372692901.05,13084628174408.95,5067744518492.10
2015-03-25,18152362814977.42,13098220411972.32,5054142403005.10
2015-03-26,18152367511357.61,13097651409122.03,5054716102235.58
2015-03-27,18152357604289.34,13100142539623.12,5052215064666.22
2015-03-30,18152327875384.93,13099230739114.56,5053097136270.37
2015-03-31,18152056197489.27,13090399293659.46,5061656903829.81
2015-04-01,18152046284380.77,13104928983917.84,5047117300462.93
2015-04-02,18152122140432.21,13096591645300.69,5055530495131.52
2015-04-03,18152112019695.11,13113626313940.49,5038485705754.62
2015-04-06,18152081649050.21,13108197438919.98,5043884210130.23
2015-04-07,18152071523374.83,13102684021908.58,5049387501466.25
2015-04-08,18152061396456.98,13111934743188.62,5040126653268.36
2015-04-09,18152064358207.58,13101773120249.05,5050291237958.53
2015-04-10,18152054202954.52,13102873615336.91,5049180587617.61
2015-04-13,18152023729666.57,13099675824474.39,5052347905192.18
2015-04-14,18152013569439.51,13092019642745.28,5059993926694.23
2015-04-15,18152003466281.43,13086497608550.03,5065505857731.40
2015-04-16,18152007830734.07,13077338458482.18,5074669372251.89
2015-04-17,18151997679396.05,13074275612443.50,5077722066952.55
2015-04-20,18151967217887.84,13067157477459.81,5084809740428.03
2015-04-21,18151957061585.57,13059556805772.78,5092400255812.79
2015-04-22,18151946904041.66,13066632697202.30,5085314206839.36
2015-04-23,18151949531837.77,13059323003493.55,5092626528344.22
2015-04-24,18151939363157.16,13058105909555.30,5093833453601.86
2015-04-27,18151908849687.15,13054114931939.44,5097793917747.71
2015-04-28,18151898676069.23,13048552679943.30,5103345996125.93
2015-04-29,18151888501207.83,13051327764093.97,5100560737113.86
2015-04-30,18152560126787.71,13053681247951.16,5098878878836.55
2015-05-01,18152549890270.99,13089046291055.14,5063503599215.85
2015-05-04,18152519173098.52,13074525883750.21,5077993289348.31
2015-05-05,18152508931605.44,13065201071307.37,5087307860298.07
2015-05-06,18152498688867.48,13062170168419.76,5090328520447.72
2015-05-07,18152497848547.71,13057150061992.93,5095347786554.78
2015-05-08,18152487619906.99,13053822296429.17,5098665323477.82
2015-05-11,18152456926656.13,13050345826235.33,5102111100420.80
2015-05-12,18152446693102.28,13044246622984.40,5108200070117.88
2015-05-13,18152436458301.62,13056626203779.80,5095810254521.82
2015-05-14,18152438060107.24,13053904468377.74,5098533591729.50
2015-05-15,18152427930102.27,13053015786106.84,5099412143995.43
2015-05-18,18152397532696.23,13049631800802.71,5102765731893.52
2015-05-19,18152387397784.08,13039918475898.20,5112468921885.88
2015-05-20,18152377261644.63,13051237240105.37,5101140021539.26
2015-05-21,18152378180209.21,13049374221359.70,5103003958849.51
2015-05-22,18152368037290.20,13050072311592.30,5102295725697.90
2015-05-26,18152327453268.84,13046317217130.13,5106010236138.71
2015-05-27,18152317304208.14,13052474807984.08,5099842496224.06
2015-05-28,18152383244725.26,13054660216223.92,5097723028501.34
2015-05-29,18152851678150.27,13052706400435.71,5100145277714.56
2015-06-01,18152841401259.20,13073584911431.81,5079256489827.39
2015-06-02,18152831123420.51,13065960233573.26,5086870889847.25
2015-06-03,18152821344452.95,13082576979779.36,5070244364673.59
2015-06-04,18152820259005.52,13078728371165.51,5074091887840.01
2015-06-05,18152809942589.13,13080153579943.09,5072656362646.04
2015-06-08,18152778985959.44,13074878498154.85,5077900487804.59
2015-06-09,18152768664619.57,13068813694428.96,5083954970190.61
2015-06-10,18152758342047.24,13085347675829.57,5067410666217.67
2015-06-11,18152758771144.62,13082372210333.78,5070386560810.84
2015-06-12,18152748464829.10,13081822659047.83,5070925805781.27
2015-06-15,18152717537302.13,13075184730750.02,5077532806552.11
2015-06-16,18152707189859.83,13067386378869.63,5085320810990.20
2015-06-17,18152696919060.40,13073549270080.04,5079147648980.36
2015-06-18,18152699387458.77,13071246580389.14,5081452807069.63
2015-06-19,18152689167905.61,13072139149495.41,5080550018410.20
2015-06-22,18152658501837.30,13068330291043.10,5084328210794.20
2015-06-23,18152648277344.06,13059539444741.46,5093108832602.60
2015-06-24,18152638051615.33,13071202015971.20,5081436035644.13
2015-06-25,18152711443291.54,13071940516188.51,5080770927103.03
2015-06-26,18152701159226.79,13070831248598.68,5081869910628.11
2015-06-29,18152670293644.04,13070835567569.10,5081834726074.94
2015-06-30,18151997510872.44,13076414145360.92,5075583365511.52
2015-07-01,18151987220640.45,13093667026168.65,5058320194471.80
2015-07-02,18151991536019.17,13105898581879.78,5046092954139.39
2015-07-03,18151981262337.43,13103184582267.10,5048796680070.33
2015-07-06,18151950433860.76,13100955100946.92,5050995332913.84
2015-07-07,18151940155226.04,13093649507594.19,5058290647631.85
2015-07-08,18151929875352.39,13106285116932.19,5045644758420.20
2015-07-09,18151931284495.35,13102609587775.30,5049321696720.05
2015-07-10,18151921010337.51,13103633276571.42,5048287733766.09
2015-07-13,18151890180391.62,13101244630602.75,5050645549788.87
2015-07-14,18151879901274.20,13096917225302.25,5054962675971.95
2015-07-15,18151869674750.53,13106538137492.73,5045331537257.80
2015-07-16,18151873074142.99,13099068443428.11,5052804630714.88
2015-07-17,18151862792175.02,13097201084427.49,5054661707747.53
2015-07-20,18151831938889.04,13094422094681.41,5057409844207.63
2015-07-21,18151821652004.79,13088911494580.77,5062910157424.02
2015-07-22,18151811363890.79,13101056937267.15,5050754426623.64
2015-07-23,18151903780340.35,13099775103936.93,5052128676403.42
2015-07-24,18151893254765.19,13099949355959.15,5051943898806.04
2015-07-27,18151861669505.08,13097955837031.68,5053905832473.40
2015-07-28,18151851139012.51,13093853244381.79,5057997894630.72
2015-07-29,18151840607288.77,13094609838371.00,5057230768917.77
2015-07-30,18151852256637.31,13115033380950.88,5036818875686.43
2015-07-31,18151322549156.91,13135044925569.77,5016277623587.14
2015-08-03,18151290609956.23,13154209400019.46,4997081209936.77
2015-08-04,18151279961119.70,13139874835202.68,5011405125917.02
2015-08-05,18151269311050.42,13139218828457.06,5012050482593.36
2015-08-06,18151284784984.56,13133310082594.54,5017974702390.02
2015-08-07,18151273990514.80,13133917545021.19,5017356445493.61
2015-08-10,18151241599502.70,13120923476208.14,5030318123294.56
2015-08-11,18151230800098.70,13116188517613.19,5035042282485.51
2015-08-12,18151220988961.42,13127953438656.44,5023267550304.98
2015-08-13,18151248999672.85,13126117137797.41,5025131861875.44
2015-08-14,18151237942000.82,13127739184967.56,5023498757033.26
2015-08-17,18151204858128.58,13121719838466.16,5029485019662.42
2015-08-18,18151193827731.52,13111296158206.28,5039897669525.24
2015-08-19,18151182796107.65,13123745242326.97,5027437553780.68
2015-08-20,18151300217506.79,13121300877988.90,5029999339517.89
2015-08-21,18151288807268.17,13121106396171.02,5030182411097.15
2015-08-24,18151254619016.77,13120265804888.47,5030988814128.30
2015-08-25,18151243220485.43,13113153427126.34,5038089793359.09
2015-08-26,18151231820725.70,13125515111652.35,5025716709073.35
2015-08-27,18151249152738.76,13123916829780.28,5027332322958.48
2015-08-28,18151237646318.35,13128201306874.34,5023036339444.01
2015-08-31,18151150179588.05,13119752728787.69,5031397450800.36
2015-09-01,18151139449629.01,13142936626767.41,5008202822861.60
2015-09-02,18151127937093.02,13142894367690.52,5008233569402.50
2015-09-03,18151154955297.86,13151760226057.49,4999394729240.37
2015-09-04,18151143313299.53,13151650022710.08,4999493290589.45
2015-09-08,18151096731763.19,13147386947141.12,5003709784622.07
2015-09-09,18151085083623.06,13156227791522.28,4994857292100.78
2015-09-10,18151108522784.29,13156747896787.23,4994360625997.06
2015-09-11,18151096777894.92,13156926922920.93,4994169854973.99
2015-09-14,18151061535754.50,13154778791419.46,4996282744335.04
2015-09-15,18151049785935.02,13145076989528.87,5005972796406.15
2015-09-16,18151038086972.10,13153191937997.75,4997846148974.35
2015-09-17,18151144349685.38,13145637357001.96,5005506992683.42
2015-09-18,18151132467967.52,13146512352217.29,5004620115750.23
2015-09-21,18151096814879.09,13143438634417.47,5007658180461.62
2015-09-22,18151084928227.59,13136259739613.25,5014825188614.34
2015-09-23,18151073040341.31,13144928446669.82,5006144593671.49
2015-09-24,18151073031331.50,13140301918135.70,5010771113195.80
2015-09-25,18151061200913.26,13142591572511.28,5008469628401.98
2015-09-28,18151025702418.99,13142733278888.42,5008292423530.57
2015-09-29,18151013867116.33,13138658741846.86,5012355125269.47
2015-09-30,18150617666484.33,13123847198347.81,5026770468136.52
2015-10-01,18150616066342.53,13059264833999.48,5091351232343.05
2015-10-02,18150604277750.63,13061410753542.45,5089193524208.18
2015-10-05,18150568904537.03,13059966819672.47,5090602084864.56
2015-10-06,18150557110995.00,13059818124107.95,5090738986887.05
2015-10-07,18150545316215.04,13059972998831.49,5090572317383.55
2015-10-08,18150540421127.53,13046699068111.43,5103841353016.10
2015-10-09,18150528663452.99,13046779512150.54,5103749151302.45
2015-10-13,18150481620363.39,13046512400965.87,5103969219397.52
2015-10-14,18150469856492.42,13046422729078.47,5104047127413.95
2015-10-15,18152716828322.01,13043845333621.67,5108871494700.34
2015-10-16,18152705110034.31,13040435842277.73,5112269267756.58
2015-10-19,18152669947434.69,13034959796581.34,5117710150853.35
2015-10-20,18152658224184.62,13033810616384.20,5118847607800.42
2015-10-21,18152646499693.22,13042775790010.03,5109870709683.19
2015-10-22,18152650688229.10,13034691804236.86,5117958883992.24
2015-10-23,18152638934294.38,13035394315866.20,5117244618428.18
2015-10-26,18152603664891.43,13034076380906.65,5118527283984.78
2015-10-27,18152591905989.84,13027842933558.68,5124748972431.16
2015-10-28,18152580145845.23,13042008093200.37,5110572052644.86
2015-10-29,18152590112385.69,13040947458750.57,5111642653635.12
2015-10-30,18152981685747.52,13060656874967.53,5092324810779.99
2015-11-02,18492091120833.99,13259598054673.03,5232493066160.96
2015-11-03,18532338091711.48,13304633454176.57,5227704637534.91
2015-11-04,18532854382821.74,13304149781522.19,5228704601299.55
2015-11-05,18609800070328.73,13378296644134.99,5231503426193.74
2015-11-06,18609854385435.22,13378216906933.97,5231637478501.25
2015-11-09,18614769216712.84,13377810384459.45,5236958832253.39
2015-11-10,18605392428942.18,13378011403562.54,5227381025379.64
2015-11-12,18649024795838.78,13422684032364.47,5226340763474.31
2015-11-13,18653507360573.44,13422581915969.67,5230925444603.77
2015-11-16,18660490153278.25,13425314364061.11,5235175789217.14
2015-11-17,18670014021513.75,13425228384871.25,5244785636642.50
2015-11-18,18658332270181.33,13425424978902.16,5232907291279.17
2015-11-19,18718208593840.77,13486033195851.99,5232175397988.78
2015-11-20,18720800091471.32,13487491924393.72,5233308167077.60
2015-11-23,18722746583118.03,13487562419580.15,5235184163537.88
2015-11-24,18730245227214.29,13488216384736.74,5242028842477.55
2015-11-25,18719613274893.51,13488002707948.97,5231610566944.54
2015-11-27,18782451267806.04,13551155021821.40,5231296245984.64
2015-11-30,18827322966908.80,13588988502149.66,5238334464759.14
2015-12-01,18797839523342.27,13586014412847.41,5211825110494.86
2015-12-02,18802739156430.97,13586471303909.62,5216267852521.35
2015-12-03,18787992446946.88,13587977599025.48,5200014847921.40
2015-12-04,18786830545682.60,13587797506751.03,5199033038931.57
2015-12-07,18789199596566.93,13586975169238.57,5202224427328.36
2015-12-08,18789064366804.18,13587661849538.93,5201402517265.25
2015-12-09,18775084981439.86,13587275912419.47,5187809069020.39
2015-12-10,18762069058578.88,13576378743374.78,5185690315204.10
2015-12-11,18764921984881.44,13576192961286.02,5188729023595.42
2015-12-14,18767636190409.94,13576054852654.28,5191581337755.66
2015-12-15,18798211680628.12,13600642541480.78,5197569139147.34
2015-12-16,18788138221346.49,13600726418253.26,5187411803093.23
2015-12-17,18796279678290.28,13602386767303.28,5193892910987.00
2015-12-18,18795033928275.59,13602300646235.06,5192733282040.53
2015-12-21,18798201511452.04,13602156263369.48,5196045248082.56
2015-12-22,18807362192458.66,13602990562150.21,5204371630308.45
2015-12-23,18795265446286.58,13603158968085.03,5192106478201.55
2015-12-24,18802880491536.00,13608106425390.39,5194774066145.61
2015-12-28,18818691266108.11,13621291360268.39,5197399905839.72
2015-12-29,18824106833961.88,13621994782159.41,5202112051802.47
2015-12-30,18825061664535.94,13622733037489.74,5202328627046.20
2015-12-31,18922179009420.89,13672522257291.59,5249656752129.30
2016-01-04,18900932690017.04,13669500801836.00,5231431888181.04
2016-01-05,18918445650584.70,13670583998983.56,5247861651601.14
2016-01-06,18918380217573.17,13670031542154.47,5248348675418.70
2016-01-07,18887876761105.13,13634966776002.99,5252909985102.14
2016-01-08,18888640000429.69,13635120704335.12,5253519296094.57
2016-01-11,18891869602125.16,13634547255405.73,5257322346719.43
2016-01-12,18897682225587.89,13634464144154.11,5263218081433.78
2016-01-13,18955778615041.19,13634512503358.73,5321266111682.46
2016-01-14,18923558492862.95,13599643378868.76,5323915113994.19
2016-01-15,18934589767234.96,13604857512453.96,5329732254781.00
2016-01-19,18940640177236.59,13604762255405.85,5335877921830.74
2016-01-20,18941406899252.15,13605230659952.67,5336176239299.48
2016-01-21,18958837318233.62,13618066597558.58,5340770720675.04
2016-01-22,18961637973066.42,13618136618476.23,5343501354590.19
2016-01-25,18961968091511.19,13618253426312.79,5343714665198.40
2016-01-26,18968344511857.01,13619378881180.03,5348965630676.98
2016-01-27,18962589775045.41,13619208132785.04,5343381642260.37
2016-01-28,18989803014663.70,13642412570724.01,5347390443939.69
2016-01-29,19012827698417.93,13657155197715.49,5355672500702.44
2016-02-01,18975719827131.21,13653630057225.21,5322089769906.00
2016-02-02,18992299007716.94,13654222787946.98,5338076219769.96
2016-02-03,18975193925522.52,13653956489223.94,5321237436298.58
2016-02-04,18996686873180.04,13671782218330.37,5324904654849.67
2016-02-05,18996371521571.14,13671684875335.50,5324686646235.64
2016-02-08,19000235912585.65,13671178906023.67,5329057006561.98
2016-02-09,19005359240744.60,13671232160077.74,5334127080666.86
2016-02-10,18991325677268.42,13671218359914.17,5320107317354.25
2016-02-11,19016261934962.89,13694655697342.99,5321606237619.90
2016-02-12,19016524950018.52,13694790546876.44,5321734403142.08
2016-02-16,19030024473090.85,13701820560778.22,5328203912312.63
2016-02-17,19028997194318.47,13702339267283.23,5326657927035.24
2016-02-18,19047126605778.92,13720658078374.81,5326468527404.11
2016-02-19,19052403868282.85,13720729097544.08,5331674770738.77
2016-02-22,19053381143534.21,13720101519614.18,5333279623920.03
2016-02-23,19064879099682.52,13720282411468.74,5344596688213.78
2016-02-24,19054164528762.98,13720777763924.45,5333386764838.53
2016-02-25,19070657293114.53,13737072912714.09,5333584380400.44
2016-02-26,19080123823020.74,13750549019635.94,5329574803384.80
2016-02-29,19125455057425.80,13785189234310.03,5340265823115.77
2016-03-01,19090880799021.63,13783341136899.40,5307539662122.23
2016-03-02,19097521671148.84,13783164052201.82,5314357618947.02
2016-03-03,19093150844906.08,13793876317467.66,5299274527438.42
2016-03-04,19093496023754.46,13793877476968.26,5299618546786.20
2016-03-07,19097825627603.00,13794825373810.91,5303000253792.09
2016-03-08,19112876896495.00,13794796393618.38,5318080502876.62
2016-03-09,19100184217930.48,13795114157260.35,5305070060670.13
2016-03-10,19125325175994.32,13818925974888.58,5306399201105.74
2016-03-11,19124286688944.60,13818958324247.05,5305328364697.55
2016-03-14,19128719568343.76,13819745871572.94,5308973696770.82
2016-03-15,19161874528616.47,13844438377169.20,5317436151447.27
2016-03-16,19151399412549.77,13844765451215.03,5306633961334.74
2016-03-17,19188228962810.34,13872097560385.71,5316131402424.63
2016-03-18,19202994410080.31,13871715373933.77,5331279036146.54
2016-03-21,19205597413856.96,13871782006104.20,5333815407752.76
2016-03-22,19211342727724.78,13872009421931.58,5339333305793.20
2016-03-23,19200599665938.77,13872276441179.46,5328323224759.31
2016-03-24,19211664593324.31,13886696188689.00,5324968404635.31
2016-03-25,19214929969878.51,13886715760755.82,5328214209122.69
2016-03-28,19230095073592.91,13899569851514.06,5330525222078.85
2016-03-29,19235698467028.83,13900261820356.47,5335436646672.36
2016-03-30,19232950841710.63,13899646119102.65,5333304722607.98
2016-03-31,19264938619643.07,13924877638956.82,5340060980686.25
2016-04-01,19218516838306.52,13921673703892.95,5296843134413.57
2016-04-04,19228044093705.08,13922033791553.02,5306010302152.06
2016-04-05,19237067126145.04,13923114547255.61,5313952578889.43
2016-04-06,19238908031871.91,13923977279618.33,5314930752253.58
2016-04-07,19221206331589.08,13902918963337.50,5318287368251.58
2016-04-08,19223197501336.14,13903107629266.31,5320089872069.83
2016-04-11,19226226489207.18,13902453360206.34,5323773129000.84
2016-04-12,19234006195713.79,13903091705802.65,5330914489911.14
2016-04-13,19221297840432.89,13902493929894.77,5318803910538.12
2016-04-14,19203187186595.43,13881973672007.08,5321213514588.35
2016-04-15,19203643099493.25,13865458837943.97,5338184261549.28
2016-04-18,19208277938656.01,13865650276466.53,5342627662189.48
2016-04-19,19221832717891.35,13865811067577.70,5356021650313.65
2016-04-20,19215679607589.41,13868107646514.44,5347571961074.97
2016-04-21,19196769313019.68,13844262090045.92,5352507222973.76
2016-04-22,19198172774532.79,13844359336199.21,5353813438333.58
2016-04-25,19210345265252.22,13844294219855.90,5366051045396.32
2016-04-26,19218673186359.42,13844839299710.01,5373833886649.41
2016-04-27,19209405161325.67,13845665596589.54,5363739564736.13
2016-04-28,19186207744589.55,13824358558677.99,5361849185911.56
2016-04-29,19187387483983.37,13841194733299.04,5346192750684.33
2016-05-02,19170001895674.07,13831186086753.00,5338815808921.07
2016-05-03,19171815928698.82,13831649186160.54,5340166742538.28
2016-05-04,19186655441721.69,13832249482501.80,5354405959219.89
2016-05-05,19188102413248.81,13826922037351.38,5361180375897.43
2016-05-06,19190059553782.20,13827049077929.95,5363010475852.25
2016-05-09,19197497243132.16,13827271401286.52,5370225841845.64
2016-05-10,19204514007221.38,13828504187211.56,5376009820009.82
2016-05-11,19193401105901.94,13829327651951.17,5364073453950.77
2016-05-12,19200169433825.24,13832796757097.89,5367372676727.35
2016-05-13,19199894125074.04,13832771542260.87,5367122582813.17
2016-05-16,19206980431910.03,13835035097988.32,5371945333921.71
2016-05-17,19218044952594.27,13836047408670.43,5381997543923.84
2016-05-18,19206517044303.54,13836955706806.20,5369561337497.34
2016-05-19,19212451626242.62,13840100471987.98,5372351154254.64
2016-05-20,19209816164726.68,13840180848558.46,5369635316168.22
2016-05-23,19212492715543.24,13840721563957.81,5371771151585.43
2016-05-24,19223047535897.31,13841341118883.61,5381706417013.70
2016-05-25,19214128824849.92,13842104598265.32,5372024226584.60
2016-05-26,19216137840436.13,13842705623645.23,5373432216790.90
2016-05-27,19226417790338.55,13857303233304.40,5369114557034.15
2016-05-31,19265451572330.71,13886302639366.64,5379148932964.07
2016-06-01,19230634229069.55,13884271413600.06,5346362815469.49
2016-06-02,19229279536521.72,13879179733194.06,5350099803327.66
2016-06-03,19214514064181.20,13879563394668.94,5334950669512.26
2016-06-06,19220484557364.60,13881076487922.93,5339408069441.67
2016-06-07,19228398127636.98,13882389647822.63,5346008479814.35
2016-06-08,19230270048404.99,13882696862769.28,5347573185635.71
2016-06-09,19219465874275.48,13872590394995.13,5346875479280.35
2016-06-10,19218850296387.20,13872874580832.05,5345975715555.15
2016-06-13,19222275711902.53,13873341819170.75,5348933892731.78
2016-06-14,19230063635793.43,13874220888084.89,5355842747708.54
2016-06-15,19245574495391.72,13897065420512.81,5348509074878.91
2016-06-16,19248244178321.02,13893504442447.52,5354739735873.50
2016-06-17,19252984535317.64,13893769274914.75,5359215260402.89
2016-06-20,19256656157468.52,13894074623030.64,5362581534437.88
2016-06-21,19265744770778.65,13894846561608.64,5370898209170.01
2016-06-22,19252431295170.04,13895631577508.77,5356799717661.27
2016-06-23,19259812422016.47,13894409014830.66,5365403407185.81
2016-06-24,19277937823462.93,13907928859330.16,5370008964132.77
2016-06-27,19279322871098.41,13908843210989.37,5370479660109.04
2016-06-28,19284399792310.79,13909012385423.09,5375387406887.70
2016-06-29,19283325598353.52,13909292651119.25,5374032947234.27
2016-06-30,19381591140792.22,13932742716540.43,5448848424251.79
2016-07-01,19316931693227.11,13926087733606.91,5390843959620.20
2016-07-05,19327746021669.98,13927226195666.63,5400519826003.35
2016-07-06,19343541768823.97,13928111158819.55,5415430610004.42
2016-07-07,19360176741617.54,13943997925113.24,5416178816504.30
2016-07-08,19362032846861.90,13944032231761.83,5418000615100.07
2016-07-11,19366974554360.50,13944568567954.31,5422405986406.19
2016-07-12,19372930080447.35,13946038729573.82,5426891350873.53
2016-07-13,19361289088131.56,13946771662050.04,5414517426081.52
2016-07-14,19380590048237.64,13964143295474.84,5416446752762.80
2016-07-15,19386059979169.78,13967595692022.47,5418464287147.31
2016-07-18,19391094247028.26,13968266192239.85,5422828054788.41
2016-07-19,19402361890929.46,13968795835121.13,5433566055808.33
2016-07-20,19391704027667.12,13969332927969.84,5422371099697.28
2016-07-21,19400566867618.92,13974805286247.23,5425761581371.69
2016-07-22,19400333651023.48,13974919498763.57,5425414152259.91
2016-07-25,19407186678584.22,13975247201536.73,5431939477047.49
2016-07-26,19415128807132.94,13975894544370.14,5439234262762.80
2016-07-27,19402906386524.25,13976589446058.20,5426316940466.05
2016-07-28,19412286582301.91,13986166190456.24,5426120391845.67
2016-07-29,19427694579786.64,13998219609725.92,5429474970060.72
2016-08-01,19358707115589.00,13968476305648.08,5390230809940.92
2016-08-02,19374216793141.43,13969823326778.88,5404393466362.55
2016-08-03,19359342005838.40,13970207094318.46,5389134911519.94
2016-08-04,19379566441022.18,13986683206821.85,5392883234200.33
2016-08-05,19380142516035.42,13986844932465.79,5393297583569.63
2016-08-08,19385571696962.50,13987042213587.40,5398529483375.10
2016-08-09,19390746423154.18,13987508744204.79,5403237678949.39
2016-08-10,19377642119796.72,13987862462404.79,5389779657391.93
2016-08-11,19404383126105.06,14012831105933.15,5391552020171.91
2016-08-12,19403004579982.84,14012909909536.53,5390094670446.31
2016-08-15,19420158030582.00,14024110783052.61,5396047247529.39
2016-08-16,19428079384183.27,14024870957806.76,5403208426376.51
2016-08-17,19421791184792.65,14026423968194.02,5395367216598.63
2016-08-18,19445100633520.18,14047674908173.97,5397425725346.21
2016-08-19,19443266164413.41,14047725717202.02,5395540447211.39
2016-08-22,19446002493012.82,14048083035091.28,5397919457921.54
2016-08-23,19454944368305.99,14048514797360.74,5406429570945.25
2016-08-24,19442913162409.14,14049850823623.81,5393062338785.33
2016-08-25,19472203761101.76,14074662602379.91,5397541158721.85
2016-08-26,19483788594328.27,14087752772423.12,5396035821905.15
2016-08-29,19486203862406.11,14087948246835.23,5398255615570.88
2016-08-30,19492084009780.39,14088908634084.36,5403175375696.03
2016-08-31,19510296242765.66,14104113716888.75,5406182525876.91
2016-09-01,19481571141221.67,14109650363020.90,5371920778200.77
2016-09-02,19470383603813.73,14110181429589.28,5360202174224.45
2016-09-06,19473941446098.32,14109707852390.37,5364233593707.95
2016-09-07,19479491484659.13,14111278792640.16,5368212692018.97
2016-09-08,19482086271333.82,14112595306798.40,5369490964535.42
2016-09-09,19482694389006.50,14112568886679.61,5370125502326.89
2016-09-12,19484660626765.52,14111755978422.80,5372904648342.72
2016-09-13,19493291113807.77,14113612927226.45,5379678186581.32
2016-09-14,19480514004421.76,14113613459659.20,5366900544762.56
2016-09-15,19508241572025.55,14134189871715.58,5374051700309.97
2016-09-16,19510910825630.70,14134070557269.95,5376840268360.75
2016-09-19,19518125575008.41,14133906537110.20,5384219037898.21
2016-09-20,19524335895543.03,14134013581265.37,5390322314277.66
2016-09-21,19517456954252.41,14135524440618.49,5381932513633.92
2016-09-22,19519471076568.72,14133281357263.35,5386189719305.37
2016-09-23,19524762977719.62,14133690092042.80,5391072885676.82
2016-09-26,19529588502748.67,14133540381801.80,5396048120946.87
2016-09-27,19536854516281.71,14133914249908.12,5402940266373.59
2016-09-28,19519932367847.28,14134459589754.46,5385472778092.82
2016-09-29,19532890233853.17,14148919195185.48,5383971038667.69
2016-09-30,19573444713936.79,14173423516895.82,5400021197040.97
2016-10-03,19642949742561.51,14169562468883.59,5473387273677.92
2016-10-04,19659460647160.83,14170607259402.13,5488853387758.70
2016-10-05,19663411497797.40,14170897492757.91,5492514005039.49
2016-10-06,19688773606117.54,14191998688412.48,5496774917705.06
2016-10-07,19687424480959.14,14192019528044.50,5495404952914.64
2016-10-11,19694316597212.14,14191727340124.70,5502589257087.44
2016-10-12,19688681856198.07,14192469293335.61,5496212562862.46
2016-10-13,19720830822303.49,14225008508056.12,5495822314247.37
2016-10-14,19721618557803.77,14224929303468.67,5496689254335.10
2016-10-17,19755564017152.97,14250368582399.09,5505195434753.88
2016-10-18,19766580028249.41,14250776102656.20,5515803925593.21
2016-10-19,19754257061882.16,14251115177983.21,5503141883898.95
2016-10-20,19785585189878.12,14280302905411.90,5505282284466.22
2016-10-21,19786440755303.80,14280596088761.43,5505844666542.37
2016-10-24,19788020688520.53,14280600879535.61,5507419808984.92
2016-10-25,19808504852207.21,14281263358831.04,5527241493376.17
2016-10-26,19795497461281.62,14282026426872.79,5513471034408.83
2016-10-27,19824868242412.09,14310094761549.55,5514773480862.54
2016-10-28,19820509238591.49,14309982958438.22,5510526280153.27
2016-10-31,19805715214641.75,14286500538390.57,5519214676251.18
2016-11-01,19760054127045.83,14284843453012.60,5475210674033.23
2016-11-02,19769621678552.72,14287092579497.98,5482529099054.74
2016-11-03,19790136330003.19,14320172405570.40,5469963924432.79
2016-11-04,19790767232311.94,14321488687553.88,5469278544758.06
2016-11-07,19796589500776.08,14322368992722.54,5474220508053.54
2016-11-08,19806239858606.04,14323406201380.96,5482833657225.08
2016-11-09,19793697162303.82,14324109031573.47,5469588130730.35
2016-11-10,19840574291147.01,14371392856952.46,5469181434194.55
2016-11-14,19842173949869.58,14370898566705.93,5471275383163.65
2016-11-15,19867119032053.28,14371170566083.79,5495948465969.49
2016-11-16,19857827860685.61,14372638397082.72,5485189463602.89
2016-11-17,19897150970886.87,14406421117922.46,5490729852964.41
2016-11-18,19895970356079.03,14406543875848.20,5489426480230.83
2016-11-21,19899004081493.50,14406490862702.80,5492513218790.70
2016-11-22,19907540739514.52,14407162989714.94,5500377749799.58
2016-11-23,19897994347700.50,14407388206277.32,5490606141423.18
2016-11-25,19928118193162.55,14431144367664.73,5496973825497.82
2016-11-28,19929184161352.13,14431113155629.56,5498071005722.57
2016-11-29,19930698649977.45,14431428071395.58,5499270578581.87
2016-11-30,19948064697245.75,14443700147858.19,5504364549387.56
2016-12-01,19901545151126.51,14426957828535.53,5474587322590.98
2016-12-02,19881223023152.88,14424638938310.63,5456584084842.25
2016-12-05,19885572935868.37,14424537793530.47,5461035142337.90
2016-12-06,19892366528061.22,14425239059062.72,5467127468998.50
2016-12-07,19891173384830.04,14425439263432.22,5465734121397.82
2016-12-08,19877418396481.66,14407909129685.78,5469509266795.88
2016-12-09,19876373398959.37,14408013134960.76,5468360263998.61
2016-12-12,19878727122829.69,14407877626550.08,5470849496279.61
2016-12-13,19884323271403.23,14407841909496.49,5476481361906.74
2016-12-14,19871457952087.79,14408092406140.23,5463365545947.56
2016-12-15,19875320486024.59,14409959585673.04,5465360900351.55
2016-12-16,19876036342624.52,14409753863289.26,5466282479335.26
2016-12-19,19882663760136.69,14409250945481.66,5473412814655.03
2016-12-20,19889592850494.74,14409700513496.22,5479892336998.52
2016-12-21,19878280893331.72,14410280815369.15,5468000077962.57
2016-12-22,19877449679259.48,14406888441829.63,5470561237429.85
2016-12-23,19887188017177.11,14406979396410.11,5480208620767.00
2016-12-27,19890699605286.53,14406465216858.38,5484234388428.15
2016-12-28,19879389298528.93,14405852979844.42,5473536318684.51
2016-12-29,19879151754933.53,14407586835524.92,5471564919408.61
2016-12-30,19976826951047.80,14434841520928.37,5541985430119.43
2017-01-03,19935025589392.85,14433863346613.25,5501162242779.60
2017-01-04,19952414234340.71,14434184134456.60,5518230099884.11
2017-01-05,19948472988335.19,14428038035922.01,5520434952413.18
2017-01-06,19952808638850.59,14427907445498.86,5524901193351.73
2017-01-09,19955343885377.73,14428006472982.21,5527337412395.52
2017-01-10,19964268875957.61,14428296339850.48,5535972536107.13
2017-01-11,19951756200280.98,14428237129034.48,5523519071246.50
2017-01-12,19941807383847.05,14416901419767.10,5524905964079.95
2017-01-13,19940614376504.40,14416524945353.95,5524089431150.45
2017-01-17,19959954817351.65,14423556565883.12,5536398251468.53
2017-01-18,19961467137973.64,14423937840025.61,5537529297948.03
2017-01-19,19944429217106.77,14403768885198.20,5540660331908.57
2017-01-20,19947304555212.49,14403704176388.94,5543600378823.55
2017-01-23,19949678366998.00,14403351740088.47,5546326626909.53
2017-01-24,19958089555359.83,14403553860564.25,5554535694795.58
2017-01-25,19950603242667.53,14403832990025.55,5546770252641.98
2017-01-26,19939908790870.48,14387199090397.24,5552709700473.24
2017-01-27,19939019834828.89,14387267502732.51,5551752332096.38
2017-01-30,19939760263983.42,14387073315008.16,5552686948975.26
2017-01-31,19937261314503.29,14376138803534.81,5561122510968.48
2017-02-01,19900037472787.26,14376018549508.21,5524018923279.05
2017-02-02,19902827463569.10,14366132157960.80,5536695305608.30
2017-02-03,19885875150544.45,14365217667097.67,5520657483446.78
2017-02-06,19890330215216.52,14365258270382.27,5525071944834.25
2017-02-07,19895763669170.06,14365365821333.09,5530397847836.97
2017-02-08,19884606221456.19,14366065663550.10,5518540557906.09
2017-02-09,19922335630306.69,14402429500385.19,5519906129921.50
2017-02-10,19921065289061.68,14402525665272.86,5518539623788.82
2017-02-13,19924218517074.52,14402458044486.83,5521760472587.69
2017-02-14,19932679233716.16,14404012711812.97,5528666521903.19
2017-02-15,19937364595503.01,14417333314382.25,5520031281120.76
2017-02-16,19926581166878.36,14403392566439.40,5523188600438.96
2017-02-17,19932504874101.46,14403413744145.80,5529091129955.66
2017-02-21,19935316186835.78,14403610733597.23,5531705453238.55
2017-02-22,19935880851981.06,14404723995058.93,5531156856922.13
2017-02-23,19913901120188.15,14384082361381.86,5529818758806.29
2017-02-24,19930147891686.72,14396803784290.78,5533344107395.94
2017-02-27,19931228821002.78,14396788892014.20,5534439928988.58
2017-02-28,19959593604841.58,14411380938688.54,5548212666153.04
2017-03-01,19920418771289.27,14408362699940.62,5512056071348.65
2017-03-02,19894958569032.98,14373460119836.74,5521498449196.24
2017-03-03,19878476676904.64,14373224948688.41,5505251728216.23
2017-03-06,19883012984069.89,14373651850329.11,5509361133740.78
2017-03-07,19889862451192.35,14374138485372.61,5515723965819.74
2017-03-08,19879149018877.55,14374899634591.87,5504249384285.68
2017-03-09,19855676540211.34,14349788968701.19,5505887571510.15
2017-03-10,19853618720466.05,14349130368996.16,5504488351469.89
2017-03-13,19858033799549.96,14349636414694.80,5508397384855.16
2017-03-14,19902604401637.92,14384776077277.45,5517828324360.47
2017-03-15,19845811298014.03,14340716246080.94,5505095051933.09
2017-03-16,19846045559411.81,14363679289379.40,5482366270032.41
2017-03-17,19846009616285.34,14357102037200.53,5488907579084.81
2017-03-20,19845901777612.08,14355174465938.39,5490727311673.69
2017-03-21,19845865829114.05,14349928333763.56,5495937495350.49
2017-03-22,19845829879261.96,14362886120201.04,5482943759060.92
2017-03-23,19846049205261.81,14359345780600.20,5486703424661.61
2017-03-24,19846011928285.06,14360457683885.53,5485554244399.53
2017-03-27,19845900078837.07,14353360563586.92,5492539515250.15
2017-03-28,19845862796665.15,14347300479594.63,5498562317070.52
2017-03-29,19845825513137.10,14349734630200.93,5496090882936.17
2017-03-30,19846255248406.68,14348506968480.86,5497748279925.82
2017-03-31,19846420062676.87,14369681939302.91,5476738123373.96
2017-04-03,19846423785551.51,14379418282538.66,5467005503012.85
2017-04-04,19846142407188.85,14362461715977.51,5483680691211.34
2017-04-05,19846103311307.75,14362396997607.89,5483706313699.86
2017-04-06,19846326429133.82,14357828119755.52,5488498309378.30
2017-04-07,19846285707214.17,14358379294025.94,5487906413188.23
2017-04-10,19846163529210.99,14351473062572.57,5494690466638.42
2017-04-11,19846122820560.47,14343844236238.31,5502278584322.16
2017-04-12,19846082091559.77,14355665390586.46,5490416700973.31
2017-04-13,19846313677094.44,14353022352234.99,5493291324859.45
2017-04-14,19846272172776.67,14352103173495.88,5494168999280.79
2017-04-17,19846147684611.12,14330766160568.75,5515381524042.37
2017-04-18,19846106186190.44,14324046743134.43,5522059443056.01
2017-04-19,19846064686422.90,14323623827289.64,5522440859133.26
2017-04-20,19846293677437.80,14319510296937.08,5526783380500.72
2017-04-21,19846252141589.26,14316448297578.41,5529803844010.85
2017-04-24,19846127520117.48,14304727434255.00,5541400085862.48
2017-04-25,19846085978995.66,14294148093981.59,5551937885014.07
2017-04-26,19846044436483.65,14302205452495.14,5543838983988.51
2017-04-27,19846491745845.94,14297979002617.38,5548512743228.56
2017-04-28,19846129308635.72,14293344777463.61,5552784531172.11
2017-05-01,19846087305498.20,14323288296038.26,5522799009459.94
2017-05-02,19846045309192.19,14305283387282.09,5540761921910.10
2017-05-03,19846003311535.71,14318594693410.98,5527408618124.73
2017-05-04,19846238291542.59,14311633308614.24,5534604982928.35
2017-05-05,19846195521326.19,14311376945689.99,5534818575636.20
2017-05-08,19846067200822.73,14305061877082.93,5541005323739.80
2017-05-09,19846024425839.24,14299435294544.99,5546589131294.25
2017-05-10,19845981649507.99,14312904082096.46,5533077567411.53
2017-05-11,19846227292251.07,14310969938720.78,5535257353530.29
2017-05-12,19846183719855.51,14310534454246.45,5535649265609.06
2017-05-15,19846053011381.80,14306961280598.89,5539091730782.91
2017-05-16,19846009453270.76,14300695191344.14,5545314261926.62
2017-05-17,19845965893811.36,14309172224133.79,5536793669677.57
2017-05-18,19846211384209.15,14311291738645.75,5534919645563.40
2017-05-19,19846167124114.08,14313167095859.27,5533000028254.81
2017-05-22,19846034340301.91,14309116236183.17,5536918104118.74
2017-05-23,19845990076683.19,14301899119121.59,5544090957561.60
2017-05-24,19845945811714.33,14310454613226.92,5535491198487.41
2017-05-25,19846431364938.70,14310717895584.25,5535713469354.45
2017-05-26,19846386043286.45,14311671308879.32,5534714734407.13
2017-05-30,19846204744568.52,14312801559793.79,5533403184774.73
2017-05-31,19845941916894.67,14298976496221.59,5546965420673.08
2017-06-01,19846204620702.34,14328615932043.56,5517588688658.78
2017-06-02,19846157819438.37,14342786315926.62,5503371503511.75
2017-06-05,19846017411457.19,14337243673967.65,5508773737489.54
2017-06-06,19845970606481.70,14329360203171.01,5516610403310.69
2017-06-07,19845923800152.57,14329788638956.65,5516135161195.92
2017-06-08,19846178256583.33,14319152866986.73,5527025389596.60
2017-06-09,19846130655338.92,14318610148902.96,5527520506435.96
2017-06-12,19845987843632.60,14317140258384.63,5528847585247.97
2017-06-13,19845940165818.31,14310161582491.87,5535778583326.44
2017-06-14,19845892557867.52,14322550697917.05,5523341859950.47
2017-06-15,19846150150843.92,14314984967385.68,5531165183458.24
2017-06-16,19846102452852.32,14313434126568.61,5532668326283.71
2017-06-19,19845959348871.12,14305304199019.39,5540655149851.73
2017-06-20,19845911645535.41,14296913903538.28,5548997741997.13
2017-06-21,19845863940842.30,14307331533813.17,5538532407029.13
2017-06-22,19846371512623.16,14306623483151.17,5539748029471.99
2017-06-23,19846322940480.63,14306066164695.03,5540256775785.60
2017-06-26,19846177199258.34,14297090967426.01,5549086231832.33
2017-06-27,19846128623122.51,14292036016954.82,5554092606167.69
2017-06-28,19846080045627.47,14306866755383.15,5539213290244.32
2017-06-29,19846342893092.54,14307903159240.91,5538439733851.63
2017-06-30,19844554182651.33,14366186344565.70,5478367838085.63
2017-07-03,19844623881256.94,14377732162346.22,5466891718910.72
2017-07-05,19844525346312.34,14363321751422.49,5481203594889.85
2017-07-06,19844797176473.97,14362806936835.64,5481990239638.33
2017-07-07,19844746961071.55,14359968840515.11,5484778120556.44
2017-07-10,19844596307004.68,14358799042021.70,5485797264982.98
2017-07-11,19844546086266.82,14352258511505.05,5492287574761.77
2017-07-12,19844495864166.16,14364884958326.67,5479610905839.49
2017-07-13,19844765411285.25,14363442518675.95,5481322892609.30
2017-07-14,19844714185141.61,14364402489706.43,5480311695435.18
2017-07-17,19844560602117.52,14358888072664.52,5485672529453.00
2017-07-18,19844509405451.25,14347253370973.98,5497256034477.27
2017-07-19,19844458207438.56,14360485538680.47,5483972668758.09
2017-07-20,19844968852152.58,14357665909846.36,5487302942306.22
2017-07-21,19844916127427.14,14357122300739.78,5487793826687.36
2017-07-24,19844757951019.01,14354951912764.08,5489806038254.93
2017-07-25,19844705230729.01,14345435234979.05,5499269995749.96
2017-07-26,19844652509086.92,14355682166713.97,5488970342372.95
2017-07-27,19844938940351.37,14358389871592.54,5486549068758.83
2017-07-28,19844885019040.08,14375370231864.01,5469514787176.07
2017-07-31,19844908989217.09,14360944436689.72,5483964552527.37
2017-08-01,19844862920005.44,14393440219244.75,5451422700760.69
2017-08-02,19844808432656.75,14385610981667.42,5459197450989.33
2017-08-03,19845082603862.30,14398480541692.57,5446602062169.73
2017-08-04,19845027138435.45,14397065676211.26,5447961462224.19
2017-08-07,19844860734174.09,14394023898661.97,5450836835512.12
2017-08-08,19844805263383.88,14385877714057.05,5458927549326.83
2017-08-09,19844749791238.21,14399959755350.13,5444790035888.08
2017-08-10,19845021514944.16,14398550007057.28,5446471507886.88
2017-08-11,19844965149781.95,14401003833986.93,5443961315795.02
2017-08-14,19844796046741.63,14397795363378.02,5447000683363.61
2017-08-15,19844739708017.17,14387623664389.71,5457116043627.46
2017-08-16,19844683929063.46,14398781543011.79,5445902386051.67
2017-08-17,19845188460166.77,14393928425569.18,5451260034597.59
2017-08-18,19845131947038.07,14394276377882.40,5450855569155.67
2017-08-21,19844962412703.62,14391211068090.47,5453751344613.15
2017-08-22,19844905899360.43,14385378835100.31,5459527064260.12
2017-08-23,19844849384667.36,14396462390129.16,5448386994538.20
2017-08-24,19845100367124.09,14398771600092.09,5446328767032.00
2017-08-25,19845043703943.83,14397469719185.39,5447573984758.44
2017-08-28,19844873705820.43,14394393337425.27,5450480368395.16
2017-08-29,19844817037769.13,14388580918004.16,5456236119764.97
2017-08-30,19844760368365.93,14393272109801.02,5451488258564.91
2017-08-31,19844533441924.39,14381561995497.24,5462971446427.15
2017-09-01,19844621643528.62,14428250468926.45,5416371174602.17
2017-09-05,19844390249115.46,14418693678455.88,5425696570659.58
2017-09-06,19844332397358.53,14411300801153.53,5433031596205.00
2017-09-07,19844586961607.12,14410076163680.58,5434510797926.54
2017-09-08,20162176797904.13,14622661213046.99,5539515584857.14
2017-09-11,20165692741989.91,14624241429758.93,5541451312230.98
2017-09-12,20173505864062.25,14624438900751.01,5549066963311.24
2017-09-13,20160009329677.81,14624323575931.90,5535685753745.91
2017-09-14,20165466677134.71,14627258513577.20,5538208163557.51
2017-09-15,20153567885894.27,14611034425087.68,5542533460806.59
2017-09-18,20160428995120.04,14611842621457.12,5548586373662.92
2017-09-19,20173203847678.44,14613433326528.05,5559770521150.39
2017-09-20,20164808111509.90,14615129910868.64,5549678200641.26
2017-09-21,20179769858967.22,14628384646682.33,5551385212284.89
2017-09-22,20181984148961.74,14630331480226.74,5551652668735.00
2017-09-25,20190193324915.90,14630071008794.37,5560122316121.53
2017-09-26,20200728540248.27,14632474734832.72,5568253805415.55
2017-09-27,20188949439233.63,14632295977672.22,5556653461561.41
2017-09-28,20203668853807.76,14649194898519.78,5554473955287.98
2017-09-29,20244900016053.51,14673428663140.94,5571471352912.57
2017-10-02,20347802336477.80,14679489825137.65,5668312511340.15
2017-10-03,20343751188107.81,14678605049125.80,5665146138982.01
2017-10-04,20346648181637.91,14678619924422.85,5668028257215.06
2017-10-05,20371173402452.23,14699886899813.05,5671286502639.18
2017-10-06,20373231412162.96,14702051155625.84,5671180256537.12
2017-10-10,20383171480978.80,14702512422837.40,5680659058141.40
2017-10-11,20375497503910.59,14703235756668.05,5672261747242.54
2017-10-12,20382178657059.56,14709162273815.65,5673016383243.91
2017-10-13,20384194022196.04,14709006397087.96,5675187625108.08
2017-10-16,20422972363114.29,14739245430435.61,5683726932678.68
2017-10-17,20433393699689.36,14739562952258.94,5693830747430.42
2017-10-18,20423370425348.89,14739697415648.19,5683673009700.70
2017-10-19,20433416014983.44,14751485824572.24,5681930190411.20
2017-10-20,20432034265111.78,14751548923140.46,5680485341971.32
2017-10-23,20435639346821.03,14751842197140.46,5683797149680.57
2017-10-24,20443455421241.51,14752220482289.41,5691234938952.10
2017-10-25,20439686602058.66,14752404082815.06,5687282519243.60
2017-10-26,20453245142792.62,14770807412108.47,5682437730684.15
2017-10-27,20454137488012.65,14771761981329.47,5682375506683.18
2017-10-30,20453368882109.34,14772105054082.36,5681263828026.98
2017-10-31,20442473549889.39,14751446096800.09,5691027453089.30
2017-11-01,20453288033638.83,14799846092284.06,5653441941354.77
2017-11-02,20484949588327.36,14821642013459.12,5663307574868.24
2017-11-03,20469010197347.96,14821576459075.11,5647433738272.85
2017-11-06,20474850038554.54,14822172493990.24,5652677544564.30
2017-11-07,20482255904624.36,14823047871224.46,5659208033399.90
2017-11-08,20472055576918.71,14823147147125.58,5648908429793.13
2017-11-09,20496092622812.53,14844966680594.30,5651125942218.23
2017-11-10,20467375664755.32,14844847254488.20,5622528410267.12
2017-11-13,20497883954505.37,14845405544955.47,5652478409549.90
2017-11-14,20503586293308.37,14845581756782.57,5658004536525.80
2017-11-15,20507345683038.68,14860504463573.10,5646841219465.58
2017-11-16,20529210216668.85,14878274733915.74,5650935482753.11
2017-11-17,20534019362990.57,14879382020564.05,5654637342426.52
2017-11-20,20538363384975.76,14879996080226.06,5658367304749.70
2017-11-21,20546926554467.78,14881051281288.87,5665875273178.91
2017-11-22,20533379940805.47,14881227677647.08,5652152263158.39
2017-11-24,20557279072690.55,14900676192116.56,5656602880573.99
2017-11-27,20563678566454.32,14901318823430.05,5662359743024.27
2017-11-28,20567936964198.06,14902207939416.99,5665729024781.07
2017-11-29,20564167371736.70,14902566209169.93,5661601162566.77
2017-11-30,20590391942312.26,14918713237390.02,5671678704922.24
2017-12-01,20531846220213.62,14914017544075.96,5617828676137.66
2017-12-04,20540360356857.05,14914001967724.12,5626358389132.93
2017-12-05,20546623579203.52,14913709643612.75,5632913935590.77
2017-12-06,20546441840672.42,14913765477253.30,5632676363419.12
2017-12-07,20541101511244.25,14905960878769.59,5635140632474.66
2017-12-08,20492887195569.14,14864901290186.69,5627985905382.45
2017-12-11,20492677740169.28,14864791729195.87,5627886010973.41
2017-12-12,20492607932866.63,14864589132682.79,5628018800183.84
2017-12-13,20487502503616.26,14865185323828.93,5622317179787.33
2017-12-14,20492949732212.36,14875266962033.88,5617682770178.48
2017-12-15,20492878719927.31,14876465319221.51,5616413400705.80
2017-12-18,20492665673399.91,14871115134574.13,5621550538825.78
2017-12-19,20492594576868.17,14859375221697.58,5633219355170.59
2017-12-20,20492523558087.55,14872404179962.78,5620119378124.77
2017-12-21,20492946882116.34,14874300693417.93,5618646188698.41
2017-12-22,20492874492282.58,14867653982349.78,5625220509932.80
2017-12-26,20492584911300.31,14861711360306.43,5630873550993.88
2017-12-27,20492512514851.00,14862808365456.60,5629704149394.40
2017-12-28,20492954574011.86,14868636178621.04,5624318395390.82
2017-12-29,20492746546193.75,14814721127803.77,5678025418389.98
2018-01-02,20492598761860.61,14832791508804.58,5659807253056.03
2018-01-03,20492526045598.18,14830821875020.65,5661704170577.53
2018-01-04,20493371220438.59,14829337499091.95,5664033721346.64
2018-01-05,20493295888804.95,14825245220953.68,5668050667851.27
2018-01-08,20493069880245.37,14822328754573.94,5670741125671.43
2018-01-09,20492994543246.08,14814465039163.88,5678529504082.20
2018-01-10,20492919204874.46,14827221796500.48,5665697408373.98
2018-01-11,20493401574964.07,14825224222475.65,5668177352488.42
2018-01-12,20493324536905.96,14825672834831.30,5667651702074.66
2018-01-16,20493016378414.12,14813999132114.82,5679017246299.30
2018-01-17,20492939320324.04,14812558278590.67,5680381041733.37
2018-01-18,20493420765319.99,14816444600791.45,5676976164528.54
2018-01-19,20493342622878.63,14813369408285.16,5679973214593.47
2018-01-22,20493108144643.13,14810806301617.72,5682301843025.41
2018-01-23,20493029991624.76,14802828641713.67,5690201349911.09
2018-01-24,20492951837215.06,14814662992793.42,5678288844421.64
2018-01-25,20493423423807.19,14805838434927.69,5687584988879.50
2018-01-26,20493344333189.55,14807511435613.17,5685832897576.38
2018-01-29,20493107046026.84,14806706033461.15,5686401012565.69
2018-01-30,20493027951424.22,14802029321616.22,5690998629808.00
2018-01-31,20493729921939.72,14803169732410.16,5690560189529.56
2018-02-01,20494566890206.07,14836157468843.40,5658409421362.67
2018-02-02,20494486445042.85,14840770479944.57,5653715965098.28
2018-02-05,20494245400584.32,14835522073981.73,5658723326602.59
2018-02-06,20494165051604.50,14828789437986.14,5665375613618.36
2018-02-07,20494084701228.73,14828998363221.32,5665086338007.41
2018-02-08,20494637976880.62,14824326747989.38,5670311228891.24
2018-02-09,20669079408408.12,14981023162801.12,5688056245607.00
2018-02-12,20673916370594.86,14982037239613.26,5691879130981.60
2018-02-13,20681825802445.42,14982497795737.89,5699328006707.53
2018-02-14,20669606301184.90,14984392864937.32,5685213436247.58
2018-02-15,20710203610249.74,15018135646693.34,5692067963556.40
2018-02-16,20760158076330.68,15067669907305.63,5692488169025.05
2018-02-20,20769498460581.94,15068459260605.44,5701039199976.50
2018-02-21,20763473664583.21,15068301864620.73,5695171799962.48
2018-02-22,20804998625487.55,15110482929984.67,5694515695502.88
2018-02-23,20820865274109.09,15125266413158.17,5695598860950.92
2018-02-26,20828957756485.62,15126091134846.28,5702866621639.34
2018-02-27,20838188918432.14,15127327928607.23,5710860989824.91
2018-02-28,20855671542905.95,15150589235512.83,5705082307393.12
2018-03-01,20874435529527.56,15206808829608.28,5667626699919.28
2018-03-02,20867726890754.58,15207675011661.06,5660051879093.52
2018-03-05,20872756577561.62,15208405967711.00,5664350609850.62
2018-03-06,20878815095126.54,15208803986989.88,5670011108136.66
2018-03-07,20879868237922.03,15209278050307.27,5670590187614.76
2018-03-08,20957314831621.48,15282833768576.52,5674481063044.96
2018-03-09,20957037099272.42,15283143110463.34,5673893988809.08
2018-03-12,20962217016816.16,15284841397164.91,5677375619651.25
2018-03-13,20972809767485.34,15285267594523.09,5687542172962.25
2018-03-14,20958230936189.63,15285211732275.09,5673019203914.54
2018-03-15,21031067004766.25,15356367776113.95,5674699228652.30
2018-03-16,21034109394094.77,15357470261453.12,5676639132641.65
2018-03-19,21044423366830.66,15358184981435.08,5686238385395.58
2018-03-20,21050409012718.72,15358774462932.23,5691634549786.49
2018-03-21,21032685133173.23,15359114729978.59,5673570403194.64
2018-03-22,21065155853968.88,15389237897601.57,5675917956367.31
2018-03-23,21068911163715.00,15389677444847.01,5679233718867.99
2018-03-26,21078004295231.99,15390217086112.81,5687787209119.18
2018-03-27,21085008958072.43,15390843839115.40,5694165118957.03
2018-03-28,21071123981792.35,15391333188300.65,5679790793491.70
2018-03-29,21113576555836.45,15428254601550.10,5685321954286.35
2018-03-30,21089642954195.85,15428010045518.83,5661632908677.02
2018-04-02,21119428167134.32,15457245026801.38,5662183140332.94
2018-04-03,21117036563374.48,15458246704805.32,5658789858569.16
2018-04-04,21118181678650.67,15458648483778.93,5659533194871.74
2018-04-05,21120516214632.52,15456579589403.90,5663936625228.62
2018-04-06,21120328488282.31,15456890388302.00,5663438099980.31
2018-04-09,21126975459212.66,15457541524162.47,5669433935050.19
2018-04-10,21134791585045.75,15457815316605.78,5676976268439.97
2018-04-11,21121833941447.86,15457761371722.06,5664072569725.80
2018-04-12,21062482347576.05,15396109712391.53,5666372635184.52
2018-04-13,21063430153271.02,15396372854511.25,5667057298759.77
2018-04-16,21070966420897.65,15382519365712.58,5688447055185.07
2018-04-17,21078301250985.42,15382829721962.65,5695471529022.77
2018-04-18,21079825622461.71,15383525794902.60,5696299827559.11
2018-04-19,21035490499062.02,15341717338928.25,5693773160133.77
2018-04-20,21038689089288.52,15341934608555.27,5696754480733.25
2018-04-23,21043317739890.61,15341604906024.08,5701712833866.53
2018-04-24,21062394007499.15,15341956513722.33,5720437493776.82
2018-04-25,21059600102296.72,15343166694572.03,5716433407724.69
2018-04-26,21055498294426.90,15335203460011.52,5720294834415.38
2018-04-27,21053362097750.15,15335311552244.69,5718050545505.46
2018-04-30,21068200197433.39,15335128360141.59,5733071837291.80
2018-05-01,21030629980055.97,15333841267986.47,5696788712069.50
2018-05-02,21045329035471.85,15333904680989.11,5711424354482.74
2018-05-03,21033707724786.27,15331188299570.49,5702519425215.78
2018-05-04,21037962909322.34,15331483065177.68,5706479844144.66
2018-05-07,21044166639576.73,15332140579833.99,5712026059742.74
2018-05-08,21054765494439.73,15333103857455.40,5721661636984.33
2018-05-09,21041008612752.39,15333538439277.22,5707470173475.17
2018-05-10,21050822593901.63,15340545306320.27,5710277287581.36
2018-05-11,21050639712224.13,15340882566316.37,5709757145907.76
2018-05-14,21054333351581.17,15341597388589.64,5712735962991.53
2018-05-15,21085763264509.00,15365492662887.04,5720270601621.96
2018-05-16,21073973527665.04,15365901408525.02,5708072119140.02
2018-05-17,21080911541301.81,15372037003890.66,5708874537411.15
2018-05-18,21080657571615.85,15372216324852.68,5708441246763.17
2018-05-21,21085944732707.85,15372445671093.83,5713499061614.02
2018-05-22,21094646382036.53,15372575574992.69,5722070807043.84
2018-05-23,21082960914217.14,15372610113506.17,5710350800710.97
2018-05-24,21086523104703.44,15381628979338.11,5704894125365.33
2018-05-25,21100147496907.13,15397587847773.78,5702559649133.35
2018-05-29,21103081230154.62,15398397888265.23,5704683341889.39
2018-05-30,21105716687008.42,15398772154071.18,5706944532937.24
2018-05-31,21145215185726.27,15426913434471.75,5718301751254.52
2018-06-01,21083101841090.82,15424755242677.00,5658346598413.82
2018-06-04,21090788185039.90,15425286518774.78,5665501666265.12
2018-06-05,21101359553390.92,15425827743823.57,5675531809567.35
2018-06-06,21102352873994.41,15425885426743.22,5676467447251.19
2018-06-07,21100104747917.42,15419090263839.35,5681014484078.07
2018-06-08,21089120186022.95,15419575371855.33,5669544814167.62
2018-06-11,21092939472262.30,15420109283609.04,5672830188653.26
2018-06-12,21099489928692.23,15420381069951.78,5679108858740.45
2018-06-13,21086796728063.70,15420891746855.51,5665904981208.19
2018-06-14,21080800469062.53,15411279777643.93,5669520691418.60
2018-06-15,21123860003777.00,15452782944214.64,5671077059562.36
2018-06-18,21131552165121.66,15453290390614.64,5678261774507.02
2018-06-19,21145776248815.35,15453853338440.76,5691922910374.59
2018-06-20,21134210723405.84,15453996649404.43,5680214074001.41
2018-06-21,21130804062854.82,15450298737509.93,5680505325344.89
2018-06-22,21130600883846.19,15449506168261.43,5681094715584.76
2018-06-25,21140053677467.79,15449788829355.28,5690264848112.51
2018-06-26,21149679487479.03,15450003820829.99,5699675666649.04
2018-06-27,21132466998348.70,15449872082325.55,5682594916023.15
2018-06-28,21128999819421.29,15445344838811.38,5683654980609.91
2018-06-29,21195069635322.81,15466564313316.59,5728505322006.22
2018-07-02,21206269833983.27,15478025973800.28,5728243860182.99
2018-07-03,21200946191836.57,15479809288773.33,5721136903063.24
2018-07-05,21202772898489.06,15480335133615.97,5722437764873.09
2018-07-06,21205959245607.94,15480348690775.16,5725610554832.78
2018-07-09,21208118414223.52,15481266285833.27,5726852128390.25
2018-07-10,21216401150637.29,15481784545311.01,5734616605326.28
2018-07-11,21207800900961.24,15482229910418.34,5725570990542.90
2018-07-12,21211173172828.90,15483825394034.71,5727347778794.19
2018-07-13,21210749709985.38,15484166924361.90,5726582785623.48
2018-07-16,21243372844071.82,15512046919636.02,5731325924435.80
2018-07-17,21255414486483.41,15512500347731.11,5742914138752.30
2018-07-18,21240863782088.95,15512748584872.01,5728115197216.94
2018-07-19,21259998398094.92,15535663966290.66,5724334431804.26
2018-07-20,21260651850117.75,15535879115989.86,5724772734127.89
2018-07-23,21263807944392.77,15536461354753.53,5727346589639.24
2018-07-24,21271247800540.01,15536640027940.81,5734607772599.20
2018-07-25,21265465085278.12,15538268632355.25,5727196452922.87
2018-07-26,21298625513846.47,15565709540458.06,5732915973388.41
2018-07-27,21298529758160.39,15565835238260.36,5732694519900.03
2018-07-30,21299336900639.99,15566249059692.69,5733087840947.30
2018-07-31,21313061060202.36,15569493125391.06,5743567934811.30
2018-08-01,21264843695121.88,15566616303580.77,5698227391541.11
2018-08-02,21313281480972.70,15603785459719.54,5709496021253.16
2018-08-03,21299885021440.17,15603529858901.33,5696355162538.84
2018-08-06,21305396357131.22,15603767379478.33,5701628977652.89
2018-08-07,21309935887061.00,15603813170007.85,5706122717053.15
2018-08-08,21298611652099.77,15604133297699.72,5694478354400.05
2018-08-09,21342180438050.36,15645895970967.24,5696284467083.12
2018-08-10,21340305860713.26,15645938133938.85,5694367726774.41
2018-08-13,21345092516711.61,15647722916074.19,5697369600637.42
2018-08-14,21351570155673.96,15647844389253.73,5703725766420.23
2018-08-15,21372335862718.26,15673102568890.70,5699233293827.56
2018-08-16,21407198924328.46,15709902523901.14,5697296400427.32
2018-08-17,21411381995917.67,15709394160830.51,5701987835087.16
2018-08-20,21413596733315.34,15709290599127.17,5704306134188.17
2018-08-21,21419489702413.26,15709668196755.19,5709821505658.07
2018-08-22,21406769129269.27,15710916490774.11,5695852638495.16
2018-08-23,21427964691382.19,15729790225795.17,5698174465587.02
2018-08-24,21427915886083.86,15728711190338.12,5699204695745.74
2018-08-27,21434509795753.30,15728682728474.30,5705827067279.00
2018-08-28,21441778054853.24,15729416547573.57,5712361507279.67
2018-08-29,21439418968321.48,15729402444459.44,5710016523862.04
2018-08-30,21442467655114.31,15733949377988.37,5708518277125.94
2018-08-31,21458849674105.03,15785389142392.19,5673460531712.84
2018-09-04,21455349744287.30,15784224420723.73,5671125323563.57
2018-09-05,21471068566864.17,15784640443924.65,5686428122939.52
2018-09-06,21454589882352.10,15766687580863.66,5687902301488.44
2018-09-07,21456483108262.84,15766469303541.80,5690013804721.04
2018-09-10,21459790397306.67,15766124319572.62,5693666077734.05
2018-09-11,21466240223764.98,15765919908647.53,5700320315117.45
2018-09-12,21450777638517.61,15764643670319.71,5686133968197.90
2018-09-13,21432542252109.45,15743158194716.41,5689384057393.04
2018-09-14,21432243515559.68,15743000280989.59,5689243234570.09
2018-09-17,21490885696294.14,15791990035112.85,5698895661181.29
2018-09-18,21499171612329.23,15793118193325.11,5706053419004.12
2018-09-19,21494298981877.34,15793043986475.03,5701254995402.31
2018-09-20,21467468522886.37,15760417329521.12,5707051193365.25
2018-09-21,21466736176134.46,15761069405045.17,5705666771089.29
2018-09-24,21475519434473.53,15761155977944.00,5714363456529.53
2018-09-25,21482774907893.49,15761483505663.41,5721291402230.08
2018-09-26,21471059693409.20,15761091412843.05,5709968280566.15
2018-09-27,21431887134696.46,15732905321143.44,5698981813553.02
2018-09-28,21516058183180.23,15761154524132.45,5754903659047.78
2018-10-01,21606948383546.28,15771323483176.73,5835624900369.55
2018-10-02,21618812057150.71,15771880350593.91,5846931706556.80
2018-10-03,21605363414469.16,15771616169602.68,5833747244866.48
2018-10-04,21599377345082.36,15757097388254.30,5842279956828.06
2018-10-05,21599293061786.97,15756716707940.54,5842576353846.43
2018-10-09,21602285916278.38,15756516575709.51,5845769340568.87
2018-10-10,21594438319301.65,15757049312093.23,5837389007208.42
2018-10-11,21590013434727.39,15758217686596.07,5831795748131.32
2018-10-12,21597941304882.14,15758680611978.07,5839260692904.07
2018-10-15,21654150409486.39,15808042797177.88,5846107612308.51
2018-10-16,21661717322449.45,15808169762613.25,5853547559836.20
2018-10-17,21653793061650.80,15809608630056.09,5844184431594.71
2018-10-18,21672453590238.12,15825099760429.78,5847353829808.34
2018-10-19,21671476474549.22,15825176112961.61,5846300361587.61
2018-10-22,21674683713625.99,15824963456613.58,5849720257012.41
2018-10-23,21682446587870.73,15825728864647.49,5856717723223.24
2018-10-24,21671062290012.80,15826071390358.14,5844990899654.66
2018-10-25,21695750095091.45,15845223164100.09,5850526930991.36
2018-10-26,21694906926249.19,15845407035413.31,5849499890835.88
2018-10-29,21697502722082.55,15846152253420.64,5851350468661.91
2018-10-30,21699981385978.17,15846671798134.71,5853309587843.46
2018-10-31,21702369768174.47,15843329310589.99,5859040457584.48
2018-11-01,21683971652591.44,15863691547151.99,5820280105439.45
2018-11-02,21676608763810.66,15864355924377.35,5812252839433.31
2018-11-05,21682375718173.25,15864379390552.80,5817996327620.45
2018-11-06,21691245489008.61,15865072274285.08,5826173214723.53
2018-11-07,21690440697756.73,15864851666065.46,5825589031691.27
2018-11-08,21733425227728.46,15901257129970.64,5832168097757.82
2018-11-09,21732569650931.19,15901215846182.69,5831353804748.50
2018-11-13,21734201829935.66,15901577706655.06,5832624123280.60
2018-11-14,21725713263679.99,15901856845481.50,5823856418198.49
2018-11-15,21763815767800.21,15941677510341.56,5822138257458.65
2018-11-16,21766361664768.69,15941836964145.20,5824524700623.49
2018-11-19,21772154155056.20,15940718638259.48,5831435516796.72
2018-11-20,21782702247862.12,15941577361994.05,5841124885868.07
2018-11-21,21769263916844.09,15941660193707.84,5827603723136.25
2018-11-23,21802839722859.62,15966784379234.49,5836055343625.13
2018-11-26,21811396160621.93,15968041750406.23,5843354410215.70
2018-11-27,21816375589157.53,15968149960060.86,5848225629096.67
2018-11-28,21801924124576.84,15968009430662.41,5833914693914.43
2018-11-29,21818103811690.47,15985401821876.93,5832701989813.54
2018-11-30,21850093880675.80,16044318195178.80,5805775685497.00
2018-12-03,21824097352309.98,16041954578605.09,5782142773704.89
2018-12-04,21836687236972.05,16041645512514.40,5795041724457.65
2018-12-05,21839046215674.56,16041798103871.49,5797248111803.07
2018-12-06,21851519415475.75,16052954961410.62,5798564454065.13
2018-12-07,21850844847464.58,16053049927837.61,5797794919626.97
2018-12-10,21854296172540.94,16053118004057.20,5801178168483.74
2018-12-11,21849744563858.24,16048689240641.00,5801055323217.24
2018-12-12,21836655970708.04,16048945841724.76,5787710128983.28
2018-12-13,21823094510705.58,16033637518538.32,5789456992167.26
2018-12-14,21820936961476.66,16033761180548.83,5787175780927.83
2018-12-17,21876674953142.67,16086439155714.33,5790235797428.34
2018-12-18,21885501490485.79,16082126126498.86,5803375363986.93
2018-12-19,21873194423164.45,16082361051525.41,5790833371639.04
2018-12-20,21863635176724.12,16068046410932.01,5795588765792.11
2018-12-21,21868943731576.67,16068448569055.12,5800495162521.55
2018-12-24,21862540831594.79,16069486830335.69,5793054001259.10
2018-12-26,21861315992472.00,16064377386179.82,5796938606292.18
2018-12-27,21845329154412.01,16050098173366.26,5795230981045.75
2018-12-28,21867322638334.45,16068571327075.85,5798751311258.60
2018-12-31,21974095705790.55,16101666500481.68,5872429205308.87
2019-01-02,21943897507129.68,16099394138446.57,5844503368683.11
2019-01-03,21929258046653.58,16089741562651.94,5839516484001.64
2019-01-04,21931966199373.94,16089616354639.65,5842349844734.29
2019-01-07,21935478484527.11,16089278704356.53,5846199780170.58
2019-01-08,21941436879693.69,16089594108500.79,5851842771192.90
2019-01-09,21930194582386.14,16090155376452.81,5840039205933.33
2019-01-10,21917603881288.34,16075112310239.88,5842491571048.46
2019-01-11,21917159310974.58,16074862934938.64,5842296376035.94
2019-01-14,21919993773556.77,16074286709142.08,5845707064414.69
2019-01-15,21969969573018.07,16108759021618.66,5861210551399.41
2019-01-16,21960411284948.15,16109322798991.54,5851088485956.61
2019-01-17,21954771806120.41,16094254762729.43,5860517043390.98
2019-01-18,21954898759285.36,16094081724231.95,5860817035053.41
2019-01-22,21953160110078.25,16093082683296.82,5860077426781.43
2019-01-23,21947795866492.78,16093085371606.53,5854710494886.25
2019-01-24,21941258881102.69,16084129360530.97,5857129520571.72
2019-01-25,21950249913408.50,16084126356100.47,5866123557308.03
2019-01-28,21955074791078.53,16083264131960.29,5871810659118.24
2019-01-29,21973331001422.70,16093235292273.68,5880095709149.02
2019-01-30,21968157827920.13,16093081796786.13,5875076031134.00
2019-01-31,21982423036475.23,16101226791887.87,5881196244587.36
2019-02-01,21921630334906.20,16099195761574.90,5822434573331.30
2019-02-04,21933491166604.77,16098401938654.84,5835089227949.93
2019-02-05,21957295730198.83,16113411511507.07,5843884218691.76
2019-02-06,21957560953101.45,16113385065287.29,5844175887814.16
2019-02-07,21955061924930.72,16107965218290.06,5847096706640.66
2019-02-08,21957707162297.58,16107884459309.53,5849822702988.05
2019-02-11,22012840891685.32,16157240020401.40,5855600871283.92
2019-02-12,22035768149459.89,16172213721069.82,5863554428390.07
2019-02-13,22020113259723.01,16171729243243.29,5848384016479.72
2019-02-14,22015608446497.27,16165843663662.34,5849764782834.93
2019-02-15,22025547947478.37,16171035270138.29,5854512677340.08
2019-02-19,22040666955080.47,16185653238798.50,5855013716281.97
2019-02-20,22039763197239.24,16186326651098.56,5853436546140.68
2019-02-21,22039289882625.87,16183759171869.69,5855530710756.18
2019-02-22,22063557299600.16,16201577219408.92,5861980080191.24
2019-02-25,22067095964458.39,16200951332736.31,5866144631722.08
2019-02-26,22089959800922.00,16212363527329.47,5877596273592.53
2019-02-27,22074317868857.95,16211944636922.25,5862373231935.70
2019-02-28,22115526445599.07,16250898044728.34,5864628400870.73
2019-03-01,22028945980301.65,16221749401198.23,5807196579103.42
2019-03-04,22028447125652.23,16222052344948.56,5806394780703.67
2019-03-05,22028524548385.66,16222451778062.35,5806072770323.31
2019-03-06,22028357199655.04,16222050679017.62,5806306520637.42
2019-03-07,22029051549002.87,16220220884752.42,5808830664250.45
2019-03-08,22028881490539.35,16219553075496.25,5809328415043.10
2019-03-11,22028371305809.44,16215316709386.78,5813054596422.66
2019-03-12,22028444133429.20,16203831827627.46,5824612305801.74
2019-03-13,22028273031640.25,16219378552868.28,5808894478771.97
2019-03-14,22028877815332.49,16217120166414.15,5811757648918.34
2019-03-15,22028706063174.96,16218563037553.50,5810143025621.46
2019-03-18,22028190803484.94,16213853688297.72,5814337115187.22
2019-03-19,22028262639972.93,16201738970858.32,5826523669114.61
2019-03-20,22028089812176.34,16216193637711.23,5811896174465.11
2019-03-21,22028692383333.10,16212163556778.11,5816528826554.99
2019-03-22,22028518927886.87,16211811079841.81,5816707848045.06
2019-03-25,22027998543525.24,16198798980110.57,5829199563414.67
2019-03-26,22028072102351.20,16192696863788.91,5835375238562.29
2019-03-27,22027897795377.42,16208783119587.78,5819114675789.64
2019-03-28,22029112480741.88,16241176637435.61,5787935843306.27
2019-03-29,22027880157027.99,16204392002372.97,5823488154655.02
2019-04-01,22027704987724.49,16230093228645.41,5797611759079.08
2019-04-02,22027579108932.54,16228710267266.42,5798868841666.12
2019-04-04,22028147661589.79,16225463575610.86,5802684085978.93
2019-04-05,22027973012982.34,16224242279839.62,5803730733142.72
2019-04-08,22027449134390.73,16217448195590.20,5810000938800.53
2019-04-09,22027496999035.60,16209945774334.55,5817551224701.05
2019-04-10,22027323060789.03,16224285153442.49,5803037907346.54
2019-04-11,22027837127788.04,16220451062975.04,5807386064813.00
2019-04-12,22027664941778.85,16219233320909.82,5808431620869.03
2019-04-15,22027148377103.51,16198884759922.81,5828263617180.70
2019-04-16,22027197885173.36,16187884775531.92,5839313109641.44
2019-04-17,22027026475248.40,16194644834727.50,5832381640520.90
2019-04-18,22027542672770.63,16187505143961.04,5840037528809.59
2019-04-19,22027373329054.47,16185899632704.08,5841473696350.39
2019-04-22,22026865292117.75,16179171534606.47,5847693757511.28
2019-04-23,22026919403453.14,16164505978676.74,5862413424776.40
2019-04-24,22026750845632.11,16169442413839.39,5857308431792.72
2019-04-25,22027894379236.04,16168871716889.89,5859022662346.15
2019-04-26,22027725902609.90,16168424448179.69,5859301454430.21
2019-04-29,22027220511577.98,16167603157398.99,5859617354178.99
2019-04-30,22027668200019.47,16192789476576.03,5834878723443.44
2019-05-01,22027499772496.57,16200427108406.33,5827072664090.24
2019-05-02,22028002290150.87,16184529368527.07,5843472921623.80
2019-05-03,22027834270147.16,16197140195969.10,5830694074178.06
2019-05-06,22027330249714.53,16187342733017.79,5839987516696.74
2019-05-07,22027434332952.25,16179686204183.90,5847748128768.35
2019-05-08,22027265000437.08,16192135944859.75,5835129055577.33
2019-05-09,22027763492693.17,16189383305579.42,5838380187113.75
2019-05-10,22027594778503.72,16190147557701.02,5837447220802.70
2019-05-13,22027088803760.18,16186329486594.77,5840759317165.41
2019-05-14,22027142477788.08,16180902605342.64,5846239872445.44
2019-05-15,22026973836645.55,16194202614005.68,5832771222639.87
2019-05-16,22027466173302.66,16190629626492.13,5836836546810.53
2019-05-17,22027298281442.30,16187191251086.57,5840107030355.73
2019-05-20,22026794607778.78,16183132491559.86,5843662116218.92
2019-05-21,22026846898345.44,16175713760497.24,5851133137848.20
2019-05-22,22026679116252.14,16190381946850.90,5836297169401.24
2019-05-23,22027749066883.72,16193863476376.73,5833885590506.99
2019-05-24,22027582043284.14,16189012209342.99,5838569833941.15
2019-05-28,22027122548264.26,16187508622132.60,5839613926131.66
2019-05-29,22026955988128.91,16181758266402.76,5845197721726.15
2019-05-30,22027424114818.60,16167856716338.72,5859567398479.88
2019-05-31,22026423883026.38,16202282783139.21,5824141099887.17
2019-06-03,22025927312962.14,16221746854694.83,5804180458267.31
2019-06-04,22025961143635.30,16207390709226.90,5818570434408.40
2019-06-05,22025796403796.43,16202012743134.63,5823783660661.80
2019-06-06,22026251450735.52,16197469983785.98,5828781466949.54
2019-06-07,22026087862210.14,16197828793373.27,5828259068836.87
2019-06-10,22025597084037.73,16183754388627.01,5841842695410.72
2019-06-11,22025629973683.95,16176744322503.20,5848885651180.75
2019-06-12,22025467215322.33,16190248759467.87,5835218455854.46
2019-06-13,22025897802924.26,16187556532343.61,5838341270580.65
2019-06-14,22025737667227.33,16190456188443.50,5835281478783.83
2019-06-17,22025257265224.76,16180966057902.25,5844291207322.51
2019-06-18,22025285716123.66,16160487041534.78,5864798674588.88
2019-06-19,22025126584081.54,16173315959062.76,5851810625018.78
2019-06-20,22026074359429.66,16168931623578.88,5857142735850.78
2019-06-21,22025916805261.83,16167072340355.94,5858844464905.89
2019-06-24,22025444218890.86,16157310707044.81,5868133511846.05
2019-06-25,22025467877267.26,16149758194167.03,5875709683100.23
2019-06-26,22025311154285.78,16161695584055.50,5863615570230.28
2019-06-27,22025713624721.18,16161668692617.82,5864044932103.36
2019-06-28,22023282617075.45,16188422046434.70,5834860570640.75
2019-07-01,22023127457029.41,16214109444748.58,5809018012280.83
2019-07-02,22023154457098.57,16200812642668.62,5822341814429.95
2019-07-03,22022999766188.67,16215942933610.33,5807056832578.34
2019-07-05,22023252678157.00,16212103315525.56,5811149362631.44
2019-07-08,22022792479867.40,16210038956949.00,5812753522918.40
2019-07-09,22022825153825.04,16202451595716.18,5820373558108.86
2019-07-10,22022672056021.83,16219942298799.06,5802729757222.77
2019-07-11,22023097720080.98,16217448073568.61,5805649646512.37
2019-07-12,22022945564301.12,16217849671906.63,5805095892394.49
2019-07-15,22022489157318.43,16212102245454.95,5810386911863.48
2019-07-16,22022511127420.27,16204897156844.02,5817613970576.25
2019-07-17,22022359616295.42,16215855259886.28,5806504356409.14
2019-07-18,22023269635664.39,16215671269416.63,5807598366247.76
2019-07-19,22023119533123.43,16214945885223.52,5808173647899.91
2019-07-22,22022669203729.33,16211001269249.60,5811667934479.73
2019-07-23,22022691412700.74,16203882611569.88,5818808801130.86
2019-07-24,22022541856518.42,16216591266625.73,5805950589892.69
2019-07-25,22022943775070.37,16217519900097.02,5805423874973.35
2019-07-26,22022795612652.49,16219771618812.24,5803023993840.25
2019-07-29,22022351130583.63,16216569720218.09,5805781410365.54
2019-07-30,22022376894711.12,16213518723570.69,5808858171140.43
2019-07-31,22022368854863.19,16211185016302.46,5811183838560.73
2019-08-01,22022779932477.98,16246630031126.64,5776149901351.34
2019-08-02,22314300536778.37,16440631717429.67,5873668819348.70
2019-08-05,22320985030325.55,16442053458094.56,5878931572230.99
2019-08-06,22322413855280.18,16437554826884.24,5884859028395.94
2019-08-07,22321542218139.83,16437000073896.91,5884542144242.92
2019-08-08,22327888143759.66,16437453559652.55,5890434584107.11
2019-08-09,22326506729822.41,16437180615134.39,5889326114688.02
2019-08-12,22331333773573.19,16437389559832.95,5893944213740.24
2019-08-13,22359330185064.46,16457659378734.62,5901670806329.84
2019-08-14,22342140787120.32,16457201444193.17,5884939342927.15
2019-08-15,22385387228972.44,16491484413957.12,5893902815015.32
2019-08-16,22389559542935.74,16491441952619.57,5898117590316.17
2019-08-19,22396345008911.25,16491489964515.03,5904855044396.22
2019-08-20,22428001691709.87,16516850759018.38,5911150932691.49
2019-08-21,22414598129671.70,16517891095886.52,5896707033785.18
2019-08-22,22430652209581.70,16531722730938.48,5898929478643.22
2019-08-23,22430807789262.13,16531957992826.06,5898849796436.07
2019-08-26,22440782615874.92,16532087064372.55,5908695551502.37
2019-08-27,22472360797329.80,16557143867682.79,5915216929647.01
2019-08-28,22456832939116.24,16557511279372.44,5899321659743.80
2019-08-29,22467795131451.64,16570396844388.86,5897398287062.78
2019-08-30,22460466625952.37,16596815590260.74,5863651035691.63
2019-09-03,22499028130171.28,16660283553124.11,5838744577047.17
2019-09-04,22517297955639.18,16660540698787.36,5856757256851.82
2019-09-05,22531817693305.66,16673309581043.19,5858508112262.47
2019-09-06,22532757499591.39,16673414549532.49,5859342950058.90
2019-09-09,22537423716466.15,16673859575567.61,5863564140898.54
2019-09-10,22558141162723.67,16684840342310.58,5873300820413.09
2019-09-11,22539506714045.44,16684921432102.41,5854585281943.03
2019-09-12,22557781101458.39,16700408677824.67,5857372423633.72
2019-09-13,22557571535314.09,16700774934516.88,5856796600797.21
2019-09-16,22586281657819.33,16720462392608.28,5865819265211.05
2019-09-17,22602942644871.49,16722768994867.96,5880173650003.53
2019-09-18,22590164470365.91,16723191497980.95,5866972972384.96
2019-09-19,22610196598036.67,16736457737524.45,5873738860512.22
2019-09-20,22605632959665.14,16736741800799.41,5868891158865.73
2019-09-23,22610453853393.56,16737256715576.25,5873197137817.31
2019-09-24,22622770690001.99,16733330036854.81,5889440653147.18
2019-09-25,22607428369788.64,16733463541338.65,5873964828449.99
2019-09-26,22609957618808.14,16746339300499.33,5863618318308.81
2019-09-27,22622684674364.43,16764390251004.74,5858294423359.69
2019-09-30,22719401753433.78,16809092325171.80,5910309428261.98
2019-10-01,22798479742321.92,16803227280467.93,5995252461853.99
2019-10-02,22827535000529.65,16804268345666.79,6023266654862.86
2019-10-03,22829455689908.62,16818109419010.97,6011346270897.65
2019-10-04,22834429766201.04,16817669845663.51,6016759920537.53
2019-10-07,22836905127489.22,16817661721629.09,6019243405860.13
2019-10-08,22839353088152.28,16808699625202.65,6030653462949.63
2019-10-09,22823858730049.53,16808686016948.99,6015172713100.54
2019-10-10,22842749110170.59,16825548997915.93,6017200112254.66
2019-10-11,22843617581353.64,16825472625533.73,6018144955819.91
2019-10-15,22902889023079.27,16875489754055.11,6027399269024.16
2019-10-16,22897812971228.86,16876992286322.34,6020820684906.52
2019-10-17,22918794762476.14,16893171764066.81,6025622998409.33
2019-10-18,22918893401337.22,16893139099180.82,6025754302156.40
2019-10-21,22922454475325.50,16892961507239.77,6029492968085.73
2019-10-22,22940939205328.00,16903297018125.32,6037642187202.68
2019-10-23,22926602224587.40,16904659048361.14,6021943176226.26
2019-10-24,22943159688775.93,16919308704863.87,6023850983912.06
2019-10-25,22948911971466.48,16919260555240.92,6029651416225.56
2019-10-28,22950538299859.71,16919472433392.30,6031065866467.41
2019-10-29,22966319890586.47,16930793643091.26,6035526247495.21
2019-10-30,22963226486608.38,16931770448757.39,6031456037850.99
2019-10-31,23008409564494.99,16981310915367.49,6027098649127.50
2019-11-01,22953224244018.87,16979126135934.57,5974098108084.30
2019-11-04,22965707933965.52,16979202987130.20,5986504946835.32
2019-11-05,22986015532306.35,16990131413110.42,5995884119195.93
2019-11-06,22985834022811.17,16990346243791.22,5995487779019.95
2019-11-07,23004022933459.45,17004656452724.54,5999366480734.91
2019-11-08,23006336134064.42,17004584006573.19,6001752127491.23
2019-11-12,23015089744090.63,17009766613761.61,6005323130329.02
2019-11-13,23004857754547.26,17009935889179.38,5994921865367.88
2019-11-14,23016663627659.38,17022143220211.93,5994520407447.45
2019-11-15,23043682074915.91,17045105021855.79,5998577053060.12
2019-11-18,23050780866023.83,17045852074072.08,6004928791951.75
2019-11-19,23066176871795.89,17048355480877.07,6017821390918.82
2019-11-20,23053420423509.05,17050292172908.28,6003128250600.77
2019-11-21,23051248112073.68,17059142871902.76,5992105240170.92
2019-11-22,23071842154164.67,17059820593055.93,6012021561108.74
2019-11-25,23072730495315.54,17060306138874.47,6012424356441.07
2019-11-26,23093189799412.05,17071257086475.21,6021932712936.84
2019-11-27,23076065396434.08,17072351276237.79,6003714120196.29
2019-11-29,23076198934547.70,17105420783631.03,5970778150916.67
2019-12-02,23104975299128.72,17133902192278.59,5971073106850.13
2019-12-03,23088270750961.77,17122442409062.30,5965828341899.47
2019-12-04,23089914098997.55,17123729318548.02,5966184780449.53
2019-12-05,23091135155881.25,17122608802571.39,5968526353309.86
2019-12-06,23090050191986.99,17123206920733.52,5966843271253.47
2019-12-09,23096982431273.97,17123396867371.36,5973585563902.61
2019-12-10,23083091432274.61,17104589566400.81,5978501865873.80
2019-12-11,23069400573219.26,17105930691931.67,5963469881287.59
2019-12-12,23053720112278.14,17088776732111.07,5964943380167.07
2019-12-13,23050442180309.76,17088790373343.72,5961651806966.04
2019-12-16,23108183009514.16,17141625359793.44,5966557649720.72
2019-12-17,23111464945605.77,17130346074574.30,5981118871031.47
2019-12-18,23099553825054.78,17132697641060.15,5966856183994.63
2019-12-19,23087583496360.18,17131574400641.15,5956009095719.03
2019-12-20,23086685242023.66,17131413769703.14,5955271472320.52
2019-12-23,23114180466630.56,17132275166528.98,5981905300101.58
2019-12-24,23079983443409.74,17116045374902.84,5963938068506.90
2019-12-26,23087322171475.93,17114921532287.18,5972400639188.75
2019-12-27,23107769339832.41,17133179633230.29,5974589706602.12
2019-12-30,23108827795092.86,17133687951263.30,5975139843829.56
2019-12-31,23201380134806.73,17170442487631.56,6030937647175.17
2020-01-02,23171999133830.77,17162410209193.34,6009588924637.43
2020-01-03,23170446328690.63,17163322135882.56,6007124192808.07
2020-01-06,23177144885141.89,17164653477030.90,6012491408110.99
2020-01-07,23176941125326.93,17156739031334.51,6020202093992.42
2020-01-08,23162752866961.31,17157849214410.19,6004903652551.12
2020-01-09,23167896598092.57,17156951436901.08,6010945161191.49
2020-01-10,23167150977339.08,17156730423383.93,6010420553955.15
2020-01-13,23169812958839.80,17156747242357.46,6013065716482.34
2020-01-14,23169005511211.19,17147212900497.28,6021792610713.91
2020-01-15,23194094220717.31,17178181916235.20,6015912304482.11
2020-01-16,23204331499429.68,17181120501870.30,6023210997559.38
2020-01-17,23211224948370.91,17181334850319.92,6029890098050.99
2020-01-21,23210413917317.85,17177048615525.42,6033365301792.43
2020-01-22,23205218318274.01,17176915487937.35,6028302830336.66
2020-01-23,23206605224315.72,17176161533753.88,6030443690561.84
2020-01-24,23209700605761.00,17176424212742.16,6033276393018.84
2020-01-27,23222353201896.43,17176269107221.96,6046084094674.47
2020-01-28,23243925228178.19,17188354212009.22,6055571016168.97
2020-01-29,23245086960945.30,17188840195892.68,6056246765052.62
2020-01-30,23251562887364.32,17194272626660.47,6057290260703.85
2020-01-31,23223812882713.14,17212634807910.27,6011178074802.87
2020-02-03,23205880808457.79,17210560808395.08,5995320000062.71
2020-02-04,23245675031890.21,17231339167986.90,6014335863903.31
2020-02-05,23246514802464.92,17231851760064.99,6014663042399.93
2020-02-06,23252918659478.48,17233617253756.13,6019301405722.35
2020-02-07,23251029947957.77,17233860739553.31,6017169208404.46
2020-02-10,23256356117175.05,17233671419422.30,6022684697752.75
2020-02-11,23290334555682.36,17259765072099.52,6030569483582.84
2020-02-12,23274098951494.08,17259686140675.27,6014412810818.81
2020-02-13,23305297151133.97,17288291326720.19,6017005824413.78
2020-02-14,23304810124087.34,17288287556566.37,6016522567520.97
2020-02-18,23351015383383.78,17325065170525.81,6025950212857.97
2020-02-19,23353218998160.83,17325696041762.02,6027522956398.81
2020-02-20,23392593917179.95,17364593991112.41,6027999926067.54
2020-02-21,23398029929177.72,17365452897838.30,6032577031339.42
2020-02-24,23406309603927.73,17365321695717.52,6040987908210.21
2020-02-25,23438814358270.50,17389166532970.41,6049647825300.09
2020-02-26,23426580610709.96,17389166301912.36,6037414308797.60
2020-02-27,23422686794507.87,17387809848199.62,6034876946308.25
2020-02-28,23409959150243.63,17413049915879.80,5996909234363.83
2020-03-02,23440845102431.90,17445649600708.22,5995195501723.68
2020-03-03,23454816785311.31,17458614220504.75,5996202564806.56
2020-03-04,23460602861523.26,17463941870439.26,5996660991084.00
2020-03-05,23469159863224.08,17469371163304.52,5999788699919.56
2020-03-06,23468667801947.78,17470002273480.20,5998665528467.58
2020-03-09,23473538836017.03,17470244172300.89,6003294663716.14
2020-03-10,23498697246332.51,17484257950944.52,6014439295387.99
2020-03-11,23483045370415.47,17484869638273.14,5998175732142.33
2020-03-12,23439923027258.37,17438473384294.44,6001449642963.93
2020-03-13,23442398235873.06,17441348876495.70,6001049359377.36
2020-03-16,23500759058643.52,17495252134765.03,6005506923878.49
2020-03-17,23528093917657.65,17506099534102.63,6021994383555.02
2020-03-18,23513590998174.08,17506638952920.28,6006952045253.80
2020-03-19,23515661447556.65,17505933295301.02,6009728152255.63
2020-03-20,23514534990918.53,17506352913010.65,6008182077907.88
2020-03-23,23517855054159.01,17507401138252.23,6010453915906.78
2020-03-24,23551586033384.42,17530592687171.67,6020993346212.75
2020-03-25,23542522737422.51,17530771851107.63,6011750886314.88
2020-03-26,23514801990505.63,17535603326374.89,5979198664130.74
2020-03-27,23535039888496.42,17553231839939.21,5981808048557.21
2020-03-30,23565055988243.25,17554731018699.21,6010324969544.04
2020-03-31,23686870812640.08,17674771266474.08,6012099546166.00
2020-04-01,23702260358910.18,17719077528190.93,5983182830719.25
2020-04-02,23833828188858.54,17834239216864.28,5999588971994.26
2020-04-03,23908330373765.41,17918595311923.59,5989735061841.82
2020-04-06,23917212663857.59,17919267151226.25,5997945512631.34
2020-04-07,24011523316653.36,18004963300482.19,6006560016171.17
2020-04-08,24111832049884.90,18110326875954.74,6001505173930.16
2020-04-09,24221670739204.35,18230730588326.65,5990940150877.70
2020-04-10,24211075873711.89,18230748262703.22,5980327611008.67
2020-04-13,24193090621134.80,18230750748315.02,5962339872819.78
2020-04-14,24301778443949.21,18338500813636.89,5963277630312.32
2020-04-15,24383926097361.86,18441034071127.88,5942892026233.98
2020-04-16,24465291180713.11,18524301170741.25,5940990009971.86
2020-04-17,24457934851076.35,18523734410806.52,5934200440269.83
2020-04-20,24460875058892.22,18523661184040.95,5937213874851.27
2020-04-21,24566847849564.04,18621943243238.81,5944904606325.23
2020-04-22,24609343550366.81,18686805288333.26,5922538262033.55
2020-04-23,24705155334862.85,18777828897162.24,5927326437700.61
2020-04-24,24710629086944.33,18778402028693.55,5932227058250.78
2020-04-27,24712305448594.89,18778813137549.29,5933492311045.60
2020-04-28,24802438295107.87,18869904429345.09,5932533865762.78
2020-04-29,24854078687272.52,18926928003279.46,5927150683993.06
2020-04-30,24974171868164.35,19053618801919.97,5920553066244.38
2020-05-01,24921325976814.49,19053597245289.71,5867728731524.78
2020-05-04,24948983700916.84,19053015574637.83,5895968126279.01
2020-05-05,25057924023406.80,19148572794844.95,5909351228561.85
2020-05-06,25058528802142.42,19148593687461.43,5909935114680.99
2020-05-07,25142400455245.54,19218562087514.65,5923838367730.89
2020-05-08,25153106379587.64,19219017143894.46,5934089235693.18
2020-05-11,25156700120950.80,19218863862523.55,5937836258427.25
2020-05-12,25204433195536.74,19260331227697.98,5944101967838.76
2020-05-13,25188757825113.86,19261307376968.67,5927450448145.19
2020-05-14,25267564712963.62,19340394561836.48,5927170151127.14
2020-05-15,25305611583377.26,19377052324026.68,5928559259350.58
2020-05-18,25311405971232.18,19376511582630.18,5934894388602.00
2020-05-19,25377291192421.10,19427688296012.27,5949602896408.83
2020-05-20,25361010008016.11,19429375108045.77,5931634899970.34
2020-05-21,25466764338935.22,19528469870929.41,5938294468005.81
2020-05-22,25513321429656.26,19568918500579.08,5944402929077.18
2020-05-26,25603968949904.70,19658296114369.51,5945672835535.19
2020-05-27,25583137364237.39,19658553133164.41,5924584231072.98
2020-05-28,25683672542543.70,19765841489593.14,5917831052950.56
2020-05-29,25746260186742.66,19812769028672.42,5933491158070.24
2020-06-01,25751470039699.29,19868879659973.24,5882590379726.05
2020-06-02,25841593753888.41,19948717654707.95,5892876099180.46
2020-06-03,25830128553708.56,19948602683005.32,5881525870703.24
2020-06-04,25920085643029.88,20031546217610.87,5888539425419.01
2020-06-05,25919713597957.67,20031293630338.74,5888419967618.93
2020-06-08,25960547920986.11,20061738133725.58,5898809787260.53
2020-06-09,26003751512344.91,20096761240012.96,5906990272331.95
2020-06-10,25986929485659.72,20096329220086.49,5890600265573.23
2020-06-11,26062666877228.16,20165903564781.30,5896763312446.86
2020-06-12,26062414750696.08,20166569027872.95,5895845722823.13
2020-06-15,26131295159191.85,20230458100915.75,5900837058276.10
2020-06-16,26153612132050.86,20241259986107.24,5912352145943.62
2020-06-17,26144482303590.01,20241116522461.44,5903365781128.57
2020-06-18,26233671903448.33,20327930887347.94,5905741016100.39
2020-06-19,26240743198945.18,20336112764745.13,5904630434200.05
2020-06-22,26243843047358.83,20335130195671.64,5908712851687.19
2020-06-23,26251734793147.00,20340264414421.01,5911470378725.99
2020-06-24,26237813113801.78,20340847570951.00,5896965542850.78
2020-06-25,26301202679011.40,20408678291738.93,5892524387272.47
2020-06-26,26316891194350.53,20428175376968.14,5888715817382.39
2020-06-29,26324627931089.54,20427662059462.73,5896965871626.81
2020-06-30,26477240853124.76,20530278232389.35,5946962620735.41
2020-07-01,26428966231117.14,20524313675569.22,5904652555547.92
2020-07-02,26457079712930.87,20559461021603.62,5897618691327.25
2020-07-03,26447922718271.66,20559307340665.10,5888615377606.56
2020-07-06,26460356237035.60,20558806159126.36,5901550077909.24
2020-07-07,26460834237030.55,20554746176759.01,5906088060271.54
2020-07-08,26446746378610.82,20556762712165.80,5889983666445.02
2020-07-09,26487808758250.95,20583805536797.77,5904003221453.18
2020-07-10,26485086596340.40,20583643590483.90,5901443005856.50
2020-07-13,26488101200376.64,20583461928475.00,5904639271901.64
2020-07-14,26449651770256.05,20539873335812.51,5909778434443.54
2020-07-15,26485472440060.92,20574380830507.80,5911091609553.12
2020-07-16,26529260218229.28,20611921079550.83,5917339138678.45
2020-07-17,26532365407349.11,20612219680437.71,5920145726911.40
2020-07-20,26534120918261.29,20612265803536.08,5921855114725.21
2020-07-21,26505865411300.56,20568775046149.69,5937090365150.87
2020-07-22,26491770885265.01,20571200822079.13,5920570063185.88
2020-07-23,26538874728557.87,20614085168487.62,5924789560070.25
2020-07-24,26536793171015.79,20613985069366.96,5922808101648.83
2020-07-27,26546684671557.74,20613829476218.54,5932855195339.20
2020-07-28,26521548685169.55,20584109576599.66,5937439108569.89
2020-07-29,26520405065059.57,20584415231346.35,5935989833713.22
2020-07-30,26505315299968.98,20571972112207.36,5933343187761.62
2020-07-31,26524953451577.60,20634399708136.40,5890553743441.20
2020-08-03,26511154964130.06,20631639311469.31,5879515652660.75
2020-08-04,26503237558721.18,20607116213547.84,5896121345173.34
2020-08-05,26504299529617.46,20608720828297.64,5895578701319.82
2020-08-06,26498332917065.93,20601228490475.07,5897104426590.86
2020-08-07,26498433296171.26,20601430782095.04,5897002514076.22
2020-08-10,26505487475114.56,20602395595705.06,5903091879409.50
2020-08-11,26503149692571.25,20593555758439.35,5909593934131.90
2020-08-12,26488804368148.22,20595620290631.63,5893184077516.59
2020-08-13,26509696627544.92,20614305019013.95,5895391608530.97
2020-08-14,26508740015342.72,20614743112528.87,5893996902813.85
2020-08-17,26579844296584.21,20675781863412.34,5904062433171.87
2020-08-18,26595002097388.92,20677341061204.90,5917661036184.02
2020-08-19,26578127138617.40,20677829765197.63,5900297373419.77
2020-08-20,26595600802892.36,20686047542443.54,5909553260448.82
2020-08-21,26597012529633.31,20686347281326.49,5910665248306.82
2020-08-24,26600103727195.86,20687039152758.81,5913064574437.05
2020-08-25,26626287679890.05,20698890567632.38,5927397112257.67
2020-08-26,26609025392188.46,20699215627374.74,5909809764813.72
2020-08-27,26615653156685.81,20706040194248.80,5909612962437.01
2020-08-28,26636913440875.36,20728399179895.89,5908514260979.47
2020-08-31,26728835852386.44,20822038395784.06,5906797456602.38
2020-09-01,26702951324045.57,20831829321818.21,5871122002227.36
2020-09-02,26711487941945.07,20832904201163.69,5878583740781.38
2020-09-03,26722674780085.17,20842647539754.64,5880027240330.53
2020-09-04,26723310248572.09,20843497254129.55,5879812994442.54
2020-09-08,26699373179014.46,20814037207734.74,5885335971279.72
2020-09-09,26697223377634.21,20818231086830.76,5878992290803.45
2020-09-10,26709549160348.85,20833992369400.21,5875556790948.64
2020-09-11,26710879019992.35,20834490036761.48,5876388983230.87
2020-09-14,26715075761648.94,20835330718048.11,5879745043600.83
2020-09-15,26790503839118.28,20899183125928.77,5891320713189.51
2020-09-16,26781538166909.73,20901066700028.11,5880471466881.62
2020-09-17,26790444416958.18,20902736906992.54,5887707509965.64
2020-09-18,26790387783683.69,20903123720719.24,5887264062964.45
2020-09-21,26794667844055.65,20903518934800.92,5891148909254.73
2020-09-22,26790985511731.68,20890403542124.78,5900581969606.90
2020-09-23,26777801957982.87,20890465946735.07,5887336011247.80
2020-09-24,26786132350373.35,20891109397593.75,5895022952779.60
2020-09-25,26810898511924.31,20913614093095.84,5897284418828.47
2020-09-28,26811409726497.33,20912955980381.15,5898453746116.18
2020-09-29,26790408849122.94,20903722526048.68,5886686323074.26
2020-09-30,26945391194615.15,21018952080385.63,5926439114229.52
2020-10-01,27026921935432.41,21015326142875.29,6011595792557.12
2020-10-02,27044691830010.18,21015385461953.38,6029306368056.80
2020-10-05,27051135958210.00,21016404227199.88,6034731731010.12
2020-10-06,27052190118519.27,21008381342943.40,6043808775575.87
2020-10-07,27052995507253.19,21010465532077.43,6042529975175.76
2020-10-08,27073107016982.31,21025422363846.53,6047684653135.78
2020-10-09,27072681346372.85,21025048295574.08,6047633050798.77
2020-10-13,27067070156504.96,21016869712763.46,6050200443741.50
2020-10-14,27057862724692.08,21017955322855.86,6039907401836.22
2020-10-15,27143665414431.60,21097401111521.33,6046264302910.27
2020-10-16,27148328723988.33,21097612015329.51,6050716708658.82
2020-10-19,27157714670625.73,21097983329140.83,6059731341484.90
2020-10-20,27155311344302.57,21089258084152.73,6066053260149.84
2020-10-21,27140764457927.75,21090454496181.80,6050309961745.95
2020-10-22,27150835685981.61,21084374495610.87,6066461190370.74
2020-10-23,27163485600954.95,21083992291444.08,6079493309510.87
2020-10-26,27179997734407.28,21083127197363.99,6096870537043.29
2020-10-27,27175866775866.84,21074340817490.10,6101525958376.74
2020-10-28,27167439451090.65,21076243138324.22,6091196312766.43
2020-10-29,27169498275690.70,21079776286056.41,6089721989634.29
2020-10-30,27135476803126.20,21096955697143.00,6038521105983.20
2020-11-02,27203384382939.29,21166249325865.81,6037135057073.48
2020-11-03,27196575068455.06,21158510032160.09,6038065036294.97
2020-11-04,27196969007863.83,21158958097657.07,6038010910206.76
2020-11-05,27216985032997.07,21172491717247.34,6044493315749.73
2020-11-06,27214493516511.30,21172132485311.66,6042361031199.64
2020-11-09,27219898895662.87,21173686134292.27,6046212761370.60
2020-11-10,27197735272347.02,21163144517488.27,6034590754858.75
2020-11-12,27190176826089.04,21157165930153.58,6033010895935.46
2020-11-13,27191785502973.95,21157219754436.15,6034565748537.80
2020-11-16,27257698674893.38,21217654666054.23,6040044008839.15
2020-11-17,27261990224569.86,21209227717633.17,6052762506936.69
2020-11-18,27246599172457.42,21209702993449.06,6036896179008.36
2020-11-19,27248063291167.42,21207842418951.08,6040220872216.34
2020-11-20,27247178240840.79,21207839089467.21,6039339151373.58
2020-11-23,27254415603147.34,21208012856822.73,6046402746324.61
2020-11-24,27270015919983.30,21198286608971.91,6071729311011.39
2020-11-25,27254190181280.20,21197640169859.85,6056550011420.35
2020-11-27,27275615496401.16,21218611743445.49,6057003752955.67
2020-11-30,27446288188250.17,21349471573310.81,6096816614939.36
2020-12-01,27406075682380.51,21342192975117.14,6063882707263.37
2020-12-02,27412313165105.64,21341926023922.18,6070387141183.46
2020-12-03,27414107838762.23,21356282431555.87,6057825407206.36
2020-12-04,27414116147283.70,21355692695821.43,6058423451462.27
2020-12-07,27414744544020.51,21354702143101.98,6060042400918.53
2020-12-08,27422773335572.05,21354421153858.66,6068352181713.39
2020-12-09,27405075760879.61,21354173060785.25,6050902700094.36
2020-12-10,27385824169513.51,21351415809631.68,6034408359881.83
2020-12-11,27385422383169.47,21351136018070.62,6034286365098.85
2020-12-14,27390656339382.97,21350931649169.06,6039724690213.91
2020-12-15,27512762494452.83,21448041180088.84,6064721314363.99
2020-12-16,27500507616153.30,21447890639089.95,6052616977063.35
2020-12-17,27506888886871.57,21446462125522.42,6060426761349.15
2020-12-18,27491466213356.16,21446525279996.38,6044940933359.78
2020-12-21,27512907024042.97,21447615134294.27,6065291889748.70
2020-12-22,27522316089611.33,21447826256733.93,6074489832877.40
2020-12-23,27516726861187.59,21448157219574.36,6068569641613.23
2020-12-24,27515510591804.39,21445028388848.74,6070482202955.65
2020-12-28,27542538204997.20,21468928694819.93,6073609510177.27
2020-12-29,27550830638181.22,21468460859105.23,6082369779075.99
2020-12-30,27560508897871.53,21468468575442.99,6092040322428.54
2020-12-31,27747797947667.77,21632418904104.24,6115379043563.53
2021-01-04,27678274970427.93,21593320887989.85,6084954082438.08
2021-01-05,27698157413805.41,21593996935176.88,6104160478628.53
2021-01-06,27698985949990.94,21595719334374.14,6103266615616.80
2021-01-07,27683250886478.03,21578759710032.75,6104491176445.28
2021-01-08,27683047233206.98,21578440452769.64,6104606780437.34
2021-01-11,27688247384755.74,21578169824451.13,6110077560304.61
2021-01-12,27696790654169.24,21578917911758.87,6117872742410.37
2021-01-13,27679400859865.77,21578677363278.05,6100723496587.72
2021-01-14,27682228608521.37,21578746189841.36,6103482418680.01
2021-01-15,27746805381280.29,21636517013516.31,6110288367763.98
2021-01-19,27752835868445.35,21636377183394.06,6116458685051.29
2021-01-20,27751896236414.77,21636823777934.20,6115072458480.57
2021-01-21,27756349666620.64,21637683073629.37,6118666592991.27
2021-01-22,27759636538417.78,21637423058071.62,6122213480346.16
2021-01-25,27772351753617.32,21637228235730.23,6135123517887.09
2021-01-26,27781746808072.29,21637251950547.69,6144494857524.60
2021-01-27,27768470977306.81,21637005700680.28,6131465276626.53
2021-01-28,27759906011554.99,21629076639325.49,6130829372229.50
2021-01-29,27784553033005.01,21643914788373.87,6140638244631.14
2021-02-01,27829150493520.76,21749185105265.67,6079965388255.09
2021-02-02,27865230460764.72,21749769083601.99,6115461377162.73
2021-02-03,27851050265776.27,21749198726415.67,6101851539360.60
2021-02-04,27855095022203.36,21749849416330.32,6105245605873.04
2021-02-05,27852793260712.71,21749421729798.54,6103371530914.17
2021-02-08,27856071118571.00,21748983640187.66,6107087478383.34
2021-02-09,27865146522244.52,21750064316585.32,6115082205659.20
2021-02-10,27846645214540.71,21749873858579.46,6096771355961.25
2021-02-11,27847464517205.79,21750215558801.93,6097248958403.86
2021-02-12,27851334019601.64,21750134546625.46,6101199472976.18
2021-02-16,27920544756665.90,21812094982567.85,6108449774098.05
2021-02-17,27920237579532.83,21813601430017.64,6106636149515.19
2021-02-18,27921963590732.70,21815155663420.02,6106807927312.68
2021-02-19,27923264909521.91,21815173302843.39,6108091606678.52
2021-02-22,27930606549563.46,21814986156287.54,6115620393275.92
2021-02-23,27885675004855.99,21760225183554.82,6125449821301.17
2021-02-24,27919022842843.97,21760562112279.96,6158460730564.01
2021-02-25,27873148540805.79,21720690635919.88,6152457904885.91
2021-02-26,27902363734475.70,21755737194886.79,6146626539588.91
2021-03-01,28004376276999.35,21892679686044.90,6111696590954.45
2021-03-02,27992701172715.77,21867120542751.50,6125580629964.27
2021-03-03,27979484123121.26,21868041292592.76,6111442830528.50
2021-03-04,27954980988336.06,21839665607325.16,6115315381010.90
2021-03-05,27954473950596.68,21839426762340.37,6115047188256.31
2021-03-08,27960192746994.08,21840832521438.53,6119360225555.55
2021-03-09,27944756420180.92,21816488165178.86,6128268255002.06
2021-03-10,27926627063040.16,21816186445186.04,6110440617854.12
2021-03-11,27900419069251.40,21786545592808.25,6113873476443.15
2021-03-12,27900359579144.99,21786192668157.33,6114166910987.66
2021-03-15,28002013491777.51,21884779949875.56,6117233541901.95
2021-03-16,27983623734044.46,21859707934095.31,6123915799949.15
2021-03-17,27974923694421.50,21860431420016.47,6114492274405.03
2021-03-18,27966782716712.25,21843029123525.67,6123753593186.58
2021-03-19,27965655597214.40,21842856763372.97,6122798833841.43
2021-03-22,27969779712167.83,21843202077965.73,6126577634202.10
2021-03-23,27996356562275.91,21839458802764.32,6156897759511.59
2021-03-24,27979745914485.97,21840451485509.25,6139294428976.72
2021-03-25,27963138826148.12,21816092391527.85,6147046434620.27
2021-03-26,27987530656554.73,21842176297659.89,6145354358894.84
2021-03-29,27990843257187.65,21842878877827.13,6147964379360.52
2021-03-30,27989245974557.43,21838638166663.87,6150607807893.56
2021-03-31,28132570303600.16,21986937011551.51,6145633292048.65
2021-04-01,28081128042930.95,21971261601025.54,6109866441905.41
2021-04-02,28073739716650.42,21971382795810.88,6102356920839.54
2021-04-05,28081621686081.66,21971846913110.56,6109774772971.10
2021-04-06,28085612206576.05,21967081393360.53,6118530813215.52
2021-04-07,28089120489144.20,21969175984437.34,6119944504706.86
2021-04-08,28081511424807.03,21955652659993.17,6125858764813.86
2021-04-09,28082988642053.90,21955507026274.01,6127481615779.89
2021-04-12,28091635214102.07,21956369879520.92,6135265334581.15
2021-04-13,28097586324063.15,21952364512797.69,6145221811265.46
2021-04-14,28083596636006.48,21952862957614.43,6130733678392.05
2021-04-15,28145013813816.28,21998736063710.95,6146277750105.33
2021-04-16,28155537048080.39,21998770702762.40,6156766345317.99
2021-04-19,28167561442228.40,21999763091557.03,6167798350671.37
2021-04-20,28170424219866.10,21985255784645.15,6185168435220.95
2021-04-21,28155021027471.56,21985230010323.22,6169791017148.34
2021-04-22,28128968798006.36,21957143354386.65,6171825443619.71
2021-04-23,28134158384220.10,21957478261707.40,6176680122512.70
2021-04-26,28143004395360.31,21957004963472.52,6185999431887.79
2021-04-27,28132251139319.40,21942657046607.38,6189594092712.02
2021-04-28,28111961882698.12,21943200600097.29,6168761282600.83
2021-04-29,28090166581746.91,21925659073777.93,6164507507968.98
2021-04-30,28174714484167.37,22056055138417.67,6118659345749.70
2021-05-03,28162427831756.43,22057630882663.13,6104796949093.30
2021-05-04,28175399394914.91,22042988570983.82,6132410823931.09
2021-05-05,28177871288714.44,22043397487051.74,6134473801662.70
2021-05-06,28176306016169.05,22019115149377.72,6157190866791.33
2021-05-07,28174835555589.42,22018250706027.92,6156584849561.50
2021-05-10,28180737838308.48,22019330546782.03,6161407291526.45
2021-05-11,28172932689523.23,22004657189638.04,6168275499885.19
2021-05-12,28157162848235.73,22005318639866.77,6151844208368.96
2021-05-13,28138407466415.05,21983347992327.39,6155059474087.66
2021-05-14,28139837994282.00,21983509838155.76,6156328156126.24
2021-05-17,28233615342006.33,22061105531880.52,6172509810125.81
2021-05-18,28231915800364.06,22042727374398.33,6189188425965.73
2021-05-19,28217302792522.09,22043405514971.15,6173897277550.94
2021-05-20,28201780457814.49,22023368939277.47,6178411518537.02
2021-05-21,28203454280075.29,22023188769144.74,6180265510930.55
2021-05-24,28213643450324.57,22024524562636.98,6189118887687.59
2021-05-25,28204683179222.85,22005337838702.23,6199345340520.62
2021-05-26,28187728565146.20,22005892292174.80,6181836272971.40
2021-05-27,28163641538608.22,21983687097488.36,6179954441119.86
2021-05-28,28199008338520.65,22020939013605.78,6178069324914.87
2021-06-01,28261932956327.41,22134003260072.17,6127929696255.24
2021-06-02,28276889497017.57,22135045676297.94,6141843820719.63
2021-06-03,28241943205125.46,22111555489083.39,6130387716042.07
2021-06-04,28258176695008.39,22112452092666.69,6145724602341.70
2021-06-07,28264344438395.30,22113630122093.77,6150714316301.53
2021-06-08,28233539905296.77,22119292849172.19,6114247056124.58
2021-06-09,28217840010776.35,22120188903981.41,6097651106794.94
2021-06-10,28198921278374.51,22097330750279.91,6101590528094.60
2021-06-11,28199194121927.28,22097493949541.56,6101700172385.72
2021-06-14,28206985446009.00,22098725144893.53,6108260301115.47
2021-06-15,28321677015913.38,22199581858833.24,6122095157080.14
2021-06-16,28311074615442.85,22200126454792.78,6110948160650.07
2021-06-17,28295877633137.04,22173891789491.61,6121985843645.43
2021-06-18,28295959242966.26,22174123894523.93,6121835348442.33
2021-06-21,28303716532582.24,22175169756124.23,6128546776458.01
2021-06-22,28318681114471.56,22180632086932.28,6138049027539.28
2021-06-23,28304908429633.99,22183392725037.20,6121515704596.79
2021-06-24,28321919276332.61,22187767708506.51,6134151567826.10
2021-06-25,28337301366441.99,22205687956460.57,6131613409981.42
2021-06-28,28351245656987.95,22206789980507.90,6144455676480.05
2021-06-29,28332321921671.58,22182683339412.07,6149638582259.51
2021-06-30,28529435873139.77,22329822962202.00,6199612910937.77
2021-07-01,28486498619912.01,22327776340518.48,6158722279393.53
2021-07-02,28480590009488.49,22328099402276.35,6152490607212.14
2021-07-06,28465564176716.37,22306603924620.30,6158960252096.07
2021-07-07,28472470039753.26,22306770866015.64,6165699173737.62
2021-07-08,28480154358537.50,22314776050830.43,6165378307707.07
2021-07-09,28485495680238.32,22315029737100.17,6170465943138.15
2021-07-12,28490245056759.44,22314724385689.48,6175520671069.96
2021-07-13,28477074400184.39,22289663938121.45,6187410462062.94
2021-07-14,28461155746162.69,22290773813444.30,6170381932718.39
2021-07-15,28522128606576.79,22345372642438.45,6176755964138.34
2021-07-16,28523016771597.55,22344306552282.47,6178710219315.08
2021-07-19,28533223139069.34,22344214950191.29,6189008188878.05
2021-07-20,28493308345632.59,22304036228186.43,6189272117446.16
2021-07-21,28474164538718.48,22303232541301.08,6170931997417.40
2021-07-22,28471271832274.48,22296153948889.77,6175117883384.71
2021-07-23,28474940683516.70,22299532173727.06,6175408509789.64
2021-07-26,28488288239524.42,22299753466971.75,6188534772552.67
2021-07-27,28487900218736.96,22289709886684.45,6198190332052.51
2021-07-28,28483600316839.07,22289101510534.79,6194498806304.28
2021-07-29,28460129798094.46,22267029586371.88,6193100211722.58
2021-07-30,28427721872418.70,22284627647306.26,6143094225112.44
2021-08-02,28427698645832.16,22293275208582.66,6134423437249.50
2021-08-03,28427696163099.45,22281416341623.29,6146279821476.16
2021-08-04,28427684511594.88,22280521336952.44,6147163174642.44
2021-08-05,28427697750841.17,22277470458069.36,6150227292771.81
2021-08-06,28427686085098.39,22278553023249.22,6149133061849.17
2021-08-09,28427651083061.54,22270829338089.78,6156821744971.76
2021-08-10,28427648684826.45,22261696511328.14,6165952173498.31
2021-08-11,28427636980645.24,22279129327736.47,6148507652908.77
2021-08-12,28427678854301.03,22275214277846.82,6152464576454.21
2021-08-13,28427667188235.30,22275281971506.72,6152385216728.58
2021-08-16,28427632315916.89,22264523807491.39,6163108508425.50
2021-08-17,28427629895149.51,22250414879625.43,6177215015524.08
2021-08-18,28427618261309.59,22265522025850.47,6162096235459.12
2021-08-19,28427636801890.59,22259020798508.09,6168616003382.50
2021-08-20,28427625037837.37,22256434599033.89,6171190438803.48
2021-08-23,28427589740363.60,22251584529470.09,6176005210893.51
2021-08-24,28427586466199.61,22237978420871.84,6189608045327.77
2021-08-25,28427574705911.53,22248957391524.21,6178617314387.32
2021-08-26,28427588849487.80,22241122967198.27,6186465882289.53
2021-08-27,28427577000673.83,22243672524384.31,6183904476289.52
2021-08-30,28427541449975.33,22246920959895.58,6180620490079.75
2021-08-31,28427317184527.64,22254543554131.93,6172773630395.71
2021-09-01,28427305334966.71,22292652192807.87,6134653142158.84
2021-09-02,28427316469752.46,22282258638442.67,6145057831309.79
2021-09-03,28427304587590.49,22290288845635.85,6137015741954.64
2021-09-07,28427265682593.52,22282683988638.66,6144581693954.86
2021-09-08,28427253797538.22,22293378330153.58,6133875467384.64
2021-09-09,28427291338987.36,22295049268428.03,6132242070559.33
2021-09-10,28427279472888.27,22293297812749.98,6133981660138.29
2021-09-13,28427243869594.37,22289670277991.72,6137573591602.65
2021-09-14,28427240863627.95,22282916629210.18,6144324234417.77
2021-09-15,28427228984208.34,22294050150299.86,6133178833908.48
2021-09-16,28427235095045.28,22284196732219.11,6143038362826.17
2021-09-17,28427223240230.33,22278261586551.23,6148961653679.10
2021-09-20,28427187672497.60,22272829494666.71,6154358177830.89
2021-09-21,28427183956002.04,22261385155784.91,6165798800217.13
2021-09-22,28427172086337.02,22272250116489.61,6154921969847.41
2021-09-23,28427175063939.33,22268769908383.62,6158405155555.71
2021-09-24,28427163296425.43,22258560217860.66,6168603078564.77
2021-09-27,28427127989083.09,22256338250050.82,6170789739032.27
2021-09-28,28427121748927.24,22264101485917.49,6163020263009.75
2021-09-29,28427110002453.46,22270512165443.39,6156597837010.07
2021-09-30,28428918570048.68,22282900363084.77,6146018206963.91
2021-10-01,28428906947685.31,22199006158679.03,6229900789006.28
2021-10-04,28428872075789.94,22179617080290.56,6249254995499.38
2021-10-05,28428867646932.09,22157021989946.12,6271845656985.97
2021-10-06,28428856040882.84,22157751249505.98,6271104791376.86
2021-10-07,28428899839341.20,22153679070742.42,6275220768598.78
2021-10-08,28428888207157.81,22150090021441.85,6278798185715.96
2021-10-12,28428852295670.32,22143378621203.66,6285473674466.66
2021-10-13,28428844195073.20,22151823777639.84,6277020417433.36
2021-10-14,28728168806393.45,22395833436622.80,6332335369770.65
2021-10-15,28754078782950.10,22413003451825.17,6341075331124.93
2021-10-18,28821275356993.53,22474664369899.09,6346610987094.44
2021-10-19,28842489318660.40,22480805952712.50,6361683365947.90
2021-10-20,28828878392199.23,22481409657642.12,6347468734557.11
2021-10-21,28881233681285.16,22527510913093.78,6353722768191.38
2021-10-22,28908802032424.21,22588315019747.81,6320487012676.40
2021-10-25,28908766496109.85,22589729855507.01,6319036640602.84
2021-10-26,28908768513744.76,22610118974697.78,6298649539046.98
2021-10-27,28908756563334.38,22625211651178.41,6283544912155.97
2021-10-28,28908774731742.71,22630942029555.55,6277832702187.16
2021-10-29,28908765340554.33,22637089774173.57,6271675566380.76
2021-11-01,28908753234999.69,22679949022472.05,6228804212527.64
2021-11-02,28908755128404.26,22659988386285.71,6248766742118.55
2021-11-03,28908742983143.05,22675030332554.53,6233712650588.52
2021-11-04,28908820096412.53,22671766540621.87,6237053555790.66
2021-11-05,28908807882170.39,22670992194387.46,6237815687782.93
2021-11-08,28908771234834.89,22666121515143.27,6242649719691.62
2021-11-09,28908769065782.06,22658378416183.86,6250390649598.20
2021-11-10,28908756850909.49,22675886752959.40,6232870097950.09
2021-11-12,28908756692386.32,22677433647927.06,6231323044459.26
2021-11-15,28908720142454.06,22670153105823.14,6238567036630.92
2021-11-16,28908718629536.93,22660119082556.45,6248599546980.48
2021-11-17,28908706567725.26,22670201064177.64,6238505503547.62
2021-11-18,28908721997192.37,22666644776856.15,6242077220336.22
2021-11-19,28908709913210.12,22666452417440.08,6242257495770.04
2021-11-22,28908673656751.15,22657307458326.65,6251366198424.50
2021-11-23,28908675219435.89,22645808245114.56,6262866974321.33
2021-11-24,28908663008400.59,22651368137283.30,6257294871117.29
2021-11-26,28908671966903.25,22648879890396.04,6259792076507.21
2021-11-29,28908634920526.41,22645683122576.67,6262951797949.74
2021-11-30,28907986914620.48,22645911986862.15,6262074927758.33
2021-12-01,28907974567922.79,22679533846580.46,6228440721342.33
2021-12-02,28908093498988.46,22691973960299.16,6216119538689.30
2021-12-03,28908080867101.19,22688917422422.73,6219163444678.46
2021-12-06,28908042968539.34,22685354502861.49,6222688465677.85
2021-12-07,28908044014251.51,22679802644448.84,6228241369802.67
2021-12-08,28908031211073.83,22688938594240.60,6219092616833.23
2021-12-09,28908056570613.87,22686195368295.52,6221861202318.35
2021-12-10,28908043641448.41,22686899887990.36,6221143753458.05
2021-12-13,28908004857445.12,22684045769218.64,6223959088226.48
2021-12-14,28908004807295.13,22674771054977.96,6233233752317.17
2021-12-15,28907991955973.38,22571130981329.51,6336860974643.87
2021-12-16,29206281597429.63,22799216577400.12,6407065020029.51
2021-12-17,29219162160636.54,22801698897579.86,6417463263056.68
2021-12-20,29227234350837.28,22804697508280.00,6422536842557.28
2021-12-21,29323617110064.25,22891867408153.57,6431749701910.68
2021-12-22,29371119029875.94,22954312648527.14,6416806381348.80
2021-12-23,29364845916478.98,22938284268590.05,6426561647888.93
2021-12-24,29366487278631.21,22938681857522.76,6427805421108.45
2021-12-27,29392499945489.90,22942742141336.90,6449757804153.00
2021-12-28,29470201773029.74,23011724666665.37,6458477106364.37
2021-12-29,29473751154659.92,23014779515683.95,6458971638975.97
2021-12-30,29494802867965.60,23032719604617.45,6462083263348.15
2021-12-31,29617214856051.75,23143747354717.21,6473467501334.54
2022-01-03,29561913979100.59,23144361951919.29,6417552027181.30
2022-01-04,29684795727298.77,23211833164968.02,6472962562330.75
2022-01-05,29688711799683.89,23214140155933.97,6474571643749.92
2022-01-06,29711273060203.84,23229972540996.60,6481300519207.24
2022-01-07,29712206809284.68,23229647025413.05,6482559783871.63
2022-01-10,29721316241512.87,23231536681984.59,6489779559528.28
2022-01-11,29798686421059.41,23297954520520.72,6500731900538.69
2022-01-12,29782260926262.90,23298964278988.09,6483296647274.81
2022-01-13,29744356363065.92,23257631673763.52,6486724689302.40
2022-01-14,29744955877708.72,23257604801754.91,6487351075953.81
2022-01-18,29868786972155.16,23343151893368.79,6525635078786.37
2022-01-19,29850619689684.70,23344873734139.90,6505745955544.80
2022-01-20,29867021509573.92,23357247989199.74,6509773520374.18
2022-01-21,29872478049038.47,23358107262787.03,6514370786251.44
2022-01-24,29881277514277.80,23359986549166.17,6521290965111.63
2022-01-25,29922910183810.92,23388573688602.23,6534336495208.69
2022-01-26,29911026945197.44,23389827511089.61,6521199434107.83
2022-01-27,29924269641846.11,23396325976939.30,6527943664906.81
2022-01-28,29923547295151.27,23396713465058.67,6526833830092.60
2022-01-31,30012386059238.29,23487180861724.36,6525205197513.93
2022-02-01,30006703853708.68,23514256725319.07,6492447128389.61
2022-02-02,30003214001317.09,23514973913252.55,6488240088064.54
2022-02-03,29997348065352.64,23520768810384.49,6476579254968.15
2022-02-04,30000735946967.99,23520871235145.52,6479864711822.47
2022-02-07,30006559494788.12,23520665528247.36,6485893966540.76
2022-02-08,30044308711213.55,23546487028994.99,6497821682218.56
2022-02-09,30026315620292.26,23546381809272.50,6479933811019.76
2022-02-10,30036167906443.71,23552446303427.89,6483721603015.82
2022-02-11,30037556218178.22,23552900361237.27,6484655856940.95
2022-02-14,30040321184028.23,23553290709911.88,6487030474116.35
2022-02-15,30131747139602.40,23629210092090.68,6502537047511.72
2022-02-16,30117444531577.68,23630364799178.54,6487079732399.14
2022-02-17,30116594102929.26,23638496766854.49,6478097336074.77
2022-02-18,30136875054554.09,23639007666740.88,6497867387813.21
2022-02-22,30149602822218.27,23640796749421.98,6508806072796.29
2022-02-23,30147740479276.32,23643313423251.08,6504427056025.24
2022-02-24,30156745227539.43,23650094462737.71,6506650764801.72
2022-02-25,30181306040701.10,23674701459931.29,6506604580769.81
2022-02-28,30290352672788.26,23776559880654.69,6513792792133.57
2022-03-01,30239898882055.44,23760884566152.14,6479014315903.30
2022-03-02,30251604074765.14,23761655231136.13,6489948843629.01
2022-03-03,30245916343005.77,23767848090519.97,6478068252485.80
2022-03-04,30248093947990.39,23768629464692.05,6479464483298.34
2022-03-07,30255662304200.67,23769812566803.95,6485849737396.72
2022-03-08,30255122852682.82,23756027666634.96,6499095186047.86
2022-03-09,30239035813427.89,23756649906514.66,6482385906913.23
2022-03-10,30169155662145.01,23703290948350.70,6465864713794.31
2022-03-11,30171347673677.13,23704961287210.77,6466386386466.36
2022-03-14,30192743136499.51,23706410557359.65,6486332579139.86
2022-03-15,30269363487047.15,23772836781526.72,6496526705520.43
2022-03-16,30256993166299.52,23773649542061.15,6483343624238.37
2022-03-17,30281982928127.92,23786300309155.52,6495682618972.40
2022-03-18,30284575737668.34,23787659867729.49,6496915869938.85
2022-03-21,30292940101302.71,23789792101768.08,6503147999534.63
2022-03-22,30291043758532.60,23777405061375.42,6513638697157.18
2022-03-23,30278417333368.05,23778997678615.26,6499419654752.79
2022-03-24,30278646895828.99,23779423004315.70,6499223891513.29
2022-03-25,30310461979697.08,23802522106432.78,6507939873264.30
2022-03-28,30316415445123.62,23804407189474.30,6512008255649.32
2022-03-29,30295658229777.35,23774340616832.05,6521317612945.30
2022-03-30,30297725742214.85,23774952716381.74,6522773025833.11
2022-03-31,30400959928180.97,23879767750374.44,6521192177806.53
2022-04-01,30341730921413.68,23876871508574.59,6464859412839.09
2022-04-04,30360242388882.82,23877671033998.57,6482571354884.25
2022-04-05,30344759728429.97,23848224477303.94,6496535251126.03
2022-04-06,30346743836943.52,23847773785495.59,6498970051447.93
2022-04-07,30355560978807.42,23850625204969.95,6504935773837.47
2022-04-08,30358253372526.82,23849447857187.93,6508805515338.89
2022-04-11,30366149784776.56,23850958883454.16,6515190901322.40
2022-04-12,30353116155400.25,23827481704084.16,6525634451316.09
2022-04-13,30337948527881.09,23827992412843.03,6509956115038.06
2022-04-14,30348128378186.46,23831840440480.41,6516287937706.05
2022-04-15,30283200409185.07,23742712293275.44,6540488115909.63
2022-04-18,30420646059970.80,23868824106796.53,6551821953174.27
2022-04-19,30424031211100.86,23844892472878.59,6579138738222.27
2022-04-20,30409020743474.81,23844550883060.78,6564469860414.03
2022-04-21,30417821278854.39,23844948076493.78,6572873202360.61
2022-04-22,30420895865073.55,23845724960882.41,6575170904191.14
2022-04-25,30436599006622.81,23847559906008.04,6589039100614.77
2022-04-26,30429943152594.56,23833250536651.21,6596692615943.35
2022-04-27,30416607299745.21,23835678346099.82,6580928953645.39
2022-04-28,30402580500253.99,23824798178720.12,6577782321533.87
2022-04-29,30374154511898.01,23847245116757.60,6526909395140.41
2022-05-02,30402621901012.51,23875234532634.35,6527387368378.16
2022-05-03,30403398384128.46,23862621422333.01,6540776961795.45
2022-05-04,30410132998220.16,23864363727716.02,6545769270504.14
2022-05-05,30399297359286.48,23844952001831.40,6554345357455.08
2022-05-06,30405869003073.20,23846960649213.85,6558908353859.35
2022-05-09,30414687675786.97,23848804616521.92,6565883059265.05
2022-05-10,30413347630269.05,23836187718547.96,6577159911721.09
2022-05-11,30396277082105.50,23836594143128.62,6559682938976.88
2022-05-12,30382270349258.70,23818175829206.51,6564094520052.19
2022-05-13,30383299268879.53,23819289486265.17,6564009782614.36
2022-05-16,30446209092689.11,23873830600715.82,6572378491973.29
2022-05-17,30448917678953.58,23861554218139.08,6587363460814.50
2022-05-18,30433638163659.19,23862533970642.43,6571104193016.76
2022-05-19,30417290218588.60,23840146048104.13,6577144170484.47
2022-05-20,30416558370122.14,23838574996348.87,6577983373773.27
2022-05-23,30425272588115.25,23841258077655.25,6584014510460.00
2022-05-24,30436485213373.36,23832717230524.74,6603767982848.62
2022-05-25,30420927327550.90,23833748517379.58,6587178810171.32
2022-05-26,30401585043707.47,23809737647931.04,6591847395776.43
2022-05-27,30424491318227.50,23832623846690.77,6591867471536.73
2022-05-31,30499618521246.79,23904391446377.85,6595227074868.94
2022-06-01,30440978089256.71,23901123998249.97,6539854091006.74
2022-06-02,30425659073319.04,23880949611916.73,6544709461402.31
2022-06-03,30412550624776.76,23880625503340.64,6531925121436.12
2022-06-06,30420887219375.02,23882174574916.76,6538712644458.26
2022-06-07,30417587131946.16,23872184873595.67,6545402258350.49
2022-06-08,30416483347432.31,23872735297279.37,6543748050152.94
2022-06-09,30396764239689.30,23849445135818.63,6547319103870.67
2022-06-10,30395962543534.33,23849474859571.62,6546487683962.71
2022-06-13,30401228823317.56,23849889487367.57,6551339335949.99
2022-06-14,30402372009375.80,23840725394402.90,6561646614972.90
2022-06-15,30450427989813.29,23899977909751.77,6550450080061.52
2022-06-16,30436640164627.79,23876682603860.46,6559957560767.33
2022-06-17,30447724565578.89,23879069528264.11,6568655037314.78
2022-06-21,30444351824009.42,23870090956247.71,6574260867761.71
2022-06-22,30438441032259.40,23871683179793.21,6566757852466.19
2022-06-23,30422296050212.64,23852955061361.41,6569340988851.23
2022-06-24,30459118079859.70,23876061756550.94,6583056323308.76
2022-06-27,30465478903061.14,23877620707674.42,6587858195386.72
2022-06-28,30472631501345.25,23874198004998.78,6598433496346.47
2022-06-29,30471945407032.54,23874314385857.11,6597631021175.43
2022-06-30,30568582029058.95,23912159729664.37,6656422299394.58
2022-07-01,30486168799297.68,23907043409165.39,6579125390132.29
2022-07-05,30499767630042.65,23905300285648.70,6594467344393.95
2022-07-06,30523761181677.24,23907379587637.67,6616381594039.57
2022-07-07,30506236341875.02,23887764405631.71,6618471936243.31
2022-07-08,30508293809509.33,23885954225244.84,6622339584264.49
2022-07-11,30519301003393.25,23888492594959.37,6630808408433.88
2022-07-12,30524982128851.06,23884255855136.96,6640726273714.10
2022-07-13,30506853223701.66,23884607386844.94,6622245836856.72
2022-07-14,30492718741221.26,23869748457708.38,6622970283512.88
2022-07-15,30515298593937.76,23886461499060.70,6628837094877.06
2022-07-18,30523741048474.78,23888760234588.95,6634980813885.83
2022-07-19,30553663895660.26,23904694525375.66,6648969370284.60
2022-07-20,30532029905442.16,23905417095182.62,6626612810259.54
2022-07-21,30527597691286.76,23893927868017.57,6633669823269.19
2022-07-22,30529873257653.04,23894509345529.13,6635363912123.91
2022-07-25,30543559825181.40,23896763874312.44,6646795950868.96
2022-07-26,30598262922849.72,23937355436875.30,6660907485974.42
2022-07-27,30581630650266.54,23938026629298.98,6643604020967.56
2022-07-28,30580925386856.72,23934024135680.86,6646901251175.86
2022-07-29,30595108567190.06,23952579183056.89,6642529384133.17
2022-08-01,30536410540554.18,23941782429899.12,6594628110655.06
2022-08-02,30595969570769.77,23982476636558.98,6613492934210.79
2022-08-03,30581257828120.79,23982581351353.18,6598676476767.61
2022-08-04,30588576389112.46,23983681402419.74,6604894986692.72
2022-08-05,30589280234859.34,23983838470700.05,6605441764159.29
2022-08-08,30600925494647.66,23986683311303.22,6614242183344.44
2022-08-09,30651901663997.97,24027688178378.89,6624213485619.08
2022-08-10,30656481655127.17,24028355531684.22,6628126123442.95
2022-08-11,30660257804900.73,24029273779535.94,6630984025364.79
2022-08-12,30661900621199.98,24029790764887.23,6632109856312.75
2022-08-15,30695428647128.38,24051002065916.77,6644426581211.61
2022-08-16,30736589309063.51,24081843468911.97,6654745840151.54
2022-08-17,30724398554149.91,24082096945371.80,6642301608778.11
2022-08-18,30729913543818.69,24084274136453.14,6645639407365.55
2022-08-19,30731391952366.35,24084753661617.55,6646638290748.80
2022-08-22,30740292605227.85,24087312326304.38,6652980278923.47
2022-08-23,30777437633186.65,24109372250554.94,6668065382631.71
2022-08-24,30751828350400.15,24109361188937.07,6642467161463.08
2022-08-25,30824380608762.88,24170525091479.93,6653855517282.95
2022-08-26,30846992848094.66,24193808246140.62,6653184601954.04
2022-08-29,30852152360376.09,24195947091069.71,6656205269306.38
2022-08-30,30879099520384.98,24216548517136.84,6662551003248.14
2022-08-31,30936075214882.41,24267551242280.32,6668523972602.09
2022-09-01,30879363523856.88,24265237267051.03,6614126256805.85
2022-09-02,30872035484014.48,24265249353650.98,6606786130363.50
2022-09-06,30887902026844.77,24273892938014.51,6614009088830.26
2022-09-07,30897876626009.31,24275742755323.11,6622133870686.20
2022-09-08,30894123090119.44,24277401630153.32,6616721459966.12
2022-09-09,30894094123383.54,24277780650175.09,6616313473208.45
2022-09-12,30898201768751.74,24277951601745.72,6620250167006.02
2022-09-13,30902439190146.00,24277091954661.92,6625347235484.08
2022-09-14,30885840414162.26,24277735795734.93,6608104618427.33
2022-09-15,30886835217014.00,24269208569512.02,6617626647501.98
2022-09-16,30890599196504.46,24269701912640.61,6620897283863.85
2022-09-19,30900612291409.53,24269365041132.85,6631247250276.68
2022-09-20,30902024272230.49,24259860964887.67,6642163307342.82
2022-09-21,30886263886577.47,24259893533913.04,6626370352664.43
2022-09-22,30894820923257.38,24262119192823.44,6632701730433.94
2022-09-23,30899381846844.68,24261913752067.08,6637468094777.60
2022-09-26,30910232518783.59,24261991624316.95,6648240894466.64
2022-09-27,30906090013949.29,24251204677164.30,6654885336784.99
2022-09-28,30887265175018.58,24251147924159.27,6636117250859.31
2022-09-29,30871364355379.25,24252296040720.49,6619068314658.76
2022-09-30,30928911613306.73,24299192620158.51,6629718993148.22
2022-10-03,31123887781401.34,24294113407974.24,6829774373427.10
2022-10-04,31137019107054.18,24288376193590.75,6848642913463.43
2022-10-05,31142591307260.01,24288995636259.98,6853595671000.03
2022-10-06,31149119741274.67,24289853540356.64,6859266200918.03
2022-10-07,31148886822497.86,24289555258726.70,6859331563771.16
2022-10-11,31151614900188.79,24284148392021.21,6867466508167.58
2022-10-12,31143714678984.68,24284135644567.68,6859579034417.00
2022-10-13,31144952729330.20,24285309326318.59,6859643403011.61
2022-10-14,31148224201748.31,24285155079568.71,6863069122179.60
2022-10-17,31211425992825.15,24337797792146.07,6873628200679.08
2022-10-18,31239007530862.96,24349884301200.28,6889123229662.68
2022-10-19,31221577895299.32,24349997077337.59,6871580817961.73
2022-10-20,31226777244320.88,24347230421264.75,6879546823056.13
2022-10-21,31228593470885.27,24347298846397.92,6881294624487.35
2022-10-24,31230144668950.40,24347817271984.35,6882327396966.05
2022-10-25,31267801464630.43,24370660275741.41,6897141188889.02
2022-10-26,31252264539655.98,24371286875157.24,6880977664498.74
2022-10-27,31257754739246.94,24374113303700.19,6883641435546.75
2022-10-28,31256407799264.82,24375346150436.82,6881061648828.00
2022-10-31,31238301149359.52,24352541663465.59,6885759485893.93
2022-11-01,31211733641873.98,24378511504145.56,6833222137728.42
2022-11-02,31221842669793.73,24378672839101.38,6843169830692.35
2022-11-03,31218945420267.56,24386445346851.25,6832500073416.31
2022-11-04,31220131631576.38,24386136917562.59,6833994714013.79
2022-11-07,31223537674566.50,24386696051495.91,6836841623070.59
2022-11-08,31261637217741.34,24414960171859.34,6846677045882.00
2022-11-09,31243642975784.19,24415475380398.35,6828167595385.84
2022-11-10,31252011952406.60,24421759397777.80,6830252554628.80
2022-11-14,31255281194037.69,24422187334127.25,6833093859910.44
2022-11-15,31288173275005.23,24439731241217.50,6848442033787.73
2022-11-16,31271673609090.21,24440834832198.03,6830838776892.18
2022-11-17,31285200524997.70,24445390138404.45,6839810386593.25
2022-11-18,31282681366945.28,24445286394751.42,6837394972193.86
2022-11-21,31287341857033.42,24445710962416.74,6841630894616.68
2022-11-22,31348462540164.76,24498940310307.41,6849522229857.35
2022-11-23,31334033410564.83,24498705045728.79,6835328364836.04
2022-11-25,31367782185275.16,24524431584946.76,6843350600328.40
2022-11-28,31370818044115.80,24522908434421.07,6847909609694.73
2022-11-29,31373835538691.42,24518730678216.08,6855104860475.34
2022-11-30,31413322465316.30,24553456579697.93,6859865885618.37
2022-12-01,31363224488934.33,24548085263208.48,6815139225725.85
2022-12-02,31350137366089.86,24546284664471.75,6803852701618.11
2022-12-05,31352797927277.98,24545057009666.98,6807740917611.00
2022-12-06,31338545807969.89,24525522795969.07,6813023012000.82
2022-12-07,31335087282739.04,24522778382020.78,6812308900718.26
2022-12-08,31310795117652.48,24483967184989.59,6826827932662.89
2022-12-09,31311339819146.48,24483317280902.30,6828022538244.18
2022-12-12,31317682511738.10,24484165270687.53,6833517241050.57
2022-12-13,31304145125065.10,24462245795846.61,6841899329218.49
2022-12-14,31284312707977.52,24460952760896.41,6823359947081.11
2022-12-15,31319627308434.12,24512614034405.35,6807013274028.77
2022-12-16,31347126959844.32,24513353055221.64,6833773904622.68
2022-12-19,31355252649529.65,24513285125511.79,6841967524017.86
2022-12-20,31336725201001.72,24486055520669.80,6850669680331.92
2022-12-21,31319544673024.08,24486773540644.66,6832771132379.42
2022-12-22,31327478657710.42,24489806162692.45,6837672495017.97
2022-12-23,31345957007436.98,24490152364372.34,6855804643064.64
2022-12-27,31336045318443.84,24473926570106.05,6862118748337.79
2022-12-28,31324396828014.02,24474954689462.91,6849442138551.11
2022-12-29,31326303949171.72,24476186628276.12,6850117320895.60
2022-12-30,31419689421557.90,24517593324394.19,6902096097163.71
2023-01-03,31351186121029.94,24507554337075.14,6843631783954.80
2023-01-04,31375549251149.30,24507810943956.64,6867738307192.66
2023-01-05,31380309986690.02,24510300399440.90,6870009587249.12
2023-01-06,31385444530134.11,24510694268778.74,6874750261355.37
2023-01-09,31388880520361.96,24510491360745.09,6878389159616.87
2023-01-10,31395133116713.19,24503808492232.59,6891324624480.60
2023-01-11,31375141998674.97,24503936952202.58,6871205046472.39
2023-01-12,31384186242930.68,24508970410562.73,6875215832367.95
2023-01-13,31384494575753.76,24509049953688.03,6875444622065.73
2023-01-17,31416438567504.46,24529073534926.79,6887365032577.67
2023-01-18,31414360560928.79,24529263311432.61,6885097249496.18
2023-01-19,31455404534717.58,24597726186235.73,6857678348481.85
2023-01-20,31454980005742.40,24597711562696.43,6857268443045.97
2023-01-23,31453706514493.81,24597079083052.30,6856627431441.51
2023-01-24,31454847829751.33,24588029392842.30,6866818436909.03
2023-01-25,31454408144448.04,24601728913404.86,6852679231043.18
2023-01-26,31457696210437.44,24595370749863.17,6862325460574.27
2023-01-27,31457247193992.49,24594507779579.46,6862739414413.03
2023-01-30,31455902749858.28,24591455277525.03,6864447472333.25
2023-01-31,31454982227739.16,24583993573074.66,6870988654664.50
2023-02-01,31454525403853.71,24627866879154.63,6826658524699.08
2023-02-02,31456162200688.98,24614111117623.54,6842051083065.44
2023-02-03,31455700789201.69,24632540316493.99,6823160472707.70
2023-02-06,31454316628624.35,24625672259290.92,6828644369333.43
2023-02-07,31455106801791.45,24615758519222.41,6839348282569.04
2023-02-08,31454636989653.27,24633964941304.68,6820672048348.59
2023-02-09,31456220930170.68,24632706860395.91,6823514069774.77
2023-02-10,31455746843248.16,24631981684311.92,6823765158936.24
2023-02-13,31454324737379.70,24628372758461.60,6825951978918.10
2023-02-14,31455119626084.09,24620832367364.22,6834287258719.87
2023-02-15,31454875345039.44,24632690699646.77,6822184645392.67
2023-02-16,31456554630496.28,24629050125670.81,6827504504825.47
2023-02-17,31456066828798.54,24622821116330.88,6833245712467.66
2023-02-21,31455409398238.35,24617040735960.56,6838368662277.79
2023-02-22,31454917205702.37,24617347968404.01,6837569237298.36
2023-02-23,31458344513051.40,24622064217855.12,6836280295196.28
2023-02-24,31457850808804.42,24614739029627.85,6843111779176.57
2023-02-27,31456370703428.32,24613895583877.09,6842475119551.23
2023-02-28,31459291458579.46,24609240801721.77,6850050656857.69
2023-03-01,31459077499143.18,24651114436516.83,6807963062626.35
2023-03-02,31460699290015.01,24638428808442.94,6822270481572.07
2023-03-03,31460199203286.73,24656606027326.08,6803593175960.65
2023-03-06,31458698875752.65,24648784848938.02,6809914026814.63
2023-03-07,31459509628188.93,24638105509923.23,6821404118265.70
2023-03-08,31459006159569.62,24655743073935.02,6803263085634.60
2023-03-09,31460529559594.69,24648520075669.90,6812009483924.79
2023-03-10,31460029554847.61,24694495096597.19,6765534458250.42
2023-03-13,31458529688022.21,24688026061245.58,6770503626776.63
2023-03-14,31459299861280.16,24635939474269.94,6823360387010.22
2023-03-15,31458799258235.48,24653951364406.07,6804847893829.41
2023-03-16,31460256629224.57,24651327466524.76,6808929162699.81
2023-03-17,31459754258129.86,24642348579839.15,6817405678290.71
2023-03-20,31458247565973.04,24660461245713.11,6797786320259.93
2023-03-21,31458878060604.68,24654812423447.06,6804065637157.62
2023-03-22,31458378773492.71,24672395872106.05,6785982901386.66
2023-03-23,31461290165584.75,24672446327613.34,6788843837971.41
2023-03-24,31460784958919.28,24670017751549.63,6790767207369.65
2023-03-27,31459270694014.88,24657636419589.87,6801634274425.01
2023-03-28,31459895749667.19,24650286277272.32,6809609472394.87
2023-03-29,31459394182174.14,24649090662093.88,6810303520080.26
2023-03-30,31460917912000.64,24641815856835.50,6819102055165.14
2023-03-31,31458437575028.18,24693515037758.24,6764922537269.94
2023-04-03,31457162092035.15,24697739971933.05,6759422120102.10
2023-04-04,31457814382891.50,24675090313100.14,6782724069791.36
2023-04-05,31457303225023.58,24674103950594.51,6783199274429.07
2023-04-06,31458834911726.06,24669012664010.21,6789822247715.85
2023-04-07,31458324224063.06,24669374971133.27,6788949252929.79
2023-04-10,31456792146533.90,24660050352151.30,6796741794382.60
2023-04-11,31457439141191.15,24656053808856.67,6801385332334.48
2023-04-12,31456929921358.84,24675443057972.80,6781486863386.04
2023-04-13,31458490890759.40,24671975995707.11,6786514895052.29
2023-04-14,31457979446741.25,24670728299167.00,6787251147574.25
2023-04-17,31456445296319.41,24641048702094.30,6815396594225.11
2023-04-18,31457119565345.61,24627869055404.14,6829250509941.47
2023-04-19,31456614505854.44,24629878779698.90,6826735726155.54
2023-04-20,31459978914887.75,24626946141219.75,6833032773668.00
2023-04-21,31459469010160.55,24620279846808.14,6839189163352.41
2023-04-24,31457939840159.39,24606854923098.48,6851084917060.91
2023-04-25,31458521201235.23,24594031097296.96,6864490103938.27
2023-04-26,31458014678320.26,24609136413572.05,6848878264748.21
2023-04-27,31459619676179.65,24607260377321.56,6852359298858.09
2023-04-28,31457814648415.87,24605068022566.94,6852746625848.93
2023-05-01,31457398880450.85,24647679693931.41,6809719186519.44
2023-05-02,31457997078075.46,24620365800256.98,6837631277818.48
2023-05-03,31457486656663.50,24635834770776.97,6821651885886.53
2023-05-04,31459291842710.78,24638820908771.95,6820470933938.83
2023-05-05,31458774801619.75,24636096207170.77,6822678594448.98
2023-05-08,31457223984544.50,24627341968877.85,6829882015666.65
2023-05-09,31457939857155.51,24619937084187.34,6838002772968.17
2023-05-10,31457421959011.26,24641172605144.54,6816249353866.72
2023-05-11,31459051720110.08,24639687475035.30,6819364245074.78
2023-05-12,31458532169329.81,24639658124898.10,6818874044431.71
2023-05-15,31457107100707.45,24632499077869.51,6824608022837.94
2023-05-16,31458557909691.70,24622446659092.64,6836111250599.06
2023-05-17,31458034662625.50,24637068788324.66,6820965874300.84
2023-05-18,31462676535393.66,24637327117844.81,6825349417548.85
2023-05-19,31462147316778.94,24637236875327.69,6824910441451.25
2023-05-22,31460559910557.31,24632270448804.39,6828289461752.92
2023-05-23,31462154854902.95,24620574476453.96,6841580378448.99
2023-05-24,31461618625936.34,24635199871338.14,6826418754598.20
2023-05-25,31465482242065.47,24634289587393.08,6831192654672.39
2023-05-26,31464942311540.05,24635928951197.20,6829013360342.85
2023-05-30,31463988658765.75,24634298664090.12,6829689994675.63
2023-05-31,31464457465522.98,24630686283413.55,6833771182109.43
2023-06-01,31467639287894.39,24690309627385.24,6777329660509.15
2023-06-02,31467099921028.51,24702383053957.66,6764716867070.85
2023-06-05,31825678823229.44,25032142794296.03,6793536028933.41
2023-06-06,31855980740631.82,25047398385875.44,6808582354756.38
2023-06-07,31857005736347.57,25047345441645.83,6809660294701.74
2023-06-08,31921257581480.24,25067556730313.10,6853700851167.14
2023-06-09,31921148764836.99,25067359532394.48,6853789232442.51
2023-06-12,31926284136023.52,25068366483285.59,6857917652737.93
2023-06-13,31975294735877.95,25103112337735.63,6872182398142.32
2023-06-14,31954447260177.67,25102753092893.82,6851694167283.85
2023-06-15,32039244474237.54,25178340697038.00,6860903777199.54
2023-06-16,32044348877002.64,25178190392307.09,6866158484695.55
2023-06-20,32105203198332.68,25228858760169.95,6876344438162.73
2023-06-21,32095742365497.49,25229448283990.68,6866294081506.81
2023-06-22,32168649898303.94,25300472765476.35,6868177132827.59
2023-06-23,32172576566647.61,25300770075189.85,6871806491457.76
2023-06-26,32195327569330.09,25301524659262.37,6893802910067.72
2023-06-27,32266627668494.67,25361694924458.65,6904932744036.02
2023-06-28,32246996999971.79,25361829706692.20,6885167293279.59
2023-06-29,32317771369915.85,25430243041777.75,6887528328138.10
2023-06-30,32332274184762.99,25461998188055.84,6870275996707.15
2023-07-03,32320860659267.72,25459084714008.85,6861775945258.87
2023-07-05,32402127570957.67,25519177294520.73,6882950276436.94
2023-07-06,32474413322200.55,25589897134579.63,6884516187620.92
2023-07-07,32477557021205.00,25589710081130.35,6887846940074.65
2023-07-10,32481106332188.70,25588803096223.83,6892303235964.87
2023-07-11,32538466818074.23,25633781683720.91,6904685134353.32
2023-07-12,32518395816772.17,25633821130387.02,6884574686385.15
2023-07-13,32542322793399.60,25653457820714.17,6888864972685.43
2023-07-14,32542410783066.52,25653572867943.31,6888837915123.21
2023-07-17,32535010186295.34,25640127926386.32,6894882259909.02
2023-07-18,32590931867992.77,25679320577331.03,6911611290661.74
2023-07-19,32569914975378.20,25679252837370.23,6890662138007.97
2023-07-20,32592226328901.30,25696346915423.59,6895879413477.71
2023-07-21,32592962824463.71,25696711160445.54,6896251664018.17
2023-07-24,32597769037193.63,25696796546929.52,6900972490264.11
2023-07-25,32651223755977.61,25731318151865.02,6919905604112.59
2023-07-26,32634846702744.10,25731546565342.25,6903300137401.85
2023-07-27,32659378691249.41,25753140068904.18,6906238622345.23
2023-07-28,32657120596498.01,25752739140296.84,6904381456201.17
2023-07-31,32608585072666.14,25708799188483.91,6899785884182.23
2023-08-01,32587568982505.21,25740123485927.36,6847445496577.85
2023-08-02,32599351354449.13,25740356333124.46,6858995021324.67
2023-08-03,32604327644488.70,25759287856824.22,6845039787664.48
2023-08-04,32603146075129.53,25758851818235.69,6844294256893.84
2023-08-07,32611306799308.24,25759016987176.09,6852289812132.15
2023-08-08,32644136864636.77,25778440181711.50,6865696682925.27
2023-08-09,32620930327834.11,25778304585040.20,6842625742793.91
2023-08-10,32658063006610.57,25812225197718.34,6845837808892.23
2023-08-11,32658608220243.14,25812094620607.35,6846513599635.79
2023-08-14,32663530449768.77,25812732982266.50,6850797467502.27
2023-08-15,32679941424168.59,25814344975175.86,6865596448992.73
2023-08-16,32661578249677.03,25814897784477.01,6846680465200.02
2023-08-17,32703692544630.03,25850475396069.84,6853217148560.19
2023-08-18,32704414954249.48,25850890627408.14,6853524326841.34
2023-08-21,32710634463121.12,25851338453031.71,6859296010089.41
2023-08-22,32759307280146.99,25886489572735.04,6872817707411.95
2023-08-23,32740372767613.62,25886300370614.66,6854072396998.96
2023-08-24,32777879728405.51,25922115213450.97,6855764514954.54
2023-08-25,32810223546146.86,25946514803377.09,6863708742769.77
2023-08-28,32814443005564.85,25947218499165.31,6867224506399.54
2023-08-29,32856459016611.95,25982708609301.70,6873750407310.25
2023-08-30,32854452857620.10,25982664124907.71,6871788732712.39
2023-08-31,32914149363760.95,26044050577584.54,6870098786176.41
2023-09-01,32841516339054.53,26044507800625.70,6797008538428.83
2023-09-05,32890665217705.83,26077617922113.74,6813047295592.09
2023-09-06,32903153698686.77,26077580698557.50,6825573000129.27
2023-09-07,32935650483547.70,26108844533675.44,6826805949872.26
2023-09-08,32940661203521.87,26109080792236.31,6831580411285.56
2023-09-11,32940629592824.66,26109190196680.37,6831439396144.29
2023-09-12,32979921616712.66,26140258067985.33,6839663548727.33
2023-09-13,32959505153577.02,26140787908311.45,6818717245265.57
2023-09-14,32988632843664.10,26166758026969.24,6821874816694.86
2023-09-15,33044858730468.04,26214467619830.38,6830391110637.66
2023-09-18,33053950837720.90,26214774694145.72,6839176143575.18
2023-09-19,33091844110815.65,26234340083526.65,6857504027289.00
2023-09-20,33070803843484.64,26234126979922.55,6836676863562.09
2023-09-21,33100408357471.81,26256883939422.64,6843524418049.17
2023-09-22,33101965802900.40,26257563828493.74,6844401974406.66
2023-09-25,33112060391950.29,26257540552723.90,6854519839226.39
2023-09-26,33146408994532.36,26275119110710.20,6871289883822.16
2023-09-27,33126911471375.81,26274995762333.71,6851915709042.10
2023-09-28,33126476376937.36,26289027123953.30,6837449252984.06
2023-09-29,33167334044723.16,26330142473191.94,6837191571531.22
2023-10-02,33442148619617.43,26339002538627.28,7103146080990.15
2023-10-03,33474904868026.30,26367058728957.29,7107846139069.01
2023-10-04,33477960047805.47,26366947230514.69,7111012817290.78
2023-10-05,33513382512663.51,26401336139723.41,7112046372940.10
2023-10-06,33510833601230.21,26402295025521.83,7108538575708.38
2023-10-10,33550239305902.84,26436036277654.31,7114203028248.53
2023-10-11,33537137879410.41,26436716538490.99,7100421340919.42
2023-10-12,33523064674012.35,26427019000844.73,7096045673167.62
2023-10-13,33529128255188.48,26426737912612.51,7102390342575.97
2023-10-16,33590304573293.45,26474358051666.99,7115946521626.46
2023-10-17,33648686850967.49,26514681646246.71,7134005204720.78
2023-10-18,33629187105622.79,26514600427747.18,7114586677875.61
2023-10-19,33626943979485.12,26514791447517.55,7112152531967.57
2023-10-20,33627279194343.04,26514640558602.24,7112638635740.80
2023-10-23,33636013783185.72,26515454944212.13,7120558838973.59
2023-10-24,33684219111864.76,26555329165607.14,7128889946257.62
2023-10-25,33673409042338.43,26555586966540.18,7117822075798.25
2023-10-26,33675966690300.60,26555584041129.64,7120382649170.96
2023-10-27,33675583991310.32,26555921813583.64,7119662177726.68
2023-10-30,33675453581151.30,26556166875895.44,7119286705255.86
2023-10-31,33699580339128.49,26576222054905.35,7123358284223.14
2023-11-01,33637961474736.64,26575012517991.32,7062948956745.32
2023-11-02,33694310446080.58,26630281961741.23,7064028484339.35
2023-11-03,33677795968325.37,26630035169821.74,7047760798503.63
2023-11-06,33685549023482.44,26630878504859.46,7054670518622.98
2023-11-07,33723125002884.23,26660759220080.83,7062365782803.40
2023-11-08,33704519301758.33,26661887346319.75,7042631955438.58
2023-11-09,33700702394486.03,26656287173188.21,7044415221297.82
2023-11-10,33700519045108.91,26656297228213.21,7044221816895.70
2023-11-13,33704351344292.03,26656511120514.98,7047840223777.05
2023-11-14,33740758940298.14,26682674360903.60,7058084579394.54
2023-11-15,33702800356757.17,26660731529922.48,7042068826834.69
2023-11-16,33740140300745.07,26692308892194.77,7047831408550.30
2023-11-17,33746161204834.20,26692227905141.52,7053933299692.68
2023-11-20,33750176946218.59,26692445815829.42,7057731130389.17
2023-11-21,33786477536673.08,26718585115383.15,7067892421289.93
2023-11-22,33766418955614.84,26720115499960.31,7046303455654.53
2023-11-24,33827287441894.98,26771331485159.67,7055955956735.31
2023-11-27,33836693993860.35,26771780819894.09,7064913173966.26
2023-11-28,33851851942947.65,26777703430303.32,7074148512644.33
2023-11-29,33849202250270.84,26777711219088.21,7071491031182.63
2023-11-30,33878679367501.20,26843822063762.45,7034857303738.75
2023-12-01,33802677905705.57,26841899141108.59,6960778764596.98
2023-12-04,33814621976598.20,26842268790912.46,6972353185685.74
2023-12-05,33818376156446.20,26836499357657.48,6981876798788.72
2023-12-06,33818111305391.33,26836216971556.28,6981894333835.05
2023-12-07,33832815714760.09,26846003455945.39,6986812258814.70
2023-12-08,33847366133965.28,26845547562977.79,7001818570987.49
2023-12-11,33852528591546.39,26845481309902.06,7007047281644.33
2023-12-12,33851321205288.16,26833040275300.98,7018280929987.18
2023-12-13,33828210586703.42,26831255346478.60,6996955240224.82
2023-12-14,33840401518225.69,26839408031723.60,7000993486502.09
2023-12-15,33883845835556.04,26884830017231.68,6999015818324.36
2023-12-18,33891285134712.08,26884939028732.74,7006346105979.34
2023-12-19,33892115414659.10,26869396109579.57,7022719305079.53
2023-12-20,33870523504708.77,26870588772826.80,6999934731881.97
2023-12-21,33887666090658.40,26881279631976.22,7006386458682.18
2023-12-22,33901019328885.77,26880796429891.38,7020222898994.39
2023-12-26,33905473436272.38,26876124826110.32,7029348610162.06
2023-12-27,33896083378248.05,26876335151615.88,7019748226632.17
2023-12-28,33911227723170.48,26891920450910.61,7019307272259.87
2023-12-29,34001493655565.48,26938517614684.59,7062976040880.89
2024-01-02,33990127522066.83,26966333707733.52,7023793814333.31
2024-01-03,33994219872567.85,26967954226517.79,7026265646050.06
2024-01-04,34006270930685.56,26976928852286.78,7029342078398.78
2024-01-05,34009690055595.81,26976084404477.05,7033605651118.76
2024-01-08,34012198872291.96,26973939599749.78,7038259272542.18
2024-01-09,34024775058581.46,26974750049637.37,7050025008944.09
2024-01-10,34002438877490.81,26974362934797.17,7028075942693.64
2024-01-11,34058513894474.08,26985019110585.66,7073494783888.42
2024-01-12,34058157809451.17,26984681279437.27,7073476530013.90
2024-01-16,34061551582176.05,26977085934722.47,7084465647453.58
2024-01-17,34060163447630.43,26977279309230.03,7082884138400.40
2024-01-18,34069900131753.02,26986540939549.35,7083359192203.67
2024-01-19,34072342032939.15,26985839298705.00,7086502734234.15
2024-01-22,34076671717711.41,26985255075314.51,7091416642396.90
2024-01-23,34109378375744.03,27003770167433.26,7105608208310.77
2024-01-24,34088375076993.31,27002945955816.55,7085429121176.76
2024-01-25,34135530482291.88,27031896294653.96,7103634187637.92
2024-01-26,34135457061639.36,27031563517077.75,7103893544561.61
2024-01-29,34138472491310.02,27031268655335.78,7107203835974.24
2024-01-30,34172829341468.41,27058247867739.38,7114581473729.03
2024-01-31,34191150402393.64,27071861894841.00,7119288507552.64
2024-02-01,34155015629668.67,27096145994220.71,7058869635447.96
2024-02-02,34147347620186.87,27095216791114.36,7052130829072.51
2024-02-05,34153974129467.71,27095044263981.65,7058929865486.06
2024-02-06,34196564648055.77,27125821609881.79,7070743038173.98
2024-02-07,34197594492349.48,27125624577903.55,7071969914445.93
2024-02-08,34228699143453.34,27150016696468.02,7078682446985.32
2024-02-09,34228178296346.87,27149917447710.42,7078260848636.45
2024-02-12,34230783465383.28,27148944676868.26,7081838788515.02
2024-02-13,34269060493914.81,27177924667834.49,7091135826080.32
2024-02-14,34245315231752.02,27178010959199.55,7067304272552.47
2024-02-15,34266061012653.21,27184526004247.38,7081535008405.83
2024-02-16,34267230736108.38,27183667231435.16,7083563504673.22
2024-02-20,34305120631653.51,27208868737795.66,7096251893857.85
2024-02-21,34297767975339.20,27209148794470.33,7088619180868.87
2024-02-22,34332006626320.48,27242557270675.99,7089449355644.49
2024-02-23,34368198372899.16,27270277998967.49,7097920373931.67
2024-02-26,34376317052037.23,27270274003272.75,7106043048764.48
2024-02-27,34405200371310.35,27290138516220.85,7115061855089.50
2024-02-28,34382148207560.53,27290151250136.39,7091996957424.14
2024-02-29,34471083238111.75,27380289989183.77,7090793248927.98
2024-03-01,34393262399002.40,27378941449836.41,7014320949165.99
2024-03-04,34410892192352.05,27379505983815.03,7031386208537.02
2024-03-05,34438950067961.33,27394922018989.52,7044028048971.81
2024-03-06,34440831955756.54,27395073293225.10,7045758662531.44
2024-03-07,34461406559733.48,27409658010123.01,7051748549610.47
2024-03-08,34465058258901.44,27410398214937.37,7054660043964.07
2024-03-11,34471482665578.20,27411563369863.19,7059919295715.01
2024-03-12,34497203823900.22,27424259576638.32,7072944247261.90
2024-03-13,34475874743406.64,27424590793153.92,7051283950252.72
2024-03-14,34486220026285.95,27434194395974.08,7052025630311.87
2024-03-15,34542838497262.94,27486685431293.39,7056153065969.55
2024-03-18,34551363248839.89,27486890326230.45,7064472922609.44
2024-03-19,34582304524890.88,27495560223464.06,7086744301426.82
2024-03-20,34561173662194.19,27495310693451.23,7065862968742.96
2024-03-21,34578032221509.83,27511234577616.74,7066797643893.09
2024-03-22,34582121266033.57,27511504384092.25,7070616881941.32
2024-03-25,34598187991362.71,27512574463575.43,7085613527787.28
2024-03-26,34594388870175.66,27500757154307.80,7093631715867.86
2024-03-27,34573199545841.43,27503290057476.61,7069909488364.82
2024-03-28,34578609157179.32,27511740986475.77,7066868170703.55
2024-03-29,34586533479349.88,27511454993243.97,7075078486105.91
2024-04-01,34627201333064.10,27597003078569.01,7030198254495.09
2024-04-02,34622291870051.13,27571024016005.42,7051267854045.71
2024-04-03,34604337792885.31,27570738421546.27,7033599371339.04
2024-04-04,34598968534947.36,27557979891134.54,7040988643812.82
2024-04-05,34600643492585.10,27558067093863.29,7042576398721.81
2024-04-08,34608412560642.47,27559152334116.88,7049260226525.59
2024-04-09,34581009999544.53,27523837629266.01,7057172370278.52
2024-04-10,34561015516956.28,27524683546141.80,7036331970814.48
2024-04-11,34550836614631.68,27509726461018.85,7041110153612.83
2024-04-12,34553219625645.51,27509636671273.47,7043582954372.04
2024-04-15,34603202832010.75,27525652789136.96,7077550042873.79
2024-04-16,34591001330876.91,27491006854258.45,7099994476618.46
2024-04-17,34576488508928.92,27491018195859.82,7085470313069.10
2024-04-18,34583094965544.54,27485307938326.14,7097787027218.40
2024-04-19,34585528182775.46,27484861367243.35,7100666815532.11
2024-04-22,34591776354253.41,27486473714908.65,7105302639344.76
2024-04-23,34581882240753.07,27461262921654.41,7120619319098.66
2024-04-24,34571627122114.08,27461572886205.56,7110054235908.52
2024-04-25,34554969025868.11,27443681857808.67,7111287168059.44
2024-04-26,34558414957091.51,27444491423362.55,7113923533728.96
2024-04-29,34562760121518.06,27445183037521.17,7117577083996.89
2024-04-30,34616994016250.88,27480960216618.32,7136033799632.56
2024-05-01,34558286201504.24,27479892592950.49,7078393608553.75
2024-05-02,34563348818204.50,27462987329423.76,7100361488780.74
2024-05-03,34548206284406.41,27462531568558.89,7085674715847.52
2024-05-06,34560847639827.59,27463657361740.46,7097190278087.13
2024-05-07,34559395239870.33,27453420769237.90,7105974470632.43
2024-05-08,34541727970599.17,27454500607320.58,7087227363278.59
2024-05-09,34544912251854.53,27453899461694.50,7091012790160.03
2024-05-10,34544592017605.72,27453861306796.20,7090730710809.52
2024-05-13,34552162118847.87,27455172055232.87,7096990063615.00
2024-05-14,34572509369831.78,27459796281794.85,7112713088036.93
2024-05-15,34534845450747.16,27444319743354.59,7090525707392.57
2024-05-16,34552930923742.92,27456418787486.41,7096512136256.51
2024-05-17,34560897354777.70,27456876652491.59,7104020702286.11
2024-05-20,34569111311921.07,27458745418356.45,7110365893564.62
2024-05-21,34585560195036.84,27466193557963.77,7119366637073.07
2024-05-22,34568254514015.39,27469724120218.74,7098530393796.65
2024-05-23,34577128968551.63,27473485937031.60,7103643031520.03
2024-05-24,34587980444101.39,27473812202939.87,7114168241161.52
2024-05-28,34606167915025.93,27485640159741.04,7120527755284.89
2024-05-29,34621658355452.18,27487157223434.84,7134501132017.34
2024-05-30,34609796817427.65,27479078222866.95,7130718594560.70
2024-05-31,34667115142400.83,27606806621699.92,7060308520700.91
2024-06-03,34635364143328.14,27604546247462.02,7030817895866.12
2024-06-04,34655635889090.12,27601036912476.19,7054598976613.93
2024-06-05,34659901034605.69,27601771436920.21,7058129597685.48
2024-06-06,34670632654267.19,27590071808237.64,7080560846029.55
2024-06-07,34672892047832.53,27590412991651.25,7082479056181.28
2024-06-10,34709420097175.88,27590884592514.35,7118535504661.53
2024-06-11,34702935789016.26,27576833611186.52,7126102177829.74
2024-06-12,34681313704677.46,27576420914357.70,7104892790319.76
2024-06-13,34683580629557.70,27572656623723.99,7110924005833.71
2024-06-14,34681081398133.85,27571224186740.96,7109857211392.89
2024-06-17,34750498829987.55,27627953593560.50,7122545236427.05
2024-06-18,34734110906935.60,27614043126341.21,7120067780594.39
2024-06-20,34725850323608.22,27596094209621.92,7129756113986.30
2024-06-21,34733747766164.31,27594481222617.96,7139266543546.35
2024-06-24,34748602469986.14,27594422516851.49,7154179953134.65
2024-06-25,34748398688455.49,27580828533331.25,7167570155124.24
2024-06-26,34724689266963.11,27581121643497.46,7143567623465.65
2024-06-27,34722776927246.15,27564579398180.52,7158197529065.63
2024-06-28,34831634431393.47,27612896549329.17,7218737882064.30
2024-07-01,34841059628786.80,27686611898025.85,7154447730760.95
2024-07-02,34866040431327.31,27696947664513.33,7169092766813.98
2024-07-03,34847568990054.13,27696496266059.51,7151072723994.62
2024-07-05,34852201287595.04,27693475216355.36,7158726071239.68
2024-07-08,34857390059828.10,27693672925726.72,7163717134101.38
2024-07-09,34884371510047.60,27709504208843.50,7174867301204.10
2024-07-10,34861321658685.01,27710406330174.17,7150915328510.84
2024-07-11,34888939546525.91,27733802372114.60,7155137174411.31
2024-07-12,34889213426967.08,27734096471188.88,7155116955778.20
2024-07-15,34911647554064.35,27750724960754.60,7160922593309.75
2024-07-16,34940154193610.64,27775830463860.98,7164323729749.66
2024-07-17,34923277120226.95,27775355611306.52,7147921508920.43
2024-07-18,34945963278406.29,27794421298152.71,7151541980253.58
2024-07-19,34944251830592.92,27793280970095.10,7150970860497.82
2024-07-22,34950138997139.35,27793300671842.76,7156838325296.59
2024-07-23,34988121329285.52,27817639139025.78,7170482190259.74
2024-07-24,34969578299467.18,27817951354978.31,7151626944488.87
2024-07-25,34997540505103.33,27834323519790.43,7163216985312.90
2024-07-26,35001278179208.67,27834220424052.01,7167057755156.66
2024-07-29,35004415930299.00,27834326750512.37,7170089179786.63
2024-07-30,35043209977687.27,27864367559006.15,7178842418681.12
2024-07-31,35104770649301.03,27930511528793.83,7174259120507.20
2024-08-01,35059402347141.52,27946897741746.23,7112504605395.29
2024-08-02,35051428694554.99,27946832554647.40,7104596139907.59
2024-08-05,35059256376453.14,27945957511453.95,7113298864999.19
2024-08-06,35085786495843.24,27969087300801.08,7116699195042.16
2024-08-07,35094756345920.31,27969804303787.95,7124952042132.36
2024-08-08,35123327978028.47,27992303945196.96,7131024032831.51
2024-08-09,35122527132406.43,27991430891417.81,7131096240988.62
2024-08-12,35126850161739.27,27992486779604.18,7134363382135.09
2024-08-13,35160349582384.67,28017164049453.46,7143185532931.21
2024-08-14,35137624661984.40,28017226473416.87,7120398188567.53
2024-08-15,35169163778240.35,28032945816619.67,7136217961620.68
2024-08-16,35167228191213.46,28030070022009.33,7137158169204.13
2024-08-19,35178034113238.07,28030148229238.57,7147885883999.50
2024-08-20,35215900370093.07,28055639080735.21,7160261289357.86
2024-08-21,35193999279273.78,28056284385951.98,7137714893321.80
2024-08-22,35210350799546.12,28067310011637.03,7143040787909.09
2024-08-23,35213967100485.15,28067340611051.07,7146626489434.08
2024-08-26,35225184901185.83,28066894450384.91,7158290450800.92
2024-08-27,35289492003154.99,28122457986740.07,7167034016414.92
2024-08-28,35269696270863.86,28122421845095.35,7147274425768.51
2024-08-29,35279776145434.29,28132284797344.23,7147491348090.06
2024-08-30,35256056842790.06,28168005045836.45,7088051796953.61
2024-09-03,35319686640609.98,28252444995767.33,7067241644842.65
2024-09-04,35343824738015.02,28254186047367.95,7089638690647.07
2024-09-05,35345572154736.15,28258350864244.38,7087221290491.77
2024-09-06,35343086505566.21,28253281258134.21,7089805247432.00
2024-09-09,35346632271646.61,28253299707543.31,7093332564103.30
2024-09-10,35331161690593.41,28232619428904.84,7098542261688.57
2024-09-11,35309184612870.00,28232460501393.03,7076724111476.97
2024-09-12,35273879754917.38,28193985562400.05,7079894192517.33
2024-09-13,35268781589361.92,28188906439845.65,7079875149516.27
2024-09-16,35346469569597.74,28245785759097.01,7100683810500.73
2024-09-17,35350842310771.10,28227359906344.68,7123482404426.42
2024-09-18,35331269621113.08,28228475054525.36,7102794566587.72
2024-09-19,35327646622839.45,28220680267543.24,7106966355296.21
2024-09-20,35319710736132.06,28214574834140.68,7105135901991.38
2024-09-23,35324636379347.22,28215447150317.52,7109189229029.70
2024-09-24,35324325476368.35,28195893512737.15,7128431963631.20
2024-09-25,35303965164452.88,28194235452983.90,7109729711468.98
2024-09-26,35296367284952.26,28182178946545.80,7114188338406.46
2024-09-27,35321337344400.43,28208786657768.96,7112550686631.47
2024-09-30,35464673929171.69,28307312290783.00,7157361638388.69
2024-10-01,35668947367182.09,28312629054720.67,7356318312461.42
2024-10-02,35677760608035.45,28313722594978.62,7364038013056.83
2024-10-03,35677796842519.70,28322639420813.57,7355157421706.13
2024-10-04,35680514816032.92,28323365082799.83,7357149733233.09
2024-10-07,35682617798771.80,28321844291432.89,7360773507338.91
2024-10-08,35717705665132.67,28341720350763.38,7375985314369.29
2024-10-09,35693841261552.04,28341479458057.01,7352361803495.03
2024-10-10,35680634083932.18,28353945611403.78,7326688472528.40
2024-10-11,35707319682513.26,28351123484517.83,7356196197995.43
2024-10-15,35751271808625.45,28383518035772.03,7367753772853.42
2024-10-16,35743513547464.87,28386150164608.48,7357363382856.39
2024-10-17,35769084471524.38,28404121037347.13,7364963434177.25
2024-10-18,35769732147503.35,28403747282300.49,7365984865202.86
2024-10-21,35772750214886.62,28403842285305.15,7368907929581.47
2024-10-22,35802822173836.96,28423306636632.38,7379515537204.58
2024-10-23,35777371535343.63,28422500201162.20,7354871334181.43
2024-10-24,35809157751119.80,28452334402813.93,7356823348305.87
2024-10-25,35815392559823.53,28451878560753.69,7363513999069.84
2024-10-28,35817406407906.45,28449760812902.59,7367645595003.86
2024-10-29,35848521510437.02,28469426993796.14,7379094516640.88
2024-10-30,35847012590067.17,28470182494958.74,7376830095108.43
2024-10-31,35951601173936.02,28572149038424.26,7379452135511.76
2024-11-01,35866603223541.48,28567525956804.76,7299077266736.72
2024-11-04,35884401015854.36,28566347626909.66,7318053388944.70
2024-11-05,35911107598198.18,28582003195921.21,7329104402276.97
2024-11-06,35912058541218.85,28582117963923.50,7329940577295.35
2024-11-07,35943554220297.64,28607118813413.31,7336435406884.33
2024-11-08,35945396362475.20,28606361080480.36,7339035281994.84
2024-11-12,35963765584299.24,28620032996715.49,7343732587583.75
2024-11-13,35950262427779.69,28617935465098.64,7332326962681.05
2024-11-14,35965533024604.05,28632426082432.23,7333106942171.82
2024-11-15,35959176987940.11,28621283646779.39,7337893341160.72
2024-11-18,35963976342723.91,28620973630175.80,7343002712548.11
2024-11-19,35992291043718.85,28634183281951.62,7358107761767.23
2024-11-20,35973905978114.70,28634759575097.22,7339146403017.48
2024-11-21,36034994586981.97,28688857681958.64,7346136905023.33
2024-11-22,36047523137936.35,28689193665601.50,7358329472334.85
2024-11-25,36052650894794.76,28689638049359.94,7363012845434.82
2024-11-26,36113570535802.53,28736542181892.50,7377028353910.03
2024-11-27,36090597225804.43,28735907867644.94,7354689358159.49
2024-11-29,36087362960612.00,28791207744535.64,7296155216076.36
2024-12-02,36171181955284.36,28878760944937.34,7292421010347.02
2024-12-03,36169413863866.88,28883514581503.88,7285899282363.00
2024-12-04,36170511547438.85,28882393374551.42,7288118172887.43
2024-12-05,36167364938108.44,28877400152221.15,7289964785887.29
2024-12-06,36166037570457.33,28874999106506.03,7291038463951.30
2024-12-09,36172195279062.94,28874168830835.46,7298026448227.48
2024-12-10,36163442396226.61,28858224127746.27,7305218268480.34
2024-12-11,36132520515276.53,28849932499916.86,7282588015359.67
2024-12-12,36133463898632.02,28846561718955.86,7286902179676.16
2024-12-13,36134075633938.69,28846613864721.94,7287461769216.75
2024-12-16,36192895704983.65,28901403659573.18,7291492045410.47
2024-12-17,36189345826140.62,28876690689081.36,7312655137059.26
2024-12-18,36167604149955.61,28875451168038.78,7292152981916.83
2024-12-19,36167124467492.90,28870054568670.25,7297069898822.65
2024-12-20,36161621015445.57,28864783375019.35,7296837640426.22
2024-12-23,36190276558466.62,28865105876886.59,7325170681580.03
2024-12-24,36146819184367.10,28839543803673.77,7307275380693.33
2024-12-26,36112807709307.61,28794989291882.50,7317818417425.11
2024-12-27,36144183375647.43,28822584881480.95,7321598494166.48
2024-12-30,36150157230460.04,28821350185471.75,7328807044988.29
2024-12-31,36218605311689.91,28836996111881.81,7381609199808.10
2025-01-02,36169957618760.21,28831964741779.76,7337992876980.45
2025-01-03,36164146727045.82,28831651555267.15,7332495171778.67
2025-01-06,36171792705159.98,28832259211211.08,7339533493948.90
2025-01-07,36178676019215.59,28826479434779.86,7352196584435.73
2025-01-08,36153745342266.30,28824060020226.11,7329685322040.19
2025-01-09,36166393613679.73,28832160356396.23,7334233257283.50
2025-01-10,36169520000045.49,28832716210040.45,7336803790005.04
2025-01-13,36173455107711.11,28832556245721.97,7340898861989.14
2025-01-14,36200906538154.24,28850228995216.85,7350677542937.39
2025-01-15,36174170135464.01,28832351544946.26,7341818590517.75
2025-01-16,36197510998407.58,28846012162618.21,7351498835789.37
2025-01-17,36206593315575.15,28845583131561.83,7361010184013.32
2025-01-21,36218258403326.35,28863463959281.89,7354794444044.46
2025-01-22,36217491332226.53,28863025857989.46,7354465474237.07
2025-01-23,36222002723844.24,28880821900250.34,7341180823593.90
2025-01-24,36221228533802.26,28881218302457.27,7340010231344.99
2025-01-27,36218906298311.33,28862375452519.97,7356530845791.36
2025-01-28,36219937278825.22,28851969423506.15,7367967855319.07
2025-01-29,36219161589293.08,28852559462378.04,7366602126915.04
2025-01-30,36221443082611.85,28850151178663.95,7371291903947.90
2025-01-31,36220206738047.96,28911508658693.08,7308698079354.88
2025-02-03,36217878252518.89,28923985500400.02,7293892752118.87
2025-02-04,36218901460828.96,28897398320943.43,7321503139885.53
2025-02-05,36218123595894.41,28895705607248.80,7322417988645.61
2025-02-06,36220361045794.81,28892938412549.80,7327422633245.01
2025-02-07,36219581958530.58,28891246579142.97,7328335379387.61
2025-02-10,36217244743854.40,28882844331495.71,7334400412358.69
2025-02-11,36218268281356.50,28873690527396.65,7344577753959.85
2025-02-12,36217487855772.08,28896394701632.10,7321093154139.98
2025-02-13,36219764087577.56,28896004938072.67,7323759149504.89
2025-02-14,36218983690427.99,28895337232003.27,7323646458424.72
2025-02-18,36219592701106.67,28876078679117.80,7343514021988.87
2025-02-19,36218812100137.31,28878510874731.94,7340301225405.37
2025-02-20,36222989450273.97,28869749063206.15,7353240387067.82
2025-02-21,36222211606919.46,28862508705242.94,7359702901676.52
2025-02-24,36219878534361.59,28846869977339.96,7373008557021.63
2025-02-25,36220749649855.42,28837112928950.54,7383636720904.88
2025-02-26,36219980655775.79,28855309766407.65,7364670889368.14
2025-02-27,36221949836006.93,28855106718012.13,7366843117994.80
2025-02-28,36218923369370.10,28914410587820.34,7304512781549.76
2025-03-03,36216627186278.78,28930823432033.66,7285803754245.12
2025-03-04,36217457726432.81,28906019720336.11,7311438006096.70
2025-03-05,36216695558849.86,28904524826408.57,7312170732441.29
2025-03-06,36218587006168.51,28910964000416.83,7307623005751.68
2025-03-07,36217824184013.37,28909913656084.00,7307910527929.37
2025-03-10,36215535706949.98,28903192097197.00,7312343609752.98
2025-03-11,36216346495438.75,28890925430619.29,7325421064819.46
2025-03-12,36215588741627.31,28912908316119.90,7302680425507.41
2025-03-13,36217410341236.57,28910212445754.95,7307197895481.62
2025-03-14,36216656361372.88,28937109052409.72,7279547308963.16
2025-03-17,36214394370510.05,28928035225282.57,7286359145227.48
2025-03-18,36215212669334.38,28908695063079.12,7306517606255.26
2025-03-19,36214467819348.16,28931615276590.47,7282852542757.69
2025-03-20,36218222045186.34,28931004380785.40,7287217664400.94
2025-03-21,36217481307084.84,28927403024844.31,7290078282240.53
2025-03-24,36215258907037.79,28924757833909.66,7290501073128.13
2025-03-25,36216093287593.75,28900194597054.75,7315898690539.00
2025-03-26,36215356534171.37,28922608710230.04,7292747823941.33
2025-03-27,36217204329840.19,28921459406910.63,7295744922929.56
2025-03-28,36216470672037.87,28918637682348.73,7297832989689.14
2025-03-31,36214310420174.13,28909508850275.58,7304801569898.55
2025-04-01,36215156673113.80,28945058837872.08,7270097835241.72
2025-04-02,36214426211363.76,28941616891545.06,7272809319818.70
2025-04-03,36216495027787.96,28960433646738.55,7256061381049.41
2025-04-04,36215761618891.11,28956155080112.68,7259606538778.43
2025-04-07,36213561491981.13,28947771026214.14,7265790465766.99
2025-04-08,36214508751190.01,28936031572664.84,7278477178525.17
2025-04-09,36213771222289.59,28958991840990.14,7254779381299.45
2025-04-10,36215701317831.94,28952824025915.61,7262877291916.33
2025-04-11,36214966389282.11,28952083890117.20,7262882499164.91
2025-04-14,36212761633585.77,28942462559586.95,7270299073998.82
2025-04-15,36214325271235.26,28904113909824.41,7310211361410.85
2025-04-16,36213590712228.65,28917184309983.82,7296406402244.83
2025-04-17,36217480035223.27,28913508876197.06,7303971159026.21
2025-04-18,36216754420662.27,28904329571387.04,7312424849275.23
2025-04-21,36214577610342.96,28897595263583.41,7316982346759.55
2025-04-22,36215469660763.20,28885292677312.48,7330176983450.72
2025-04-23,36214749867321.42,28901934804636.80,7312815062684.62
2025-04-24,36216691721516.53,28886899281587.33,7329792439929.20
2025-04-25,36215973825751.09,28886705983824.00,7329267841927.09
2025-04-28,36213820164200.18,28880205893953.10,7333614270247.08
2025-04-29,36214714517960.73,28870044615160.41,7344669902800.32
2025-04-30,36213557195810.65,28852660949319.21,7360896246491.44
2025-05-01,36215576799286.87,28910031708449.29,7305545090837.58
2025-05-02,36214860183509.71,28913077198269.89,7301782985239.82
2025-05-05,36212710389147.45,28900702282928.55,7312008106218.90
2025-05-06,36213602874250.21,28888855819827.73,7324747054422.48
2025-05-07,36212886111158.26,28885833651968.10,7327052459190.16
2025-05-08,36214896100379.00,28879495109710.33,7335400990668.67
2025-05-09,36214181120572.57,28879730647251.10,7334450473321.47
2025-05-12,36212036164590.27,28873314691669.41,7338721472920.86
2025-05-13,36212978908050.01,28858866133930.92,7354112774119.09
2025-05-14,36212261421742.89,28883690101680.60,7328571320062.29
2025-05-15,36216429412019.81,28880432375776.61,7335997036243.20
2025-05-16,36215714628553.09,28877878941841.26,7337835686711.83
2025-05-19,36213570763720.98,28867568836311.34,7346001927409.64
2025-05-20,36214475432210.84,28855901031670.00,7358574400540.84
2025-05-21,36213761221110.82,28877912012097.42,7335849209013.40
2025-05-22,36215801485838.54,28875495146667.02,7340306339171.52
2025-05-23,36215088402345.87,28863100025246.62,7351988377099.25
2025-05-27,36213853751952.05,28856796025402.94,7357057726549.11
2025-05-28,36213141126266.06,28867570378120.42,7345570748145.64
2025-05-29,36215176317298.42,28871680706822.26,7343495610476.16
2025-05-30,36215818399936.85,28952461153000.13,7263357246936.72
2025-06-02,36214400664854.53,28956814642277.72,7257586022576.81
2025-06-03,36215207426690.65,28964890579889.10,7250316846801.55
2025-06-04,36214501400213.64,28953597578775.68,7260903821437.96
2025-06-05,36216389414480.21,28949058827202.60,7267330587277.61
2025-06-06,36215685263667.36,28947314928888.42,7268370334778.94
2025-06-09,36213572785415.03,28937734806745.08,7275837978669.95
2025-06-10,36214280590105.74,28925282868405.29,7288997721700.45
2025-06-11,36213581723797.07,28947461766728.03,7266119957069.04
2025-06-12,36217452092903.81,28944696357421.28,7272755735482.53
2025-06-13,36216756516461.68,28943677590027.96,7273078926433.72
2025-06-16,36214669844058.55,28907522231455.10,7307147612603.45
2025-06-17,36215397741847.76,28884822109662.55,7330575632185.21
2025-06-18,36214707136233.83,28905136181836.44,7309570954397.39
2025-06-20,36215873428835.86,28900785723043.42,7315087705792.44
2025-06-23,36213808426999.56,28890044591558.48,7323763835441.08
2025-06-24,36214553337753.25,28860859190127.59,7353694147625.66
2025-06-25,36213869568117.00,28888758862953.29,7325110705163.71
2025-06-26,36215806064740.36,28887012425608.74,7328793639131.62
2025-06-27,36215124313382.16,28886926501740.70,7328197811641.46
2025-06-30,36211469351821.31,28953496505343.54,7257972846477.77
2025-07-01,36214482241911.14,29015375786023.67,7199106455887.47
2025-07-02,36213797741182.40,29010089016490.07,7203708724692.33
2025-07-03,36215869297299.75,29030139887675.69,7185729409624.06
2025-07-07,36582313190019.76,29217069454544.59,7365243735475.17
2025-07-08,36625815401249.79,29246985005461.02,7378830395788.77
2025-07-09,36600645372974.92,29245895802163.13,7354749570811.79
2025-07-10,36595101611079.13,29237384936665.31,7357716674413.82
2025-07-11,36595800737387.36,29236040429582.10,7359760307805.26
2025-07-14,36598345542154.94,29235163076403.79,7363182465751.15
2025-07-15,36651611116545.83,29278468201107.89,7373142915437.94
2025-07-16,36627854976862.70,29279025456139.46,7348829520723.24
2025-07-17,36655280579113.61,29296842992143.18,7358437586970.43
2025-07-18,36653918652499.85,29296992044459.47,7356926608040.38
2025-07-21,36661693720250.59,29297584848407.38,7364108871843.21
2025-07-22,36711532407363.75,29332747751071.01,7378784656292.74
2025-07-23,36686937742311.50,29332905580399.32,7354032161912.18
2025-07-24,36721531033602.97,29361169407599.91,7360361626003.06
2025-07-25,36732899946782.52,29361462754830.93,7371437191951.59
2025-07-28,36734926076305.30,29361632076260.01,7373294000045.29
2025-07-29,36803837518918.21,29423243369055.06,7380594149863.15
2025-07-30,36802240561898.39,29422821531852.86,7379419030045.53
2025-07-31,36916987311998.03,29531340715980.52,7385646596017.51
2025-08-01,36826902934749.25,29522548953929.98,7304353980819.27
2025-08-04,36828164797914.31,29523300148538.85,7314864649375.46
2025-08-05,36930452345865.16,29601407493123.21,7329044852741.95
2025-08-06,36950459859111.56,29601946000343.28,7348513858768.28
2025-08-07,36996205967149.22,29642704925910.30,7353501041238.92
2025-08-08,36998491853555.08,29642973771492.29,7355518082062.79
2025-08-11,37004817625842.56,29643534539743.71,7361283086098.85
2025-08-12,37070422809316.32,29698694854602.48,7371727954713.84
2025-08-13,37045338077527.04,29698492660209.76,7346845417317.28
2025-08-14,37089430594354.58,29741150322937.10,7348280271417.48
2025-08-15,37137282641767.74,29771410762345.73,7365871879422.01
2025-08-18,37144076750410.16,29771882958785.37,7372193791624.79
2025-08-19,37208856314804.55,29818545456535.64,7390310858268.91
2025-08-20,37180190981823.32,29814986079837.20,7365204901986.12
2025-08-21,37232288662023.91,29860626144050.13,7371662517973.78
2025-08-22,37234066149278.96,29858032327748.39,7376033821530.57
2025-08-25,37254222904720.97,29858744380962.86,7395478523758.11
2025-08-26,37204886498253.39,29905784737041.34,7299101761212.05
2025-08-27,37283968901443.54,29904188921878.34,7379779979565.20
2025-08-28,37310153970210.76,29931514784077.08,7378639186133.68
2025-08-29,37274265917907.03,29968531307467.56,7305734610439.47
2025-09-02,37413538427516.19,30105889987086.45,7307648440429.74
2025-09-03,37412679963880.17,30106522172043.14,7306157791837.03
2025-09-04,37430128115822.76,30121675356508.43,7308452759314.33
2025-09-05,37433588261516.55,30121223541151.12,7312364720365.43
2025-09-08,37440609216979.63,30121188716571.55,7319420500408.08
2025-09-09,37473887187237.77,30141157463769.15,7332729723468.62
2025-09-10,37450743855028.23,30141501721759.29,7309242133268.94
2025-09-11,37470833295098.68,30156524547639.58,7314308747459.10
2025-09-12,37461799057660.24,30156635899566.90,7305163158093.34
2025-09-15,37533982585305.57,30235402349560.97,7298580235744.60
2025-09-16,37502758153725.95,30185858953772.60,7316899199953.35
2025-09-17,37492636705736.22,30185927497582.21,7306709208154.01
2025-09-18,37509824280685.29,30200452994946.00,7309371285739.29
2025-09-19,37505753023219.84,30197443850677.82,7308309172542.02
2025-09-22,37511743906522.52,30198287082014.00,7313456824508.52
2025-09-23,37469695592279.39,30143073922487.06,7326621669792.33
2025-09-24,37454537246248.71,30144752790618.94,7309784455629.77
2025-09-25,37467893078454.54,30155538367056.52,7312354711398.02
2025-09-26,37499704495767.33,30184180191221.72,7315524304545.61
2025-09-29,37506453566221.20,30183798697434.94,7322654868786.26
2025-09-30,37637553494935.61,30277766440770.58,7359787054165.03
2025-10-01,37864059502725.70,30275547632000.40,7588511870725.30
2025-10-02,37881842797107.39,30285435150302.49,7596407646804.90
2025-10-03,37852655815448.95,30283066232826.22,7569589582622.73
2025-10-06,37863241283552.57,30284583976614.40,7578657306938.17
2025-10-07,37889756572760.44,30302393668027.57,7587362904732.87
2025-10-08,37863837866592.00,30300449106850.14,7563388759741.86
2025-10-09,37883930412462.39,30315050520795.47,7568879891666.92
2025-10-10,37885436585424.63,30315775357225.49,7569661228199.14
2025-10-14,37918956045703.85,30344240501849.17,7574715543854.68
2025-10-15,37942635331189.62,30383102547724.69,7559532783464.93
2025-10-16,37966553856331.42,30406659067650.88,7559894788680.54
2025-10-17,37977305836407.32,30407496862775.24,7569808973632.08
2025-10-20,37980273670431.33,30407775576424.92,7572498094006.41
2025-10-21,38019813354700.26,30437767080384.89,7582046274315.37
2025-10-22,37990672926605.56,30439169276342.86,7551503650262.70
2025-10-23,38008137064951.61,30462505791396.93,7545631273554.68
2025-10-24,38009025959457.40,30462318457750.69,7546707501706.71
2025-10-27,38042191742752.61,30463894199662.03,7578297543090.58
2025-10-28,38076934220531.56,30490669166603.18,7586265053928.38
2025-10-29,38078544144158.23,30490067642291.03,7588476501867.20
2025-10-30,38108930250279.00,30516171709909.29,7592758540369.71
2025-10-31,38040093786521.02,30570708483009.12,7469385303511.90
2025-11-03,38004366480104.18,30567833810363.02,7436532669741.16
2025-11-04,38047239753103.02,30588445700448.40,7458794052654.62
2025-11-05,38091526352867.96,30589653976794.86,7501872376073.10
2025-11-06,38118268221748.03,30610666797441.52,7507601424306.51
2025-11-07,38117224885993.65,30611508844516.16,7505716041477.49
2025-11-10,38125731687631.03,30613346931589.27,7512384756041.76
2025-11-12,38121217149187.64,30629115020089.01,7492102129098.63
2025-11-13,38150716416656.92,30653919436694.72,7496796979962.20
2025-11-14,38153732193790.00,30654607353084.03,7499124840705.97
2025-11-17,38181184806486.51,30675159827981.92,7506024978504.59
2025-11-18,38265355580035.02,30690574250262.63,7574781329772.39
2025-11-19,38299373085978.18,30687812251917.30,7611560834060.88
2025-11-20,38326967559564.53,30707975239396.64,7618992320167.89
2025-11-21,38333530047031.29,30706639126551.86,7626890920479.43
2025-11-24,38336291718985.39,30706241277353.57,7630050441631.82
2025-11-25,38360841844745.79,30722912264691.05,7637929580054.74
2025-11-26,38335267983846.11,30720877603388.67,7614390380457.44
2025-11-28,38396211497613.65,30774117238206.31,7622094259407.34
2025-12-01,38425673178874.63,30853068463300.35,7572604715574.28
2025-12-02,38423764679404.02,30843863156002.45,7579901523401.57
2025-12-03,38403532042006.28,30843637085897.30,7559894956108.98
2025-12-04,38389369875885.10,30824381406045.22,7564988469839.88
2025-12-05,38390532833611.70,30822518818972.69,7568014014639.01
2025-12-08,38395956139411.28,30822913626328.95,7573042513082.33
2025-12-09,38377110471869.66,30793663184220.67,7583447287648.99
2025-12-10,38352200418068.14,30793542262019.16,7558658156048.98
2025-12-11,38349795034550.24,30787372595984.82,7562422438565.42
2025-12-12,38339541810902.33,30774528464721.58,7565013346180.75
2025-12-15,38419380255240.59,30852855298143.76,7566524957096.83
2025-12-16,38396179577012.10,30816834775843.42,7579344801168.68
2025-12-17,38378996619785.02,30816952898858.15,7562043720926.87
2025-12-18,38375371484790.79,30807754246644.19,7567617238146.60
2025-12-19,38372869364189.14,30804983565149.29,7567885799039.85
2025-12-22,38378413234316.13,30804343347355.44,7574069886960.69
2025-12-23,38375349596930.58,30765540678107.58,7609808918823.00
2025-12-24,38352846701813.17,30767152990652.20,7585693711160.97
2025-12-26,38380536147996.03,30789162165471.37,7591373982524.66
2025-12-29,38386384190622.68,30788927240091.41,7597456950531.27
2025-12-30,38372153717621.09,30758836564019.29,7613317153601.80
2025-12-31,38514009184232.72,30846716536213.26,7667292648019.46
2026-01-02,38422818570606.72,30830898741274.12,7591919829332.60
2026-01-05,38441088237227.94,30829627778734.90,7611460458493.04
2026-01-06,38430410089259.84,30809021616341.38,7621388472918.46
2026-01-07,38432287507801.52,30810025746721.36,7622261761080.16
2026-01-08,38432587259757.29,30806172192100.19,7626415067657.10
2026-01-09,38433330126292.37,30803872985803.55,7629457140488.82
2026-01-12,38437700892419.68,30802877100962.48,7634823791457.20
2026-01-13,38433852753680.03,30786665721842.47,7647187031837.56
2026-01-14,38396062667874.39,30787151283904.07,7608911383970.32
2026-01-15,38453108492348.67,30811929736380.71,7641178755967.96
2026-01-16,38460239071716.76,30811997567291.18,7648241504425.58
2026-01-20,38484705102395.33,30824259874597.25,7660445227798.08
2026-01-21,38473375474319.00,30825455797755.52,7647919676563.48
2026-01-22,38490798138585.90,30841780130036.30,7649018008549.60
2026-01-23,38491020558407.85,30839033479994.45,7651987078413.40
2026-01-26,38513523578580.59,30839469782091.59,7674053796489.00
2026-01-27,38567114207655.70,30878428226102.52,7688685981553.18
2026-01-28,38542542471886.84,30876617956619.42,7665924515267.42
2026-01-29,38568501122811.36,30898303196814.87,7670197925996.49
2026-01-30,38521368112341.66,30919122670062.31,7602245442279.35
2026-02-02,38515650269880.94,30915426727781.28,7600223542099.66
2026-02-03,38564278020214.60,30957184531162.23,7607093489052.37
2026-02-04,38564513699490.46,30956315394310.42,7608198305180.04
2026-02-05,38587617094083.77,30974189194630.76,7613427899453.01
2026-02-06,38588547251497.72,30969650188685.63,7618897062812.09
2026-02-09,38593206197018.13,30969105519646.32,7624100677371.81
2026-02-10,38645729764967.98,31010830716181.61,7634899048786.37
2026-02-11,38620772876638.50,31009198594125.31,7611574282513.19
2026-02-12,38647755796057.39,31032365231612.70,7615390564444.69
2026-02-13,38647355475525.93,31031921227566.66,7615434247959.27
2026-02-17,38720327822350.87,31087884326300.86,7632443496050.01
2026-02-18,38717487211821.37,31088483280078.60,7629003931742.77
2026-02-19,38743577500254.48,31112549990945.54,7631027509308.94
2026-02-20,38749020004219.30,31113584300966.47,7635435703252.83
2026-02-23,38758072042435.60,31113461801511.79,7644610240923.81
2026-02-24,38787781432126.22,31129399758399.04,7658381673727.18
2026-02-25,38764882203837.59,31126463055912.55,7638419147925.04
2026-02-26,38789591923403.59,31149029033685.39,7640562889718.20
2026-02-27,38769805982273.81,31186965290815.89,7582840691457.92
2026-03-02,38824463573452.26,31244382920777.66,7580080652674.60
2026-03-03,38853352399880.18,31268820109081.36,7584532290798.82
2026-03-04,38857671304563.85,31271271922985.85,7586399381578.00
2026-03-05,38873529611754.22,31281694069404.27,7591835542349.95
2026-03-06,38869818249468.38,31280012029379.25,7589806220089.13
2026-03-09,38882801672400.64,31280623244306.89,7602178428093.75
2026-03-10,38918862057676.91,31298790579980.06,7620071477696.85
2026-03-11,38882422422396.88,31285946384224.81,7596476038172.07
2026-03-12,38900879040970.80,31300175076619.99,7600703964350.81
2026-03-13,38902637810572.47,31300165451609.92,7602472358962.55
2026-03-16,38992187847500.92,31381345411579.55,7610842435921.37
2026-03-17,39016762910245.14,31379706593178.71,7637056317066.43
2026-03-18,38976827976841.63,31364647874667.34,7612180102174.29
2026-03-19,39002265870014.23,31385414419029.53,7616851450984.70
2026-03-20,39002071364584.97,31384605282290.22,7617466082294.75
2026-03-23,39006945786204.79,31385566969958.40,7621378816246.39
2026-03-24,38999855700424.49,31362014213440.21,7637841486984.28
2026-03-25,38990599081861.70,31363230287736.49,7627368794125.21
2026-03-26,38990389667489.38,31361115540758.11,7629274126731.27
2026-03-27,39015632027421.67,31388492802178.27,7627139225243.40
2026-03-30,39023028185485.25,31385929126772.90,7637099058712.35
2026-03-31,39065421393640.82,31431182280136.26,7634239113504.56
2026-04-01,39016191534959.54,31431328591198.51,7584862943761.03
2026-04-02,39000264506637.00,31409363156320.44,7590901350316.56
2026-04-03,38981755126540.77,31409491869379.24,7572263257161.53
2026-04-06,38994100716395.00,31413833699845.38,7580267016549.62
2026-04-07,38969941867504.03,31371921154820.79,7598020712683.24
2026-04-08,38949925615242.17,31373299420088.83,7576626195153.34
2026-04-09,38942790613086.55,31364679558344.11,7578111054742.44
2026-04-10,38946541987812.28,31363210882603.11,7583331105209.17
2026-04-13,38954924765330.86,31364172953118.05,7590751812212.81
2026-04-14,38933404100463.29,31327076933755.06,7606327166708.23
2026-04-15,38988471242937.32,31374528030445.60,7613943212491.72
2026-04-16,38985997093766.37,31359379088304.58,7626618005461.79
2026-04-17,38979318629209.68,31344221423413.60,7635097205796.08
2026-04-20,38992782604302.01,31343959370344.72,7648823233957.29
2026-04-21,38979261041490.82,31317297210883.89,7661963830606.93
2026-04-22,38957839768374.44,31318022210274.80,7639817558099.64
2026-04-23,38935486920284.75,31289249969317.98,7646236950966.77
2026-04-24,38953670272769.58,31289224791422.95,7664445481346.63
2026-04-27,38960955558731.97,31289756388875.06,7671199169856.91
2026-04-28,38951791901141.80,31266604928934.45,7685186972207.35
2026-04-29,38952075248701.65,31264482575337.52,7687592673364.13
2026-04-30,38967833861543.11,31272489865435.88,7695343996107.23
2026-05-01,38882147615630.53,31271957838023.21,7610189777607.32
2026-05-04,38905034125404.78,31274803442683.56,7630230682721.22
2026-05-05,38910619550278.10,31261787439569.55,7648832110708.55
2026-05-06,38918837926582.90,31263383766000.16,7655454160582.74
2026-05-07,38931651718802.09,31262325604447.63,7669326114354.46
2026-05-08,38937475342585.80,31260345834577.53,7677129508008.27
2026-05-11,38946800561409.14,31262108319021.06,7684692242388.08
2026-05-12,38968295059805.35,31268302404373.30,7699992655432.05
2026-05-13,38942623681847.68,31269241615132.64,7673382066715.04
2026-05-14,38954466670318.20,31277752122232.96,7676714548085.24
2026-05-15,38997244508055.09,31315583263208.62,7681661244846.47
2026-05-18,39008999901378.68,31317917051386.19,7691082849992.49
2026-05-19,39070752626994.13,31359065157830.45,7711687469163.68
2026-05-20,39049639932662.87,31358949739922.20,7690690192740.67
2026-05-21,39071200457366.45,31374788661132.13,7696411796234.32
2026-05-22,39112192265187.75,31400817772622.92,7711374492564.83
2026-05-26,39171154946667.59,31447423137771.69,7723731808895.90
2026-05-27,39163302863182.10,31450452898651.64,7712849964530.46
2026-05-28,39176301795549.40,31466045143781.76,7710256651767.64
2026-05-29,39207759598302.62,31515369798622.98,7692389799679.64
2026-06-01,39195502287422.08,31581373375160.92,7614128912261.16
2026-06-02,39221984586285.30,31597886394124.88,7624098192160.42
2026-06-03,39204974715248.65,31599703500408.55,7605271214840.10
2026-06-04,39232150577283.87,31610718934247.54,7621431643036.33
2026-06-05,39219582387346.71,31597881328951.17,7621701058395.54
2026-06-08,39230385715009.09,31600133143674.75,7630252571334.34
2026-06-09,39241722848798.66,31595464942057.47,7646257906741.19
2026-06-10,39213266279741.16,31592369611735.25,7620896668005.91
2026-06-11,39220785117318.68,31594717601039.83,7626067516278.85
2026-06-12,39209984063577.76,31582353473994.95,7627630589582.81
2026-06-15,39293074039354.64,31662560557978.68,7630513481375.96
2026-06-16,39289865167568.98,31642663562697.08,7647201604871.90
2026-06-17,39283052266270.91,31643344541986.99,7639707724283.92
2026-06-18,39305293944733.24,31613484231007.52,7691809713725.72
2026-06-22,39323731819938.67,31625610531064.27,7698121288874.40
2026-06-23,39320607875889.32,31606133955273.55,7714473920615.77
2026-06-24,39320508743100.40,31606937181849.92,7713571561250.48
2026-06-25,39311022730162.44,31594497290975.03,7716525439187.41
2026-06-26,39337503706976.53,31620872393262.40,7716631313714.13
2026-06-29,39345340787969.72,31621329805348.19,7724010982621.53
2026-06-30,39462398380774.37,31681308373695.03,7781090007079.34
2026-07-01,39389304788902.60,31677634703147.37,7711670085755.23
2026-07-02,39375254020492.22,31678903447798.93,7696350572693.29
2026-07-03,39375989952866.26,31676896645959.71,7699093306906.55
2026-07-06,39387881222485.61,31680155395885.35,7707725826600.26
2026-07-07,39414977491738.78,31696800244689.86,7718177247048.92
2026-07-08,39394977645639.05,31695882336712.26,7699095308926.79
2026-07-09,39414179016130.09,31709399350223.40,7704779665906.69
2026-07-10,39412981341965.62,31707316963764.64,7705664378200.98
2026-07-13,39417905469064.21,31707770448042.27,7710135021021.94
2026-07-14,39470152218599.01,31751114853068.90,7719037365530.11
2026-07-15,39488616467668.43,31793476990367.91,7695139477300.52
2026-07-16,39518859758919.12,31818450437358.76,7700409321560.36
2026-07-17,39581848442144.38,31816915417245.04,7764933024899.34
2026-07-20,39588242618845.71,31817640840048.45,7770601778797.26
2026-07-21,39660369665133.47,31874795478548.56,7785574186584.91
2026-07-22,39635799057233.84,31874681300216.33,7761117757017.51
2026-07-23,39676938407949.77,31911919221141.67,7765019186808.10
2026-07-24,39692374867364.99,31922906015670.09,7769468851694.90
2026-07-27,39713964053447.11,31923702843165.38,7790261210281.73
2026-07-28,39797152899275.21,31995278756120.16,7801874143155.05
2026-07-29,39799618642771.12,31994676087491.92,7804942555279.20
2026-07-30,39841114561022.68,32035731397438.63,7805383163584.05
2026-07-31,39771617162466.97,32045863694464.30,7725753468002.67
2026-08-03,39739223157130.73,32038115995948.67,7701107161182.06
2026-08-04,39828435390891.55,32100703256953.12,7727732133938.43
2026-08-05,39829652708623.61,32101179235743.02,7728473472880.59
2026-08-06,39890263441627.83,32148910864804.21,7741352576823.62
2026-08-07,39885247772395.56,32144621002644.97,7740626769750.59
2026-08-10,39891773994021.93,32143066242802.75,7748707751219.18
2026-08-11,39941929832070.77,32182460756111.37,7759469075959.40
2026-08-12,39913529319464.71,32180112234304.32,7733417085160.39
2026-08-13,39934816207844.37,32200971487306.14,7733844720538.23
2026-08-14,39933634466112.78,32200393497585.51,7733240968527.27
2026-08-17,39986657878071.92,32227199001687.30,7759458876384.62
2026-08-18,40047425768420.22,32265798542898.08,7781627225522.14
2026-08-19,40012700535679.44,32263508863255.09,7749191672424.35
2026-08-20,40033256786764.37,32278964736853.40,7754292049910.97
2026-08-21,40032876505819.31,32276141923440.99,7756734582378.32
2026-08-24,40035385103646.14,32274806592449.50,7760578511196.64
2026-08-25,40098864155027.57,32307785364850.31,7791078790177.26
2026-08-26,40069751423220.72,32305769839476.37,7763981583744.35
2026-08-27,40077529831942.94,32313802811901.63,7763727020041.31
2026-08-28,40104097482666.58,32340688588401.83,7763408894264.75
2026-08-31,40175641071634.14,32414988847175.22,7760652224458.92
2026-09-01,40112464593206.30,32420529452197.11,7691935141009.19
2026-09-02,40117045127072.57,32421027120428.18,7696018006644.39
2026-09-03,40102964278586.10,32423635247198.78,7679329031387.32
2026-09-04,40094590636301.70,32410785543623.23,7683805092678.47
2026-09-08,40084090785446.35,32387921094746.81,7696169690699.54
2026-09-09,40074284925786.50,32388611390871.80,7685673534914.70
2026-09-10,40047726949770.15,32363418108364.11,7684308841406.04
2026-09-11,40046178322792.78,32357573654300.31,7688604668492.47
2026-09-14,40054421967786.91,32358452350574.73,7695969617212.18
2026-09-15,40114445691166.84,32406391951586.01,7708053739580.83
2026-09-16,40094080427790.97,32406353922774.30,7687726505016.67
2026-09-17,40093343468150.50,32392786557372.46,7700556910778.04
